control_id,control_name,baseline,implementation_status,inheritance,provider_if_inherited,responsible_role,implementation_statement,evidence,csf2_subcategories,regulatory_driver
AC-1,Policy and Procedures,Moderate,Partially implemented,System-specific,,Information Security Officer,Access control policy POL-02 (2024) was re-approved by the Board Risk Committee on 2026-09-15 (P06). Procedures exist for the payments hub and online banking admin console; the core role-template procedure is due 2027-03-31 (gap 4).,POL-02; access procedures,GV.PO-01; GV.OC-03; GV.PO-02,N52-R02 (III.C.1.a)
AC-2,Account Management,Moderate,Partially implemented,Hybrid,Identity provider; core processor; digital banking provider,Chief Information Officer,"Workforce accounts are created from HR tickets and federated through the identity provider to the payments hub, the admin console, and the cloud accounts. Core accounts are created by the core security administrators in the core security module. Managers review payments hub and admin console access quarterly. Gaps: core entitlements are not tied to role templates (26% of sampled teller and universal banker users exceed their role, gap 4; R-006); transfers do not trigger removal of prior core roles (R-040).",HR tickets; IdP export; core user and role export; quarterly review records (Q1 and Q2 2026),PR.AA-01; PR.AA-05; PR.DS-10,N52-R02 (III.C.1.a)
AC-2(1),Automated System Account Management,Moderate,Partially implemented,Hybrid,Identity provider,Chief Information Officer,"Joiner and leaver events flow automatically from the HR system to the identity provider, which disables federated access at termination. The core and the correspondent portal vendor accounts are not connected to this automation.",Provisioning connector configuration; termination sample,PR.AA-01; PR.AA-05; PR.DS-10,N52-R02 (III.C.1.a)
AC-2(3),Disable Accounts,Moderate,Partially implemented,System-specific,,Chief Information Officer,Identity provider accounts inactive for 60 days are disabled automatically. Core accounts have no inactivity disable; a quarterly report is reviewed manually.,IdP policy; core inactive user report,PR.AA-01; PR.AA-05; PR.DS-10,N52-R02 (III.C.1.a)
AC-2(4),Automated Audit Actions,Moderate,Implemented,Hybrid,Identity provider; core processor,Information Security Officer,"Account creation, modification, enabling, disabling, and removal are logged in the identity provider and the core security module; identity provider events go to the SIEM.",IdP audit log; core security audit report,PR.AA-01; PR.AA-05; PR.DS-10,N52-R02 (III.C.1.f)
AC-3,Access Enforcement,Moderate,Implemented,Hybrid,Core processor; digital banking provider,Chief Information Officer,"Role-based access is enforced in the core (212 roles), the payments hub (wire entry, wire approval, template maintenance, correspondent operations, and administration roles), and the admin console (help desk, treasury, administrator). Business users receive entitlements set by the customer administrator within bank-set limits.",Role matrices; payments hub role export,PR.AA-05; PR.DS-10; PR.IR-01,N52-R02 (III.C.1.a)
AC-4,Information Flow Enforcement,Moderate,Implemented,System-specific,,Cloud Platform Manager,The production account accepts traffic only from the shared network hub. The payments workstations sit on an isolated segment that can reach only the Federal Reserve connection and the payments hub.,Network diagrams (P04); firewall and security group rules,PR.IR-01; ID.AM-03; PR.DS-10,N52-R02 (III.C.1.a)
AC-5,Separation of Duties,Moderate,Partially implemented,System-specific,,Director of Payments Operations,"Maker-checker is enforced for every outgoing wire, and beneficiary template maintenance is a separate role from wire approval. Gap: the 6 payments hub application administrators can change approval limits and callback settings without a second person (R-027).",Payments hub role matrix; configuration change log,PR.AA-05,N52-R02 (III.C.1.e)
AC-6,Least Privilege,Moderate,Partially implemented,System-specific,,Chief Information Officer,Standard users have no local administrator rights. Gaps: excess core entitlements (gap 4); 6 payments hub administrators hold full rights for routine support.,Endpoint policy; role exports,PR.AA-05,N52-R02 (III.C.1.a)
AC-6(1),Authorize Access to Security Functions,Moderate,Partially implemented,System-specific,,Information Security Officer,"Security functions in the identity provider and cloud accounts are limited to named security and cloud administrators. Core security administration is held by 5 IT staff, 2 of whom also process account maintenance.",Role exports,PR.AA-05,N52-R02 (III.C.1.e)
AC-6(2),Non-privileged Access for Nonsecurity Functions,Moderate,Partially implemented,System-specific,,Chief Information Officer,Directory and cloud administrators use separate privileged accounts through PAM. Core security administrators and payments hub administrators use their everyday accounts (gap 4; R-007).,PAM account list,PR.AA-05,N52-R02 (III.C.1.a)
AC-6(5),Privileged Accounts,Moderate,Partially implemented,System-specific,,Information Security Officer,"Privileged accounts for the directory and cloud are vaulted with just-in-time elevation. Not yet covered: core security administrators, payments hub and correspondent portal administrators (R-007).",PAM configuration; privileged account inventory,PR.AA-05,N52-R02 (III.C.1.a)
AC-6(9),Log Use of Privileged Functions,Moderate,Partially implemented,Hybrid,Cloud provider; identity provider,Information Security Officer,"Privileged use is logged for the directory, identity provider, and cloud accounts and sent to the SIEM. Payments hub and core administrator actions are logged but not sent to the SIEM (gap 7).",SIEM source list,PR.AA-05,N52-R02 (III.C.1.f)
AC-7,Unsuccessful Logon Attempts,Moderate,Implemented,Common/Inherited,Identity provider; digital banking provider,Chief Information Officer,The identity provider locks workforce accounts for 15 minutes after 10 failed attempts. The digital banking provider locks customer sign-ins after 5 failed attempts and requires an out-of-band reset.,IdP policy; provider settings,PR.AA-03,N52-R02 (III.C.1.a)
AC-11,Device Lock,Moderate,Implemented,System-specific,,Chief Information Officer,"Teller and payments workstations lock after 5 minutes idle; other endpoints after 10 minutes, enforced by device management.",Device management policy report,,N52-R02 (III.C.1.a)
AC-12,Session Termination,Moderate,Implemented,Common/Inherited,Digital banking provider; payments hub vendor,Chief Information Officer,"Customer online banking sessions end after 10 minutes idle; admin console, payments hub, and correspondent portal sessions after 15 minutes.",Provider and application settings,PR.AA-03,N52-R02 (III.C.1.a)
AC-17,Remote Access,Moderate,Implemented,System-specific,,Chief Information Officer,Remote access to bank systems is allowed only through the identity provider with MFA and a compliant bank-managed device. The payments workstations cannot be reached remotely.,Conditional access policy; firewall rules,PR.AA-05,N52-R02 (III.C.1.a)
AC-17(1),Monitoring and Control,Moderate,Implemented,System-specific,,Information Security Officer,Remote sessions are logged by the identity provider and the remote access gateway and monitored by the MSSP.,SIEM remote access report,PR.AA-05,N52-R02 (III.C.1.f)
AC-20,Use of External Systems,Moderate,Partially implemented,System-specific,,Information Security Officer,Personal devices may reach email only through a managed app with data controls. Vendor support staff connect to the payments hub from vendor systems through a standing vendor VPN (R-048).,Mobile app policy; vendor VPN list,ID.AM-02; ID.AM-04,N52-R02 (III.C.1.a)
AT-1,Policy and Procedures,Moderate,Implemented,System-specific,,HR Director,"Awareness and training requirements are in POL-05 (P06), re-approved 2026-09-15.",POL-05,GV.OC-03; GV.PO-01; GV.PO-02,N52-R02 (III.C.2)
AT-2,Literacy Training and Awareness,Moderate,Implemented,System-specific,,Information Security Officer,"Annual security awareness training for all staff, monthly phishing simulations (June 2026 click rate 5.9%), and monthly reminders.",Training roster; simulation reports,PR.AT-01,N52-R02 (III.C.2)
AT-2(3),Social Engineering and Mining,Moderate,Partially implemented,System-specific,,Information Security Officer,Training covers phishing and pretext calls. Gap: it does not cover requests to change customer contact information or voice impersonation of customers (R-028).,Training content,PR.AT-01,N52-R02 (III.C.2; III.C.1.a)
AT-3,Role-based Training,Moderate,Partially implemented,System-specific,,Director of Payments Operations,Wire room and treasury operations staff complete annual payment-fraud training. Branch and contact center staff who process contact-information changes have no role-based fraud training (gap 2).,Training roster by role,PR.AT-01; PR.AT-02,N52-R02 (III.C.2)
AU-1,Policy and Procedures,Moderate,Partially implemented,System-specific,,Information Security Officer,Logging requirements are in POL-03 statement 4.3; the logging and monitoring standard (STD-02) is due 2027-01-31 (gap 11).,POL-03; STD-02 draft,GV.OC-03; GV.PO-01; GV.PO-02,N52-R02 (III.C.1.f)
AU-2,Event Logging,Moderate,Partially implemented,Hybrid,Core processor; digital banking provider; cloud provider,Information Security Officer,"Logged events are defined for the identity provider, cloud accounts, endpoints, and firewalls. Payments hub and correspondent portal event types are not defined for security review (gap 7).",Logging configuration; SIEM source list,PR.PS-04,N52-R02 (III.C.1.f)
AU-3,Content of Audit Records,Moderate,Implemented,Hybrid,Payments hub vendor,Information Security Officer,"Payments hub audit records include user, role, action, wire reference, amount, beneficiary, timestamp, and workstation.",Audit record sample,PR.PS-04,N52-R02 (III.C.1.f)
AU-6,"Audit Record Review, Analysis, and Reporting",Moderate,Partially implemented,Hybrid,MSSP,Information Security Officer,"The MSSP reviews SIEM alerts 24x7. Payments operations reviews a daily wire exception report. Gaps: no review or alerting on beneficiary, template, limit, or contact-information changes; core security reports are not reviewed monthly (gap 7; R-013).",MSSP monthly reports; daily exception report,DE.AE-02; DE.AE-03; PR.PS-04,N52-R02 (III.C.1.f)
AU-6(1),Automated Process Integration,Moderate,Partially implemented,Hybrid,MSSP,Information Security Officer,"Identity, endpoint, firewall, and cloud logs are correlated automatically in the SIEM. Payments hub and core logs are not integrated.",SIEM source list,PR.PS-04; DE.AE-02; DE.AE-03,N52-R02 (III.C.1.f)
AU-9,Protection of Audit Information,Moderate,Implemented,Hybrid,Cloud provider,Cloud Platform Manager,"Logs from all cloud accounts land in a write-once bucket in the security and log archive account, administered only by the security team.",Bucket retention policy,PR.DS-10,N52-R02 (III.C.1.f)
AU-11,Audit Record Retention,Moderate,Partially implemented,Hybrid,MSSP; cloud provider,Information Security Officer,SIEM keeps 1 year searchable; the log archive keeps 3 years. Payments hub logs stay in the application for 90 days (gap 7).,Retention settings,PR.PS-04,N52-R02 (III.C.1.f)
AU-12,Audit Record Generation,Moderate,Implemented,Hybrid,Payments hub vendor; core processor,Chief Information Officer,"The payments hub, admin console, core, identity provider, and cloud services generate audit records by default.",Provider logging documentation,PR.PS-04; DE.CM-01; DE.CM-03,N52-R02 (III.C.1.f)
CA-2,Control Assessments,Moderate,Implemented,System-specific,,Chief Audit Executive,"The co-sourced IT audit firm performs an annual independent assessment (P07, 2026-08-03 to 2026-08-21) and the annual penetration tests; results go to the Audit Committee.",P07 assessment plan; audit reports,ID.RA-01; ID.IM-01; ID.IM-02,N52-R02 (III.C.3)
CA-3,Information Exchange,Moderate,Partially implemented,System-specific,,Correspondent Services Director,"Interconnections with the core processor, the digital banking provider, and the Federal Reserve are covered by agreements. The respondent agreements (2019) set no security, availability, or incident notice terms (gap 12).",Agreements; respondent agreement template,ID.AM-03; PR.DS-01; PR.DS-02,N52-R02 (III.D.2)
CA-5,Plan of Action and Milestones,Moderate,Implemented,System-specific,,IT Risk and Compliance Manager,POA&M items are tracked in the GRC tool and reported to the Audit Committee each quarter (P07 poam.csv).,POA&M report,ID.IM-01; ID.IM-02; ID.IM-03,N52-R02 (III.C.3; III.F)
CA-7,Continuous Monitoring,Moderate,Partially implemented,System-specific,,IT Risk and Compliance Manager,Monthly key risk indicators are reported to the CRO. Continuous monitoring does not yet include payments hub configuration or third-party performance metrics.,KRI report,ID.RA-01; ID.RA-07; ID.IM-01,N52-R02 (III.E)
CA-8,Penetration Testing,Not in Moderate baseline (selected by tailoring),Implemented,System-specific,,Information Security Officer,"Selected by tailoring: annual external and internal penetration tests by an independent firm, including the payments hub and correspondent portal from the internet and from a branch network.",Penetration test reports (2026-03),ID.RA-01; ID.IM-01; ID.IM-02,N52-R02 (III.C.3)
CM-1,Policy and Procedures,Moderate,Partially implemented,System-specific,,Chief Information Officer,Configuration management requirements are in POL-01 and POL-04; the configuration standard (STD-01) is due 2027-03-31 (gap 11).,POL-01; STD-01 draft,GV.OC-03; GV.PO-01; GV.PO-02,N52-R02 (III.C.1.d)
CM-2,Baseline Configuration,Moderate,Partially implemented,System-specific,,Chief Information Officer,"Cloud accounts use infrastructure-as-code templates and organization guardrails. Endpoint and server baselines are informal; payments hub configuration (limits, callback fields, approval rules) has no documented baseline.",Guardrail policies; templates,PR.PS-01,N52-R02 (III.C.1.d)
CM-3,Configuration Change Control,Moderate,Partially implemented,System-specific,,Chief Information Officer,"Infrastructure and application changes go through the change advisory board. Payments hub business configuration (limits, approval rules) is changed by administrators outside change control (R-047).",Change tickets; payments hub configuration log,ID.RA-07; PR.PS-01; DE.CM-01,N52-R02 (III.C.1.d)
CM-6,Configuration Settings,Moderate,Partially implemented,Hybrid,Cloud provider,Cloud Platform Manager,Cloud posture management checks accounts against a benchmark daily. Server and endpoint settings are not measured against a benchmark (gap 11).,Posture report; benchmark scans,PR.PS-01; DE.CM-09,N52-R02 (III.C.1.d)
CM-7,Least Functionality,Moderate,Implemented,System-specific,,Chief Information Officer,Payments workstations run only the Federal Reserve access software and the browser allowlist; unused services are disabled on the payments hub servers.,Workstation build sheet,PR.PS-01,N52-R02 (III.C.1.a)
CM-8,System Component Inventory,Moderate,Implemented,System-specific,,Infrastructure Manager,"Hardware and software inventory from device management, cloud inventory, and network discovery, reconciled monthly.",Inventory reports,ID.AM-01; ID.AM-02; PR.PS-01,N52-R02 (III.C.1.d)
CM-11,User-installed Software,Moderate,Implemented,System-specific,,Chief Information Officer,Users cannot install software; application allowlisting on teller and payments workstations.,Device management policy,PR.PS-01; PR.PS-02; DE.CM-03,N52-R02 (III.C.1.a)
CP-1,Policy and Procedures,Moderate,Implemented,System-specific,,Chief Operating Officer,Business continuity policy (2025) and POL-04 statement 4.7 cover backup and recovery.,Business continuity policy,GV.OC-03; GV.PO-01; GV.PO-02,N52-R02 (III.C.1.h)
CP-2,Contingency Plan,Moderate,Partially implemented,Hybrid,Core processor; digital banking provider; cloud provider,Chief Operating Officer,"The business continuity plan covers branches, the contact center, and wire rooms, with the Georgia alternate site. Gaps: recovery objectives for correspondent services and the item processing servers are not in the plan; recovery roles for the payments hub failover are not documented (gap 6).",Business continuity plan (2025); BIA (P05),ID.IM-01; ID.IM-02; ID.IM-03,N52-R02 (III.C.1.h)
CP-2(1),Coordinate with Related Plans,Moderate,Partially implemented,System-specific,,Chief Operating Officer,"The plan references the core processor and digital banking provider plans, but not the incident response plan or the respondent institutions.",Plan cross-reference table,ID.IM-01; ID.IM-02; ID.IM-03,N52-R02 (III.C.1.h)
CP-3,Contingency Training,Moderate,Partially implemented,System-specific,,Chief Operating Officer,Wire room staff train on the alternate procedure each year; correspondent operations and IT recovery staff have no contingency training.,Training roster,,N52-R02 (III.C.1.h)
CP-4,Contingency Plan Testing,Moderate,Partially implemented,Hybrid,Core processor,Chief Information Officer,The bank participates in the core processor disaster recovery test each year. The payments hub failover was tested once (2025) and took 9 hours against a 4-hour RTO; no corrective action was tracked (gap 6; R-004).,2025 failover test report; core processor test letter,ID.IM-02; RC.RP-03,N52-R02 (III.C.1.h)
CP-6,Alternate Storage Site,Moderate,Implemented,Hybrid,Cloud provider,Cloud Platform Manager,Backups are stored in the backup account in a second region with write-once retention and separate administrator credentials.,Backup vault settings,PR.DS-11; PR.IR-04,N52-R02 (III.C.1.h)
CP-7,Alternate Processing Site,Moderate,Partially implemented,Hybrid,Cloud provider,Chief Operating Officer,The second cloud region is the alternate processing site for the payments hub; the Georgia regional office is the alternate operations site. Neither has been proven at full volume (gap 6).,Failover design; alternate site plan,PR.IR-04,N52-R02 (III.C.1.h)
CP-8,Telecommunications Services,Moderate,Implemented,System-specific,,Infrastructure Manager,Dual carriers at both operations sites and to the core processor; cellular backup at each branch.,Circuit inventory,PR.IR-04,N52-R02 (III.C.1.h)
CP-9,System Backup,Moderate,Implemented,Hybrid,Cloud provider,Cloud Platform Manager,Daily backups of production workloads with 35-day write-once retention; on-premises servers back up to an appliance that replicates nightly to the backup account.,Backup job reports,PR.DS-01; PR.DS-10; PR.DS-11,N52-R02 (III.C.1.h)
CP-9(1),Testing for Reliability and Integrity,Moderate,Partially implemented,System-specific,,Cloud Platform Manager,File-level restores are tested monthly. Full restores of the payments hub database and the item processing servers have not been tested.,Restore test log,PR.DS-01; PR.DS-10; PR.DS-11,N52-R02 (III.C.1.h)
CP-10,System Recovery and Reconstitution,Moderate,Partially implemented,Hybrid,Core processor; cloud provider,Chief Information Officer,Recovery runbooks exist for the directory and cloud networking. Payments hub reconstitution and reconciliation steps (matching sent wires to hub records after failover) are not written.,Runbook library,RC.RP-01; RC.RP-02; RC.RP-05,N52-R02 (III.C.1.h)
IA-1,Policy and Procedures,Moderate,Implemented,System-specific,,Information Security Officer,Identification and authentication requirements are in POL-02 (P06).,POL-02,GV.OC-03; GV.PO-01; GV.PO-02,N52-R02 (III.C.1.a)
IA-2,Identification and Authentication (Organizational Users),Moderate,Implemented,Hybrid,Identity provider,Chief Information Officer,Every workforce user has a unique identity in the identity provider; core logons are unique per user.,IdP export; core user list,PR.AA-01; PR.AA-03,N52-R02 (III.C.1.a)
IA-2(1),Multi-factor Authentication to Privileged Accounts,Moderate,Implemented,Common/Inherited,Identity provider,Information Security Officer,"Privileged accounts use phishing-resistant hardware keys for the identity provider, directory, and cloud accounts.",Conditional access policy,PR.AA-01; PR.AA-03,N52-R02 (III.C.1.a)
IA-2(2),Multi-factor Authentication to Non-privileged Accounts,Moderate,Implemented,Common/Inherited,Identity provider,Information Security Officer,All workforce users use MFA (authenticator app with number matching).,Conditional access policy,PR.AA-01; PR.AA-03,N52-R02 (III.C.1.a)
IA-2(8),"Access to Accounts, Replay Resistant",Moderate,Implemented,Common/Inherited,Identity provider,Information Security Officer,Workforce authentication uses replay-resistant protocols (federated tokens and app-based MFA).,IdP configuration,PR.AA-01; PR.AA-03,N52-R02 (III.C.1.a)
IA-4,Identifier Management,Moderate,Implemented,System-specific,,Chief Information Officer,Identifiers are assigned from HR records and never reused.,Identifier standard,PR.AA-01,N52-R02 (III.C.1.a)
IA-5,Authenticator Management,Moderate,Partially implemented,Hybrid,Identity provider; core processor,Chief Information Officer,Workforce passwords must be 14 characters and are checked against a banned list. Gaps: the core allows 8-character passwords; 2 vendor-created generic administrator accounts in the correspondent portal were still enabled (P07; R-049).,Password policies; account inventory,PR.AA-01; PR.AA-03,N52-R02 (III.C.1.a)
IA-5(1),Password-based Authentication,Moderate,Partially implemented,Hybrid,Identity provider; core processor,Chief Information Officer,Banned-password checks apply in the identity provider; the core password policy is weaker and is managed through the core security module.,Password policies,PR.AA-01; PR.AA-03,N52-R02 (III.C.1.a)
IA-8,Identification and Authentication (Non-organizational Users),Moderate,Partially implemented,Hybrid,Digital banking provider,Treasury Management Director,"Business users must use MFA (app or SMS codes). Consumers get an SMS code only on new-device sign-in. New beneficiaries are not confirmed out of band, and 12% of business users are on SMS codes (gap 3; R-002, R-016). Respondent users sign in to the correspondent portal through the customer identity service with app-based MFA.",Provider MFA enrollment report; customer identity service policy,PR.AA-03; PR.AA-01,N52-R02 (II.B.3; III.C.1.a)
IA-12,Identity Proofing,Moderate,Partially implemented,Hybrid,Identity verification service,Retail Banking Director,New customers are identified under the customer identification program. Contact-information changes are not re-verified out of band (gap 2; R-001).,Account opening procedure; maintenance sample,PR.AA-02,N52-R02 (III.C.1.a); 12 CFR 41.90
IR-1,Policy and Procedures,Moderate,Implemented,System-specific,,Information Security Officer,Incident response policy POL-03 re-approved 2026-09-15 (P06).,POL-03,GV.OC-03; GV.PO-01; GV.PO-02,N52-R02 (III.C.1.g)
IR-2,Incident Response Training,Moderate,Partially implemented,System-specific,,Information Security Officer,"The IT and security teams train on the plan each year; executives, branch managers, and correspondent operations have not been trained on their roles.",Training roster,,N52-R02 (III.C.1.g)
IR-3,Incident Response Testing,Moderate,Partially implemented,System-specific,,Information Security Officer,A technical ransomware tabletop was held in 2025 with IT only. No executive or fraud scenario exercise has been held (gap 8).,2025 tabletop report,ID.IM-02,N52-R02 (III.C.1.g; III.C.3)
IR-4,Incident Handling,Moderate,Partially implemented,Hybrid,MSSP,Information Security Officer,The MSSP detects and contains endpoint and identity threats 24x7; the ISO leads handling. Fraud cases run separately in the BSA case system and are not linked to security incidents.,Incident register; MSSP tickets,ID.IM-01; ID.IM-02; ID.IM-03,N52-R02 (III.C.1.g)
IR-5,Incident Monitoring,Moderate,Partially implemented,System-specific,,Information Security Officer,Security incidents are tracked in the incident register; payment-fraud events are tracked only in the BSA case system.,Incident register,DE.AE-03; RS.MA-02; RS.MA-03,N52-R02 (III.C.1.g)
IR-6,Incident Reporting,Moderate,Partially implemented,System-specific,,Information Security Officer,"The plan includes the 36-hour OCC notice (12 CFR 53.3). Gaps: no determination criteria, no Federal Reserve notice for the holding company, and no outbound notice to respondent banks (gap 8; R-008, R-009).",Incident response plan (2024),RS.CO-02; RS.MA-01; RS.MA-02,N52-R02 (III.C.1.g); 12 CFR 53.3; 12 CFR 225.302; 12 CFR 53.4
IR-7,Incident Response Assistance,Moderate,Implemented,Common/Inherited,MSSP; cyber insurer panel,Information Security Officer,"The MSSP incident response team and the cyber insurer panel (breach counsel, forensics) are available on retainer.",MSSP contract; policy schedule,RS.MA-01; RS.MA-04; RS.CO-02,N52-R02 (III.C.1.g)
IR-8,Incident Response Plan,Moderate,Partially implemented,System-specific,,Information Security Officer,"Incident response plan (2024), updated by the P08 runbooks approved 2026-09-18. It has not been distributed to branch managers, correspondent operations, or the MSSP in its new form.",Incident response plan; P08,ID.IM-01; ID.IM-02; ID.IM-03,N52-R02 (III.C.1.g)
MA-4,Nonlocal Maintenance,Moderate,Partially implemented,System-specific,,Chief Information Officer,Payments hub vendor support connects through a standing VPN with named accounts and MFA; sessions are not approved per session or recorded (R-048).,Vendor VPN configuration,,N52-R02 (III.C.1.a)
MP-6,Media Sanitization,Moderate,Implemented,System-specific,,Infrastructure Manager,"Drives are wiped or destroyed by a certified vendor with serial-number certificates, including ATM drives.",Destruction certificates,,N52-R02 (II.B.4; III.C.4)
PE-2,Physical Access Authorizations,Moderate,Implemented,System-specific,,Chief Operating Officer,"Access to the wire rooms, operations center, and server room is authorized by the COO and reviewed quarterly.",Badge access lists,PR.AA-06,N52-R02 (III.C.1.b)
PE-3,Physical Access Control,Moderate,Implemented,System-specific,,Chief Operating Officer,"Badge readers and cameras on the wire rooms, operations center, and server room; visitor logs.",Walkthrough; badge reports,PR.AA-06; DE.CM-02,N52-R02 (III.C.1.b)
PL-1,Policy and Procedures,Moderate,Implemented,System-specific,,IT Risk and Compliance Manager,Policies POL-01 to POL-05 are reviewed annually and were re-approved on 2026-09-15.,Policy approval record,GV.OC-03; GV.PO-01; GV.PO-02,N52-R02 (II.A)
PL-2,System Security and Privacy Plans,Moderate,Implemented,System-specific,,Information Security Officer,"This SSP, approved 2026-09-18, is reviewed annually and after major changes.",This document,ID.AM-03; ID.AM-08; ID.IM-01,N52-R02 (III.C.1)
PL-4,Rules of Behavior,Moderate,Implemented,System-specific,,HR Director,Rules of behavior (POL-05) acknowledged at hire and each year (98% for 2026).,Acknowledgment report,,N52-R02 (III.C.2)
PM-1,Information Security Program Plan,Not in Moderate baseline (selected by tailoring),Partially implemented,System-specific,,Information Security Officer,Selected by tailoring. The written information security program is approved by the board (III.A.1); last approved October 2025; updated program scheduled for 2026-10-20.,Board minutes; program document,GV.PO-01; GV.OC-03; GV.PO-02,N52-R02 (II.A; III.A.1)
PM-2,Information Security Program Leadership Role,Not in Moderate baseline (selected by tailoring),Partially implemented,System-specific,,Chief Risk Officer,"Selected by tailoring. The ISO is designated by the board, reports to the CRO, and has a direct line to the Board Risk Committee. The ISO team also runs vulnerability scanning and MSSP triage, so internal audit tests those controls independently.",Board resolution; organization chart,GV.RR-02; GV.RR-01,N52-R02 (III.A.2)
PM-9,Risk Management Strategy,Not in Moderate baseline (selected by tailoring),Partially implemented,System-specific,,Chief Risk Officer,Selected by tailoring. The enterprise risk appetite (2025) is qualitative for cyber risk; measurable cyber tolerances are proposed in P01 for board approval on 2026-10-20 (gap 1; R-012).,Risk appetite statement; P01,GV.RM-01; GV.RM-02; GV.OC-02,N52-R02 (III.A.2; III.B)
PS-3,Personnel Screening,Moderate,Implemented,System-specific,,HR Director,"Background and credit checks before hire for all employees, and again before transfer into the wire rooms or IT administration.",HR checklist,,N52-R02 (III.C.1.e)
PS-4,Personnel Termination,Moderate,Partially implemented,System-specific,,HR Director,HR opens termination tickets on or before the last day; federated access is disabled automatically. Core access is removed manually; 9 of 25 sampled terminations had core access removed after the last day (R-039).,Termination sample,,N52-R02 (III.C.1.a)
PS-5,Personnel Transfer,Moderate,Partially implemented,System-specific,,HR Director,Transfers create an HR ticket but do not trigger a review of prior core roles (R-040).,Transfer sample,,N52-R02 (III.C.1.a)
PS-7,External Personnel Security,Moderate,Implemented,System-specific,,Third-Party Risk Manager,Contractors with system access sign confidentiality terms and follow POL-05.,Contractor agreements,GV.RR-04; DE.CM-06,N52-R02 (III.D.2)
PS-8,Personnel Sanctions,Moderate,Implemented,System-specific,,HR Director,Sanctions procedure in POL-01 statement 4.8; HR documents each sanction.,Sanctions log,,N52-R02 (II.A)
RA-2,Security Categorization,Moderate,Implemented,System-specific,,Information Security Officer,Information is classified under POL-04; the COBP is categorized Moderate (section 6).,POL-04; this SSP,ID.AM-05; ID.RA-04; ID.RA-05,N52-R02 (III.B)
RA-3,Risk Assessment,Moderate,Implemented,System-specific,,IT Risk and Compliance Manager,"Annual risk assessment with NIST SP 800-30 tables (P01, 2026-07-24), including payment fraud, third parties, and AI.",P01 register and report,GV.RM-06; GV.RM-07; GV.SC-03,N52-R02 (III.B)
RA-3(1),Supply Chain Risk Assessment,Moderate,Partially implemented,System-specific,,Third-Party Risk Manager,Critical vendors are risk-rated at onboarding and annually; fourth parties (subservice organizations) are not assessed.,Vendor risk ratings,GV.RM-06; GV.RM-07; GV.SC-03,N52-R02 (III.D.3)
RA-5,Vulnerability Monitoring and Scanning,Moderate,Partially implemented,Hybrid,MSSP,Information Security Officer,"Monthly authenticated scans of servers, endpoints, and cloud workloads by the MSSP; annual penetration tests. Gap: 18% of on-premises servers missed the 30-day critical patch target in the first half of 2026 (R-015).",Scan reports; remediation metrics,GV.SC-10; ID.RA-01; ID.RA-08,N52-R02 (III.C.3)
RA-7,Risk Response,Moderate,Implemented,System-specific,,Chief Risk Officer,"Risk responses are recorded in the register with owners and dates, and accepted at the levels in POL-01 statement 4.4.",P01,GV.OC-05; GV.RM-01; GV.RM-03,N52-R02 (III.C.1)
RA-9,Criticality Analysis,Moderate,Implemented,System-specific,,Chief Operating Officer,"Critical components identified in the BIA (P05): payments hub, core connectivity, identity provider, payments workstations.",P05,GV.OC-04; GV.SC-04; GV.SC-07,N52-R02 (III.C.1.h)
SA-4,Acquisition Process,Moderate,Partially implemented,System-specific,,Third-Party Risk Manager,Contracts for new services include security and confidentiality terms. 9 critical vendor contracts set no incident notice time frame (gap 5; R-010).,Contract review log,GV.SC-05; GV.SC-06; GV.SC-07,N52-R02 (III.D.2)
SA-9,External System Services,Moderate,Partially implemented,Hybrid,Critical vendors,Third-Party Risk Manager,Critical vendors are tiered and their SOC reports collected each year. CUECs are mapped only for the core processor; 53.4 contacts were given to 3 of 7 bank service providers (gap 5; R-011).,Vendor inventory; SOC review files (P09),GV.SC-07; GV.OC-05; GV.SC-04,N52-R02 (III.D.1-3); 12 CFR 53.4
SA-22,Unsupported System Components,Moderate,Partially implemented,System-specific,,Infrastructure Manager,14 item processing servers run an unsupported operating system. They are isolated on their own segment with restricted access; replacement is in the 2027 plan (gap 10; R-014).,Server inventory; segment rules,ID.AM-08,N52-R02 (III.C.1.f)
SC-5,Denial-of-service Protection,Moderate,Implemented,Common/Inherited,Digital banking provider; cloud provider,Chief Information Officer,Denial-of-service protection for online banking and the correspondent portal is provided by the providers edge services.,Provider SOC reports,PR.IR-01; DE.CM-01,N52-R02 (III.C.1.h)
SC-7,Boundary Protection,Moderate,Implemented,Hybrid,Cloud provider,Infrastructure Manager,"Next-generation firewalls at the edge and the cloud network hub; branch networks separate teller, back office, and guest traffic; payments workstations are isolated.",Firewall rules; network diagrams,PR.DS-01; PR.DS-02; PR.DS-10,N52-R02 (III.C.1.a)
SC-7(5),"Deny by Default, Allow by Exception",Moderate,Implemented,System-specific,,Infrastructure Manager,Cloud and payments segments deny by default and allow by exception.,Security group and firewall rules,PR.DS-01; PR.DS-02; PR.DS-10,N52-R02 (III.C.1.a)
SC-8,Transmission Confidentiality and Integrity,Moderate,Implemented,Hybrid,Core processor; digital banking provider,Chief Information Officer,TLS 1.2 or higher for all web and API traffic; private circuits to the core processor; IPsec between sites and the cloud.,Configuration scans,PR.DS-02,N52-R02 (III.C.1.c)
SC-12,Cryptographic Key Establishment and Management,Moderate,Implemented,Hybrid,Cloud provider,Cloud Platform Manager,Customer-managed keys for production data stores; backup keys are separate.,Key service configuration,PR.DS-01; PR.DS-02,N52-R02 (III.C.1.c)
SC-13,Cryptographic Protection,Moderate,Implemented,Common/Inherited,Cloud provider; core processor,Chief Information Officer,Approved algorithms through provider services; the cryptography standard (STD-06) is due 2027-03-31.,Provider documentation,PR.DS-01; PR.DS-02; PR.DS-10,N52-R02 (III.C.1.c)
SC-28,Protection of Information at Rest,Moderate,Implemented,Hybrid,Cloud provider; core processor; digital banking provider,Cloud Platform Manager,"Encryption at rest for cloud data stores, laptops, and provider-hosted data.",Encryption reports,PR.DS-01,N52-R02 (III.C.1.c)
SI-2,Flaw Remediation,Moderate,Partially implemented,System-specific,,Infrastructure Manager,Monthly patching; critical patches within 30 days (14 days for internet-facing). Gap: 18% of on-premises servers missed the target in the first half of 2026 (R-015).,Patch compliance report,ID.IM-01; ID.IM-02; ID.IM-03,N52-R02 (III.C.1.f)
SI-3,Malicious Code Protection,Moderate,Implemented,Hybrid,MSSP,Information Security Officer,"EDR on all managed endpoints and servers, monitored 24x7 by the MSSP.",EDR console report,PR.DS-01; PR.DS-02; PR.DS-10,N52-R02 (III.C.1.f)
SI-4,System Monitoring,Moderate,Partially implemented,Hybrid,MSSP,Information Security Officer,"The SIEM monitors identity, endpoint, firewall, and cloud events. Gaps: payments hub, correspondent portal, and core security events are not monitored, and there are no use cases for beneficiary, template, limit, or contact changes (gap 7; R-013).",SIEM use-case list,DE.CM-01; DE.CM-03; DE.CM-09,N52-R02 (III.C.1.f)
SI-4(4),Inbound and Outbound Communications Traffic,Moderate,Partially implemented,Hybrid,Cloud provider; MSSP,Information Security Officer,Egress from the production account passes the cloud firewall with alerting on new destinations; on-premises egress volume is not alerted.,Firewall alert rules,ID.RA-01; ID.IM-01; ID.IM-02,N52-R02 (III.C.1.f)
SI-5,"Security Alerts, Advisories, and Directives",Moderate,Implemented,System-specific,,Information Security Officer,"The ISO receives FS-ISAC, CISA, and vendor advisories and tracks actions weekly.",Advisory log,ID.RA-01; ID.RA-02; ID.RA-03,N52-R02 (III.C.1.f; III.E)
SI-7,"Software, Firmware, and Information Integrity",Moderate,Implemented,Hybrid,Payments hub vendor,Chief Information Officer,Payments hub software and the AI model container are signed and hashed at release; file integrity monitoring on the payments workstations.,Release records; integrity reports,ID.RA-09; PR.DS-01; PR.DS-02,N52-R02 (III.C.1.d)
SI-10,Information Input Validation,Moderate,Implemented,Hybrid,Payments hub vendor,Director of Payments Operations,"The payments hub validates wire fields (routing numbers, amounts, beneficiary names) and screens against sanctions lists before release.",Validation rules,PR.DS-10,N52-R02 (III.C.1.a)
SI-12,Information Management and Retention,Moderate,Implemented,System-specific,,Chief Compliance Officer,Records are kept under the retention schedule; security documentation for at least 5 years (POL-01 statement 4.13).,Retention schedule,ID.AM-07; ID.AM-08,N52-R02 (III.C.4)
SR-2,Supply Chain Risk Management Plan,Moderate,Partially implemented,System-specific,,Third-Party Risk Manager,The third-party risk policy serves as the supply chain plan; it does not address software suppliers such as the payments hub vendor.,Third-party risk policy,GV.SC-01; GV.RM-01; GV.RM-03,N52-R02 (III.D)
SR-3,Supply Chain Controls and Processes,Moderate,Partially implemented,System-specific,,Third-Party Risk Manager,Supplier controls are set by tier at onboarding; ongoing monitoring is annual for Tier 1 only.,Tiering procedure,GV.SC-06; GV.OC-02; GV.SC-01,N52-R02 (III.D.3)
SR-5,"Acquisition Strategies, Tools, and Methods",Moderate,Implemented,System-specific,,Chief Information Officer,Hardware is bought from authorized resellers; software from vendors with signed releases.,Purchasing procedure,GV.OC-02; GV.OC-05; GV.SC-02,N52-R02 (III.D.1)
SR-6,Supplier Assessments and Reviews,Moderate,Partially implemented,System-specific,,Third-Party Risk Manager,Tier 1 vendors are reassessed each year through SOC reports; reviews did not map CUECs or follow up on exceptions except for the core processor (P09).,SOC review files,GV.SC-07; GV.OC-02; GV.OV-01,N52-R02 (III.D.3)
