vendor_id,vendor,service,systems,data_shared,agreement_on_file,assurance_on_file,source_evidence,notes
V-01,ATS vendor,Front-office ATS and CRM (SYS-01) and the generative drafting feature,SYS-01; AI-002,Candidate and client personal information,"Subscription with security, notice and data return terms; contract RTO 8 h and RPO 1 h",SOC 2 Type 2 reviewed 2026-04; vendor DR test report of 2026-04-22,EV-047; EV-048,Tier 1
V-02,Onboarding and Form I-9 platform vendor,"Onboarding, electronic Form I-9, screening orders",SYS-02,SSNs; bank accounts; Form I-9 images; E-Verify data,Contract reviewed by counsel; no restriction on access by U.S. agencies,SOC 2 Type 2 (Availability results reviewed 2026-03-18),EV-047; EV-048; EV-035,Tier 1
V-03,Payroll and billing engine software vendor,"Licensed software, support and nonlocal maintenance",SYS-03,Support access through the PAM vendor gateway,License and support agreement,Vendor support sessions recorded through PAM,EV-003; EV-047,Tier 1
V-04,Time capture vendor,"Associate app, client timesheet portal and timesheet anomaly feature",SYS-04; AI-010,"Time, geolocation and bank change data",Subscription agreement,SOC 2 Type 2 reviewed 2026-04,EV-047; EV-048; EV-060,Tier 1
V-05,Time clock vendor,Badge and PIN time clocks and clock software,SYS-04-TC,Punch data,Equipment and support agreement,None on file,EV-013; EV-045,
V-06,Identity platform vendor,"SSO, MFA, PAM, identity governance",SYS-05,Workforce identities,Subscription agreement,SOC 2 in the vendor register,EV-045; EV-046,Tier 1
V-07,Cloud provider A,"IaaS and PaaS for the payroll engine, integration platform, SFTP staging and WMP",SYS-03; SYS-03-IP; SYS-03-SF; SYS-07,Personal information; bank account numbers,Customer agreement,SOC 2 Type 2; shared responsibility documentation,EV-047; EV-048,Subservice organization for SL-1 and SL-2
V-08,Cloud provider B,PaaS and AI services for the data platform,SYS-06-DP; SYS-06-AIS; AI-003; AI-006,"Personal information, including untokenized SSNs and bank numbers",Customer agreement with no-training terms for AI services,SOC 2 Type 2; shared responsibility documentation,EV-047; EV-048,
V-09,Colocation providers (DC-1 and DC-2),"Data center space, power and physical security",SYS-06; SYS-04-TC; SYS-06-ARC,"Hosted equipment (Form I-9 archive, backups)",Colocation agreements,SOC 2 Type 2 reports,EV-048; EV-051,
V-10,Background screening provider 1 (consumer reporting agency),Employment background checks (about 70%),SYS-09,Consumer reports; SSNs,Agreement with FCRA certification and 72-hour notice term,SOC 2 Type 2,EV-038; EV-048,Tier 1
V-11,Background screening provider 2 (consumer reporting agency),Employment background checks (about 30%),SYS-09,Consumer reports; SSNs,Agreement with FCRA certification; no 72-hour incident notice term,SOC 2 Type 2,EV-038; EV-045; EV-048,Tier 1
V-12,Drug testing provider,Pre-employment drug tests,SYS-09,Drug test results,Service agreement,Per vendor register,EV-045,
V-13,Originating banks A and B,ACH origination (80% and 20% of files) and lockbox,SYS-03-SF,Bank account numbers; net pay,Cash management agreements,Bank B full-volume test 2025-11-14,EV-065; EV-047,
V-14,Paycard program manager,Paycard program for about 12% of associates,SYS-03-SF,Card enrollments; funding files,Program agreement,SOC report last reviewed 2024,EV-065; EV-045,Single provider; no tested fallback
V-15,Payroll tax filing service,"Federal, state and local tax deposits and returns; W-2 data",SYS-03,SSNs; wages,Service agreement with security terms,SOC 1,EV-066; EV-048,Subservice organization for SL-2
V-16,Print and mail vendor,"Checks, paper W-2s and breach notice letters",SYS-03,Names; addresses; pay,Service agreement,Per vendor register,EV-045; EV-047,
V-17,ERP and HCM SaaS vendor,ERP and internal staff HCM and payroll,SYS-10,Financial data; internal staff personal information,Subscription agreement,SOC 1 and SOC 2 (reviewed 2026-06),EV-045; EV-072,
V-18,CCaaS vendor and telephony carriers,Associate Service Center contact center,SAAS-CC,Call recordings; personal information,Subscription and carrier agreements,Per vendor register,EV-043; EV-045; EV-072,
V-19,Productivity suite vendor,"Email, files, chat",SAAS-PROD,Personal information (incidental),Subscription agreement,Per vendor register,EV-020; EV-045,
V-20,MSSP,SOC overflow triage,SYS-06-LOG,Security logs,Managed security services agreement,Access through PAM,EV-003; EV-022,
V-21,AI ranking vendor,AI-001 candidate ranking,AI-001; SYS-01,Resumes; application answers; scores,Agreement with no-training and deletion terms (2025-11),SOC 2 Type 2 reviewed 2026-04,EV-061; EV-048; EV-046,Tier 1
V-22,Chatbot vendor,AI-004 candidate chatbot,AI-004,Candidate contact details and questions,Subscription agreement,Per vendor register,EV-059; EV-046,
V-23,Fraud analytics vendor,AI-005 bank-change fraud scoring,AI-005,Bank change events; device data,Subscription agreement,Per vendor register,EV-044; EV-046,
V-24,Branch scheduling vendor,Commercial Staffing branch app with the redeployment ranking feature,AI-009,Associate assignment and attendance data,Subscription agreement,Per vendor register,EV-060,
V-25,Identity verification vendor,AI-007 remote interview identity verification pilot,AI-007,Identity document images; selfie video; face templates,Pilot agreement,Demographic accuracy data requested,EV-086,Pilot from 2026-07
V-26,Credential verification service,Primary-source license and certification checks,SYS-01,Clinician license data,Service agreement,Per vendor register,EV-045; EV-058,
V-27,ACQ-1 legacy system vendor,ACQ-1 ATS and credentialing system,ACQ-1-ATS,"Clinician credential files; about 38,000 ACQ-1 Forms I-9",Inherited agreement with no export clause,None on file,EV-037; EV-058,
V-28,ACQ-1 outsourced payroll provider,"Payroll for about 6,500 clinicians and 900 ACQ-1 staff",ACQ-1-ATS,SSNs; bank accounts; pay,Inherited agreement; contract RTO 48 h,None on file,EV-058; EV-037,
V-29,ACQ-1 inherited vendors (9 contracts with personal information),Various services at ACQ-1,Various,Personal information,Inherited contracts with no 72-hour notice term and no data return terms,None on file,EV-037; EV-045,
V-30,"Outside breach counsel, forensic firm and outside securities counsel","Incident response, forensics and disclosure advice",n/a,Incident information,Retainer agreements,n/a,EV-041; EV-039,
V-31,Certified media destruction and shredding vendors,"Device, media and paper destruction",SYS-08-EP; SYS-08-K; SYS-04-TC,Personal information on media and paper,Service agreements,Certificates of destruction,EV-052,
V-32,Cyber insurer,Cyber insurance tower ($50 million),n/a,Incident information when notified,Policy,n/a,EV-069,Approval needed before any ransom payment
V-33,Client VMS providers (about 400 client instances),Client time feeds and invoice submission,SYS-03-IP,Worker names; time; rates; invoices,Client agreements,n/a (client systems),EV-026; EV-047,Shared service accounts and long-lived API keys
