asset_id,asset,asset_type,hosting,owner,data_types,regulated_data,users_or_count,source_evidence,notes
SYS-01,"Plant process control networks (OT, Purdue levels 0-2) at the 8 plants: PLCs and controllers, HMIs, brine injection and cure dosing skids, CIP valve manifolds, smokehouses and ovens, chilling, slicers, packaging, metal detectors, X-ray inspection, checkweighers",ot,On-premises at PLT-01 to PLT-08,"Vice President, Engineering (plant controls engineers per plant)",Setpoints; PLC programs; cure and brine dosing; cook and chill cycles; inspection results,"Process integrity and food safety (CCP monitoring, 9 CFR 417)","About 2,600 PLCs and controllers; 680 HMIs (118 on unsupported operating systems); 64 smokehouses and ovens",EV-011; EV-008; EV-018,Inventory about 91% complete (EV-011); HMI supervisor overrides within the pushed range need no second approval (EV-008)
SYS-02,"Plant SCADA servers, historians, engineering workstations and MES edge servers (OT level 3), one set per plant",ot,On-premises plant server rooms,"Vice President, Engineering",CCP monitoring data; alarms; recipe cache (72 hours); labels and lot codes,Food safety records (9 CFR 417.5),8 plant sets; 9 engineering workstations on unsupported operating systems,EV-011; EV-026; EV-020; EV-009,"Historian audit trail off at PLT-02, PLT-05 and PLT-08 (EV-026); PLT-05 historian without EDR (EV-009)"
SYS-03,Ammonia refrigeration control systems (12),ot,On-premises engine rooms at 8 plants and 4 DCs,Director of Refrigeration and Process Safety,Compressor and evaporator setpoints; temperatures; alarms,Worker and process safety (PSM and RMP context); cold storage CCP,"12 systems of about 12,000 to 48,000 lb of ammonia each",EV-015; EV-064,Maintained by three refrigeration contractors; always-on contractor cellular modem on the PLT-05 controller (EV-015)
SYS-04,"Cold-chain monitoring service: wireless sensors, site gateways, trailer telematics and the vendor's SaaS dashboard and alerting",service,Vendor SaaS; sensors and gateways on-premises; telematics over cellular,"Vice President, Distribution and Transportation",Temperatures; alarms; trailer locations,Cold storage CCP records (9 CFR 417.2(c)(4)); SL-1 customer temperature history,"About 3,400 sensors at 12 sites; 380 refrigerated trailers; 12 gateways",EV-067; EV-042; EV-045; EV-044,One vendor for all sites; no contracted recovery time (EV-044); vendor SOC 2 exception on alert delivery (EV-045)
SYS-05,"Central MES (recipe, formulation, batch, label and lot management) and enterprise historian",software,Cloud provider A workload accounts (IaaS and managed database); warm standby in a second region,"Vice President, Engineering","Formulations, including cure and brine; setpoint ranges; labels; lot codes; replicated CCP data",Process integrity; trade secrets; SL-2 customer specifications,"About 4,100 formulations; about 610 MES users; releases to 7 plants",EV-007; EV-059; EV-021; EV-019,Migrated 2025-06 to 2026-02 (EV-059); recovered in 7.5 h against a 4 h RTO on 2026-05-16 (EV-021)
SYS-05-L,PLT-08 legacy recipe system,software,On-premises at PLT-08,"Vice President, Integration Management Office",Recipes; batch records,Process integrity,PLT-08 lines,EV-055; EV-020; EV-077,Joins the central MES from 2027-03 (EV-055); nightly backup; no restore test on record (EV-077)
SYS-06,ERP and payroll (SaaS),service,Vendor SaaS,Controller (finance); Chief Human Resources Officer (payroll),Orders; procurement; inventory; finance; payroll,"Employee personal information (about 12,000 records, including Social Security numbers and bank details); SOX-relevant",Single tenant; payroll about $12.7 million a week,EV-065; EV-066; EV-031; EV-045,SOX IT general controls tested annually (EV-031)
SYS-07,Warehouse management and transportation management systems (WMS and TMS),service,Vendor SaaS,"Vice President, Distribution and Transportation",Inventory; picks; loads; dispatch; SL-1 customer inventory,SL-1 customer confidential data,"DC-01 to DC-04 and the fleet; about 2,100 handheld scanners",EV-072; EV-053; EV-045,Vendor failover observed 2026-02 (EV-045)
SYS-08,"Identity platform (SSO, MFA, privileged access management, identity governance)",service,SaaS,Director of Identity and Access Management,Workforce identities; privileged credentials,None (identities only),"IT users at headquarters, the 4 DCs and 7 plants; 46 privileged MES, cloud and OT engineering accounts",EV-001; EV-002; EV-003; EV-004,Federated named OT engineering access at 6 plants (EV-006)
SYS-08-OT,Plant OT directories (one per plant),software,On-premises at each plant,"Vice President, Engineering",OT operator and engineering identities,None (identities only),About 210 OT accounts with write access across the plants,EV-006,Plant-local accounts at PLT-05 and PLT-08 with no inactivity job or automated termination feed (EV-006)
SYS-08-L,PLT-08 legacy directory,software,On-premises at PLT-08,"Vice President, Integration Management Office",Workforce identities,None (identities only),PLT-08 workforce (about 850 employees),EV-001; EV-006; EV-055,Not federated; administered by plant staff (EV-006)
SYS-09,Multi-cloud estate (Cloud providers A and B landing zones) plus COLO-1 (Florida) and COLO-2 (Georgia),service,IaaS/PaaS (two public cloud providers); colocation,Director of Cloud Platform Engineering,Workloads; backups; logs; keys,All company data classes,"Cloud A: MES, historian, records, traceability, data lake and AI services; Cloud B: customer portals and e-commerce integration; colocation: network core, legacy applications, offline backup copies",EV-019; EV-020; EV-022; EV-045,Account vending and guardrails as code in both clouds (EV-019)
SYS-10,Enterprise network (SD-WAN) and IT endpoints,network,On-premises; carriers,Director of Network Engineering (network); CIO (endpoints),Network traffic; cached documents,Personal information in transit,"About 6,800 IT endpoints, including about 1,900 shared floor terminals",EV-013; EV-009; EV-010,OT DMZ at 6 plants; PLT-05 corporate-to-SCADA rules; PLT-08 flat network on a legacy site VPN (EV-013)
SYS-11,"Food safety records platform (eHACCP, Sanitation SOP, food defense and preventive controls records, pre-shipment review)",software,Cloud provider A managed containers and managed database,"Senior Vice President, Food Safety and Quality Assurance","CCP, SSOP, food defense and preventive controls records with e-signatures","Food safety records (9 CFR 416.16, 417.5; 21 CFR 117.305, 121.305)","Live at 7 plants; QA technicians, reviewers and FSQA managers",EV-027; EV-001; EV-020,Named e-signatures; signed records locked (EV-027)
SYS-11-L,PLT-08 legacy local eHACCP application,software,On-premises at PLT-08,"Vice President, Integration Management Office",CCP records,Food safety records (9 CFR 417.5),PLT-08 QA staff,EV-027; EV-055; EV-077,Shared accounts and typed initials; nightly backup (EV-027)
SYS-12,Traceability and recall platform,software,Cloud provider A,"Senior Vice President, Food Safety and Quality Assurance",Lot genealogy from receiving to customer shipment; recall execution,Recall records (9 CFR 418),Single instance; FSQA and DC manager recall roles,EV-072; EV-020; EV-056,Daily offline export (EV-020); PLT-08 lots by nightly batch (EV-072)
SYS-13,Customer portals: SL-1 cold storage portal and SL-2 co-manufacturing portal,software,Cloud provider B managed services; second-region warm standby,"Vice President, Distribution and Transportation (SL-1); Vice President, Co-Manufacturing and Private Label (SL-2)","Customer inventory, temperature history and lots (SL-1); production orders, specifications, CCP record packages and certificates of analysis (SL-2)",Customer confidential data; SL-2 specifications classed Restricted,About 40 SL-1 and about 25 SL-2 customers,EV-048; EV-047; EV-022,Quarterly tenant isolation tests (EV-048)
SYS-13-ES,Online store (e-commerce SaaS with hosted payment page),service,Vendor SaaS,Controller,"Consumer names, addresses, email and order history",Consumer personal information; no card data on company systems,"About 140,000 consumer accounts",EV-048; EV-065; EV-044,Passwords handled by the vendor; vendor contract has no breach notice term (EV-044)
SYS-14,AI portfolio,ai,Various (see AI-001 to AI-010),"Senior Vice President, Food Safety and Quality Assurance (AI council chair)",Varies by use case,Varies by use case,10 use cases,EV-068; EV-069; EV-043,6 with completed council review at intake (EV-068)
SYS-15,OT remote access: enterprise OT remote access gateway and legacy vendor paths,network,Virtual appliances in each plant OT DMZ at 6 plants; legacy paths at PLT-05 and PLT-08,Director of OT Security,Remote OT sessions and recordings,Process integrity,"65 OT vendors (51 through the gateway, 14 on legacy paths)",EV-014; EV-015,"PLT-08 integrator VPN account without MFA; PLT-05 contractor modem (EV-014, EV-015)"
SYS-16,Third-party vendor population,service,Various,Director of Third-Party Risk Management,Varies by vendor,Varies by vendor,"About 1,400 vendors; 65 with OT remote access; 38 tier-1 OT and cold-chain vendors",EV-042; EV-043,Key vendors in vendor-register.csv; 71% of tier-1 OT and cold-chain vendors with a current review (EV-042)
OT-SEC,"OT security tooling: passive OT monitoring sensors, allowlisting, media kiosks, plant OT backup appliances",ot,On-premises at the plants,Director of OT Security,Network metadata; alerts; backup images,None directly,Monitoring at 6 plants; allowlisting at 6 plants; backup appliances with offline copies at 7 plants,EV-012; EV-018; EV-020,No sensors at PLT-08 or the PLT-05 engine room segment (EV-012)
AI-001,"AI quality inspection on processing lines (camera-based foreign material, seal, label and lot-code detection)",ai,Vendor models on edge inference servers in each plant OT DMZ; vendor cloud,"Senior Vice President, Food Safety and Quality Assurance",Product and label images; lot codes; incidental images of workers' hands and arms,None (product images),14 packaging lines at 5 plants,EV-068; EV-043; EV-044; EV-084,Vendor-run tests at 4 of 5 plants (EV-068)
AI-002,Slicer yield optimization,ai,Slicer equipment maker's module,"Vice President, Engineering",Slicer sensor data; pack weights,None,6 lines at 3 plants,EV-068; EV-043,Vendor data only (EV-068)
AI-003,"Predictive maintenance for smokehouses, compressors and slicers",ai,Company-configured models on the data lake (Cloud provider A),"Vice President, Engineering","Equipment vibration, temperature and run-time data",None,Advisory alerts to maintenance planners,EV-068; EV-019,Council review pending at intake (EV-068)
AI-004,Demand forecasting for production planning,ai,ERP vendor forecasting module,Chief Operating Officer,Order history; promotions; customer forecasts,None,Production planners,EV-068,Reviewed 2025-12-09
AI-005,Refrigeration energy optimization (advisory setpoint recommendations),ai,Refrigeration controls vendor SaaS,Director of Refrigeration and Process Safety,Refrigeration controller telemetry; energy data,None (cold storage CCP context),4 sites,EV-068; EV-043,Council review pending at intake (EV-068)
AI-006,Worker safety camera analytics (aggregate dashboards),ai,Safety analytics vendor,Chief Human Resources Officer,Video of production areas; aggregate counts,Images of workers,22 lines at 4 plants,EV-068; EV-043,Reviewed 2026-05-20; individual identification disabled
AI-007,Applicant screening and interview scheduling for hourly plant roles,ai,Recruiting platform AI module,Chief Human Resources Officer,Applications; work history; availability; screening answers,Applicant personal information,"Pilot at PLT-01, PLT-03 and PLT-08",EV-068; EV-043,Council review pending at intake; vendor adverse impact summary only (EV-068)
AI-008,Enterprise generative AI assistant,ai,Enterprise generative AI service with no-training terms,CISO,Internal and Confidential data (Restricted data prohibited),None by design,"About 1,800 office users",EV-068; EV-069; EV-044,Reviewed 2026-05-12
AI-009,Online store and consumer line chatbot,ai,E-commerce vendor chatbot,Controller,"Consumer names, orders, complaint text",Consumer personal information,Pilot (online store),EV-068; EV-048,Council review pending at intake (EV-068)
AI-010,SOC alert triage assistant,ai,SIEM vendor AI feature,Director of Security Operations,Security logs and alerts,None,SOC analysts,EV-068; EV-023,Reviewed 2026-03-11 (fast track)
