obligation_id,obligation,citation,applies,basis,source_evidence,analyzed_in
C-FOOD-AG-R01,FSMA Intentional Adulteration rule (food defense),21 CFR Part 121,"Yes, at PLT-07 only","Part 121 applies to facilities required to register under FD&C Act section 415 (121.1). PLT-07 has been a registered food facility since its plant-based room opened in 2022-03; the other 7 plants make only FSIS-inspected meat products and are exempt from registration under 21 CFR 1.226(g), so Part 121 does not reach them. Not a very small business (121.5(a)) or a small business (121.3), and the 3-year compliance period for other businesses ended before PLT-07's plant-based room opened. Holding at the DCs is exempt (121.5(b)). Confirmed in counsel review; counsel left open whether PLT-07's vulnerability assessment must cover its meat lines",EV-057; EV-054; EV-033; EV-061,P03 (primary regulation); P02; P06
C-FOOD-AG-R02,CIRCIA covered cyber incident and ransom payment reporting (proposed 6 CFR Part 226),6 U.S.C. 681-681g; proposed 6 CFR Part 226,No (not in force),"Proposed rule only; no final rule was published at intake. As proposed (226.2(a)), the company would be covered because it exceeds the SBA size standard for NAICS 311612 (1,000 employees; it has about 12,000). Reporting to CISA is voluntary until a final rule takes effect. Rechecked in P03 and P08",EV-005; EV-061,P03 (pending changes); P08; P01 (R-057)
C-FOOD-AG-R03,USCG Cybersecurity in the Marine Transportation System final rule,"33 CFR Part 101, Subpart F (101.600-101.670)",No,"Applicability is by MTSA facility, vessel or OCS facility status (33 CFR 101.605); no company site is an MTSA-regulated facility under 33 CFR Part 105. Confirmed in counsel review",EV-054; EV-061,P03 (documented as not applicable); P08
FSIS-416,FSIS Sanitation SOP records,9 CFR 416.16,"Yes, at all 8 plants",All 8 plants are official establishments under federal grants of inspection (Federal Meat Inspection Act). Only the electronic record and integrity provisions are analyzed,EV-056; EV-061,P03; P02
FSIS-417,"FSIS HACCP systems (monitoring, reassessment, records)",9 CFR Part 417,"Yes, at all 8 plants","Official establishments with HACCP plans; CCP monitoring runs through plant historians and the cold-chain service, and records are kept in the records platform and, at PLT-08, a legacy application. Only provisions that depend on electronic systems, monitoring or reassessment are analyzed",EV-056; EV-026; EV-027; EV-061,P03; P02; P05; P08
FSIS-418,FSIS recall notification and recall procedures,9 CFR 418.2; 9 CFR 418.3,"Yes, at all 8 plants",Official establishments with written recall procedures; 24-hour notice to FSIS if adulterated or misbranded product entered commerce,EV-056; EV-061,P03; P08; P05
FDA-117,FDA preventive controls record requirements,21 CFR 117.305; 21 CFR 117.315(c),"Yes, at PLT-07",Registered facility subject to Part 117. The corporate FSQA program owns Part 117; only the record requirements that depend on electronic systems are analyzed,EV-057; EV-060; EV-061,P03
FDA-1.230,FDA food facility registration and biennial renewal,21 CFR 1.225; 1.226(g); 1.230(b),"Yes, at PLT-07",PLT-07 registered since 2022-03 and renewed 2024-10; renewal window 2026-10-01 to 2026-12-31. The 7 meat-only plants are exempt under 1.226(g). DC-01 and DC-02 registration duties sit with the corporate FSQA program and are outside this analysis,EV-057; EV-061,P03; P01 (R-056)
RFR-350f,Reportable Food Registry,21 U.S.C. 350f,"Yes, at PLT-07",Applies to the registrant for FDA-regulated food; FSIS products follow 9 CFR 418.2 instead. 2 PLT-07 staff hold portal access,EV-057; EV-061,P03; P08
FDA-1-S,FSMA 204 Food Traceability Rule,"21 CFR Part 1, Subpart S",No,FSQA records show that no PLT-07 product is on FDA's Food Traceability List; tracked as a pending change in P03,EV-057,P03 (pending changes)
SEC-8K-1.05,SEC Form 8-K Item 1.05 (material cybersecurity incidents),Form 8-K Item 1.05; SEC Release 33-11216,Yes,"Publicly traded SEC registrant (large accelerated filer), not a smaller reporting company. Confirmed in counsel review",EV-033; EV-061,P03; P08
SEC-SK-106,"SEC Regulation S-K Item 106 (risk management, strategy and governance)",17 CFR 229.106,Yes,Same registrant status; the FY2025 Form 10-K includes Item 1C,EV-033; EV-061,P03; P01; P08
SOX-404,Internal control over financial reporting (IT general controls),Sarbanes-Oxley Act Section 404; 17 CFR 240.13a-15,Yes (separate program),SEC registrant; IT general controls over the ERP and payroll are tested by the SOX program and are not repeated here,EV-031; EV-033,SOX program; P01 (R-020)
EPA-302.6,Hazardous substance release reporting to the National Response Center,40 CFR 302.4; 40 CFR 302.6,"Yes, at 12 sites","Ammonia is a CERCLA hazardous substance with a 100 lb reportable quantity, and each of the 12 refrigeration systems holds about 12,000 to 48,000 lb; a cyber-caused refrigeration upset could cause a reportable release",EV-015; EV-064; EV-061,P03; P08
EPCRA-355,Emergency release notification to the LEPC and SERC,40 CFR 355.40; 40 CFR 355.42,"Yes, at 12 sites",Same ammonia systems; site emergency response plans list LEPC and SERC contacts,EV-015; EV-064; EV-061,P03; P08
OSHA-PSM-EPA-RMP,OSHA process safety management and EPA risk management program,29 CFR 1910.119; 40 CFR Part 68,Yes (separate program),"Each ammonia system exceeds the 10,000 lb threshold quantity in both rules; the programs are owned by the Director of Refrigeration and Process Safety and are context for risk and incident response, not restated here",EV-015; EV-064,PSM and RMP programs; P01; P08
CFATS,Chemical Facility Anti-Terrorism Standards,6 CFR Part 27,No,Statutory authority lapsed in July 2023. Confirmed in counsel review,EV-061,n/a
PCII,Protected Critical Infrastructure Information program,6 CFR Part 29,No,The company has never submitted information to DHS under the PCII program,EV-063; EV-061,n/a
FAR-52.204,"Federal contract clauses (basic safeguarding, Kaspersky, covered telecommunications)",FAR 52.204-21; 52.204-23; 52.204-25,No,No federal prime contracts or subcontracts in the contract repository; school and institutional sales go through distributors. Recheck if one is signed,EV-044; EV-061,P08
FL-501.171,Florida Information Protection Act (breach notification; worked example),Fla. Stat. 501.171,Yes,The company holds personal information of Florida residents (employees and online customers). Florida is the worked example for state law,EV-065; EV-054,P03; P08
STATE-BREACH,Breach notification and data security laws of other states,"Statutes of Georgia, Alabama, North Carolina, Tennessee, Texas and each state where affected individuals reside",Yes,"Employees in 6 states and about 140,000 online customers nationwide; notify under the law of each state of residence, using outside counsel's state matrix",EV-065; EV-054; EV-061,P03; P08
PCI-DSS,PCI DSS (by contract with the acquirer),PCI DSS v4.0.1; acquirer merchant agreement,Contractual (not analyzed),Hosted payment page for the online store and vendor-managed encrypting terminals in plant employee stores; no card numbers stored or processed on company systems,EV-065; EV-048,n/a
OFAC,Sanctions screening before any ransom payment,31 CFR ch. V; OFAC advisory (2021-09-21),Yes,Applies to all U.S. persons,EV-037,P08
CONTRACT-SL,"Customer agreements for SL-1 and SL-2 (assurance reports, notice and record terms)",SL-1 and SL-2 customer agreements,Yes,SL-1 customers receive a SOC 2 report and notice of temperature gaps within 24 hours; SL-2 agreements set specification and record package terms; two national retail customers require a SOC 2 Type 2 report including Confidentiality and Processing Integrity by the end of 2027,EV-046; EV-047,P09; P08
CONTRACT-CUST,Retail and foodservice customer supply and quality agreements (notice),Customer supply and quality agreements,Yes,"About 94% of sales go to grocery, club, foodservice and quick-service customers under supply and quality agreements kept by FSQA",EV-047; EV-052,P08
CSF-2.0,NIST CSF 2.0 with SP 800-82 Rev. 3 for OT,NIST CSWP 29 (2024-02-26); NIST SP 800-82 Rev. 3,Voluntary benchmark,No binding sector-specific federal cybersecurity rule covers the plants' OT; the company's program is aligned to CSF 2.0 for IT and OT,EV-029,P03; P02; P01
