obligation,citation,trigger,deadline,notify,applies_at_this_tier,clock_starts,owner,source_url,verified
DoD cyber incident report,DFARS 252.204-7012(c)(1)(ii) and (c)(2); definition of 'rapidly report' in 252.204-7012(a),"Discovery of a cyber incident that affects a covered contractor information system or the covered defense information in it (both runbooks: enclave session theft; ransomware on Plant 2 MES and DNC, which hold CUI)",Within 72 hours of discovery. Report what is known; add updates as the review continues,"DoD at https://dibnet.dod.mil, using a DoD-approved medium assurance certificate (252.204-7012(c)(3))",Yes - subcontractor with DFARS 252.204-7012 in all current subcontracts,Discovery of the cyber incident (time recorded by the incident commander),Director of Trade Compliance and Contracts (Security Manager backup),https://www.ecfr.gov/current/title-48/section-252.204-7012,true
Review for compromise of covered defense information,DFARS 252.204-7012(c)(1)(i),Same trigger as the DoD report,Starts at discovery; results feed the report and its updates,Internal (results go to DoD in the report),"Yes - identify compromised computers, servers, specific data, and user accounts, including other systems that may have been accessed",Discovery,Security Manager,https://www.ecfr.gov/current/title-48/section-252.204-7012,true
Incident report number to the higher-tier contractor,DFARS 252.204-7012(m)(2)(ii),After the DIBNet report is submitted and DoD assigns an incident report number,As soon as practicable,"Prime A, Prime B, and/or Prime C (whichever subcontract the affected CUI belongs to)",Yes - flowed down in all current subcontracts,DoD assigns the number,Director of Trade Compliance and Contracts,https://www.ecfr.gov/current/title-48/section-252.204-7012,true
Malicious software submission,DFARS 252.204-7012(d),Malicious software discovered and isolated in connection with a reported incident,As instructed by DC3 or the Contracting Officer. Do not send malware to the Contracting Officer,DoD Cyber Crime Center (DC3),Yes if malware is found (expected in the ransomware runbook; an adversary-in-the-middle kit may leave none),Malware isolated,Security Manager,https://www.ecfr.gov/current/title-48/section-252.204-7012,true
Preserve images and monitoring data,DFARS 252.204-7012(e),Discovery of a cyber incident,"Keep for at least 90 days from submission of the report, so DoD can request the media or decline interest",Internal custody (Security Manager); forensic firm; cloud provider,"Yes - images of all known affected systems, including MES and DNC servers, and relevant monitoring and packet capture data",Submission of the DIBNet report (90-day minimum),Security Manager,https://www.ecfr.gov/current/title-48/section-252.204-7012,true
DoD access for forensic analysis and damage assessment,DFARS 252.204-7012(f) and (g),DoD request for more information or equipment; Contracting Officer request for damage assessment information,On request,DoD (through the Contracting Officer),Yes - Director of Trade Compliance and Contracts is the DoD liaison; General Counsel reviews,Request received,Director of Trade Compliance and Contracts,https://www.ecfr.gov/current/title-48/section-252.204-7012,true
Cloud service provider incident duties,DFARS 252.204-7012(b)(2)(ii)(D),Incident involving CUI in the government-community cloud,The provider must comply with paragraphs (c) to (g); coordinate so reports and preserved data are consistent,Government-community cloud provider (security contact from the CRM),Yes - the company ensures the provider meets these duties,Discovery,Security Manager,https://www.ecfr.gov/current/title-48/section-252.204-7012,true
Supplier incident report number,DFARS 252.204-7012(m)(2)(ii) as flowed down to suppliers,A supplier that holds company CUI reports a cyber incident to DoD,The supplier gives its DoD incident report number to the company as soon as practicable,"Company receives it; the company informs the affected prime (contract practice, not a clause duty)",Yes - for the 13 suppliers with current flowdown; the 9 legacy suppliers have no such duty until re-papered (P03 G-119),Supplier's DoD report,Director of Supply Chain,https://www.ecfr.gov/current/title-48/section-252.204-7012,true
ITAR voluntary disclosure (possible unauthorized release),22 CFR 127.12; release defined in 22 CFR 120.56,"Empowered Official believes an ITAR violation may have occurred (for example, technical data released to a foreign person)",Voluntary. Initial notice immediately after the violation is discovered; full disclosure within 60 calendar days of the notice unless an extension is granted (127.12(c)(1)),Directorate of Defense Trade Controls,Decision by the Director of Trade Compliance and Contracts (Empowered Official) with export counsel. Theft by an outside attacker may not be a company violation; document the reasoning either way,Empowered Official's determination,Director of Trade Compliance and Contracts,https://www.ecfr.gov/current/title-22/section-127.12,true
EAR voluntary self-disclosure,15 CFR 764.5,Company believes it may have violated the EAR (Customer D and Customer E parts carry EAR-controlled technology),Voluntary; a deliberate decision not to disclose a significant apparent violation is an aggravating factor (764.5(a)),BIS Office of Export Enforcement,Decision by the Director of Trade Compliance and Contracts with export counsel,Company's determination,Director of Trade Compliance and Contracts,https://www.ecfr.gov/current/title-15/section-764.5,true
Florida breach notice to individuals,Fla. Stat. 501.171(4),Breach of security of personal information of Florida residents (employee records on the Plant 2 corporate segment or in SYS-11),"No later than 30 days after determination of the breach (one 15-day extension for good cause, provided in writing to the Department within 30 days)",Affected Florida residents (employees),Only if personal information is involved. Possible in the ransomware runbook (Plant 2 HR files); not expected in the exfiltration runbook,Determination of the breach,General Counsel with the HR Director,http://www.leg.state.fl.us/statutes/index.cfm?App_mode=Display_Statute&URL=0500-0599/0501/Sections/0501.171.html,true
Florida notice to the Department of Legal Affairs,Fla. Stat. 501.171(3),Breach affecting 500 or more individuals in Florida,No later than 30 days after determination of the breach (the 15-day extension does not apply to this notice),Florida Department of Legal Affairs,Only if 500 or more Florida residents' personal information is involved,Determination of the breach,General Counsel,http://www.leg.state.fl.us/statutes/index.cfm?App_mode=Display_Statute&URL=0500-0599/0501/Sections/0501.171.html,true
Florida notice to consumer reporting agencies,Fla. Stat. 501.171(5),"Notice to more than 1,000 individuals at a single time",Without unreasonable delay,Nationwide consumer reporting agencies,"Only if more than 1,000 individuals are notified (the company has 850 employees, so only if former employees or applicants are included)",Decision to notify individuals,General Counsel,http://www.leg.state.fl.us/statutes/index.cfm?App_mode=Display_Statute&URL=0500-0599/0501/Sections/0501.171.html,true
Third-party agent notice to the company,Fla. Stat. 501.171(6),"A third-party agent (for example, the payroll and HR SaaS provider) has a breach of the company's employee personal information",The agent must notify the company within 10 days of determining the breach,Company (General Counsel),Yes - inbound duty on the agent; the company then decides individual notice,Agent's determination,General Counsel,http://www.leg.state.fl.us/statutes/index.cfm?App_mode=Display_Statute&URL=0500-0599/0501/Sections/0501.171.html,true
Other states' breach laws,State breach notification statutes,"Personal information of residents of other states (for example, remote workers or former employees who moved)",Varies by state,Residents and regulators per each state's law,Only if personal information of non-Florida residents is involved,Varies by state,General Counsel,https://www.ftc.gov/business-guidance/resources/data-breach-response-guide-business,true
Commercial and services customer notice,Customer D and Customer E purchase agreements; services agreements (contracts),"Customer technical data or services customer files affected, or services disrupted",Per contract terms (services agreements: notice within 72 hours of confirming a security incident affecting customer data),Affected customers,"Contractual, not legal. Director of Trade Compliance and Contracts checks each agreement",Confirmation of the incident,Director of Trade Compliance and Contracts,,n/a
Cyber insurance claim notice,Cyber insurance policy (contract),Suspected security incident,Per policy: call the carrier hotline before engaging vendors,"Carrier breach hotline ($15 million limit, $500,000 retention)","Contractual, not legal",Suspicion of an incident,Chief Financial Officer,,n/a
Board and private equity sponsor update,Company governance (audit committee charter),Any incident declared severity 1,Within 24 hours of declaration,Audit committee chair; sponsor's operating partner,"Internal governance, not legal",Severity 1 declaration,Chief Executive Officer,,n/a
Voluntary report to law enforcement,None (voluntary),Suspected theft of controlled technical information by a foreign or criminal actor; ransomware,As soon as practical,FBI field office or IC3; CISA,Recommended; coordinate with the DIBNet report,Declaration,Security Manager,https://www.ic3.gov,true
OFAC sanctions check before any ransom or extortion payment,"OFAC Updated Advisory on Potential Sanctions Risks for Facilitating Ransomware Payments (Sept. 21, 2021); 31 CFR ch. V",Considering any payment to an extortionist,Before any payment; full and timely reporting to law enforcement or CISA is a mitigating factor,OFAC (license if sanctioned party); FBI or CISA,"Only if extortion occurs. POL-03 4.11 requires a CEO decision after counsel, insurer, and OFAC check",Before any payment decision,General Counsel,https://ofac.treasury.gov/recent-actions/20210921,true
Cleared contractor cyber incident report,32 CFR 117.8(f)(1),Cyber incident on a classified information system,Immediately,DCSA (Cognizant Security Office),No - the company has no facility clearance or classified systems,n/a,n/a,https://www.ecfr.gov/current/title-32/section-117.8,true
Covered telecommunications equipment report,FAR 52.204-25(d); FAR 52.240-91(h) in awards under an agency's FAR Part 40 class deviation,Discovery of covered telecommunications equipment or services during contract performance,"Within 1 business day of identification; mitigation details within 10 business days. Under FAR 52.240-91(h) (new awards under an agency's FAR Part 40 class deviation): one report within 72 hours, to https://dibnet.dod.mil for DoD or to the contracting officer for other agencies; a further report within 72 hours of finding missing information.",Contracting Officer (DoD: https://dibnet.dod.mil),"No - not triggered by these incident types; applies only if such equipment is found (Plant 2 camera check, P01 R-039)",Identification,Director of Trade Compliance and Contracts,https://www.ecfr.gov/current/title-48/section-52.204-25,true
SEC cybersecurity incident disclosure,Form 8-K Item 1.05,Material cybersecurity incident at a public company,4 business days after determining materiality,SEC,No - the company is privately held,n/a,n/a,https://www.sec.gov/resources-small-businesses/small-business-compliance-guides/cybersecurity-risk-management-strategy-governance-incident-disclosure,true
CIRCIA incident and ransom payment reports (PROPOSED),6 U.S.C. 681b; proposed 6 CFR Part 226,Covered cyber incident or ransom payment,Proposed: 72 hours; 24 hours after ransom payment,CISA,No - final rule not published as of 2026-09-25; not a current obligation,n/a,n/a,https://www.cisa.gov/topics/cyber-threats-and-advisories/information-sharing/cyber-incident-reporting-critical-infrastructure-act-2022-circia,true
