control_id,objective_id,determination_statement_summary,method,assessment_object,evidence_ref,finding,finding_detail,risk_level,poam_id,assessment_scope
AC-2,AC-02a.[01],account types allowed for use within the system are defined and documented;,Examine; Interview; Test,Identity governance configuration; joiner-mover-leaver sample (60 events across 3 divisions); service account register; legacy POS user lists at 6 hotels; group identity director interview,EV-C-AC2,Satisfied,Evidence supports the statement,,,Common control (SYS-G1)
AC-2,AC-02a.[02],account types specifically prohibited for use within the system are defined and documented;,Examine; Interview; Test,Identity governance configuration; joiner-mover-leaver sample (60 events across 3 divisions); service account register; legacy POS user lists at 6 hotels; group identity director interview,EV-C-AC2,Satisfied,Evidence supports the statement,,,Common control (SYS-G1)
AC-2,AC-02b.,account managers are assigned;,Examine; Interview; Test,Identity governance configuration; joiner-mover-leaver sample (60 events across 3 divisions); service account register; legacy POS user lists at 6 hotels; group identity director interview,EV-C-AC2,Satisfied,Evidence supports the statement,,,Common control (SYS-G1)
AC-2,AC-02c.,[organization-defined value] for group and role membership are required;,Examine; Interview; Test,Identity governance configuration; joiner-mover-leaver sample (60 events across 3 divisions); service account register; legacy POS user lists at 6 hotels; group identity director interview,EV-C-AC2,Satisfied,Evidence supports the statement,,,Common control (SYS-G1)
AC-2,AC-02d.01,authorized users of the system are specified;,Examine; Interview; Test,Identity governance configuration; joiner-mover-leaver sample (60 events across 3 divisions); service account register; legacy POS user lists at 6 hotels; group identity director interview,EV-C-AC2,Satisfied,Evidence supports the statement,,,Common control (SYS-G1)
AC-2,AC-02d.02,group and role membership are specified;,Examine; Interview; Test,Identity governance configuration; joiner-mover-leaver sample (60 events across 3 divisions); service account register; legacy POS user lists at 6 hotels; group identity director interview,EV-C-AC2,Satisfied,Evidence supports the statement,,,Common control (SYS-G1)
AC-2,AC-02d.03[01],"access authorizations (i.e., privileges) are specified for each account;",Examine; Interview; Test,Identity governance configuration; joiner-mover-leaver sample (60 events across 3 divisions); service account register; legacy POS user lists at 6 hotels; group identity director interview,EV-C-AC2,Satisfied,Evidence supports the statement,,,Common control (SYS-G1)
AC-2,AC-02d.03[02],[organization-defined value] are specified for each account;,Examine; Interview; Test,Identity governance configuration; joiner-mover-leaver sample (60 events across 3 divisions); service account register; legacy POS user lists at 6 hotels; group identity director interview,EV-C-AC2,Satisfied,Evidence supports the statement,,,Common control (SYS-G1)
AC-2,AC-02e.,approvals are required by [organization-defined value] for requests to create accounts;,Examine; Interview; Test,Identity governance configuration; joiner-mover-leaver sample (60 events across 3 divisions); service account register; legacy POS user lists at 6 hotels; group identity director interview,EV-C-AC2,Satisfied,Evidence supports the statement,,,Common control (SYS-G1)
AC-2,AC-02f.[01],accounts are created in accordance with [organization-defined value];,Examine; Interview; Test,Identity governance configuration; joiner-mover-leaver sample (60 events across 3 divisions); service account register; legacy POS user lists at 6 hotels; group identity director interview,EV-C-AC2,Other than satisfied,112 legacy POS local accounts at 23 hotels (and kiosk accounts at 2 parks) are created by outlet managers outside identity governance,Moderate,POAM-002,Common control (SYS-G1)
AC-2,AC-02f.[02],accounts are enabled in accordance with [organization-defined value];,Examine; Interview; Test,Identity governance configuration; joiner-mover-leaver sample (60 events across 3 divisions); service account register; legacy POS user lists at 6 hotels; group identity director interview,EV-C-AC2,Satisfied,Evidence supports the statement,,,Common control (SYS-G1)
AC-2,AC-02f.[03],accounts are modified in accordance with [organization-defined value];,Examine; Interview; Test,Identity governance configuration; joiner-mover-leaver sample (60 events across 3 divisions); service account register; legacy POS user lists at 6 hotels; group identity director interview,EV-C-AC2,Satisfied,Evidence supports the statement,,,Common control (SYS-G1)
AC-2,AC-02f.[04],accounts are disabled in accordance with [organization-defined value];,Examine; Interview; Test,Identity governance configuration; joiner-mover-leaver sample (60 events across 3 divisions); service account register; legacy POS user lists at 6 hotels; group identity director interview,EV-C-AC2,Satisfied,Evidence supports the statement,,,Common control (SYS-G1)
AC-2,AC-02f.[05],accounts are removed in accordance with [organization-defined value];,Examine; Interview; Test,Identity governance configuration; joiner-mover-leaver sample (60 events across 3 divisions); service account register; legacy POS user lists at 6 hotels; group identity director interview,EV-C-AC2,Satisfied,Evidence supports the statement,,,Common control (SYS-G1)
AC-2,AC-02g.,the use of accounts is monitored;,Examine; Interview; Test,Identity governance configuration; joiner-mover-leaver sample (60 events across 3 divisions); service account register; legacy POS user lists at 6 hotels; group identity director interview,EV-C-AC2,Other than satisfied,Use of legacy POS local accounts and of 9 of 46 PMPS service accounts is not monitored by behavior analytics,Moderate,POAM-002,Common control (SYS-G1)
AC-2,AC-02h.01,account managers and [organization-defined value] are notified within [organization-defined value] when accounts are no longer required;,Examine; Interview; Test,Identity governance configuration; joiner-mover-leaver sample (60 events across 3 divisions); service account register; legacy POS user lists at 6 hotels; group identity director interview,EV-C-AC2,Satisfied,Evidence supports the statement,,,Common control (SYS-G1)
AC-2,AC-02h.02,account managers and [organization-defined value] are notified within [organization-defined value] when users are terminated or transferred;,Examine; Interview; Test,Identity governance configuration; joiner-mover-leaver sample (60 events across 3 divisions); service account register; legacy POS user lists at 6 hotels; group identity director interview,EV-C-AC2,Satisfied,Evidence supports the statement,,,Common control (SYS-G1)
AC-2,AC-02h.03,account managers and [organization-defined value] are notified within [organization-defined value] when system usage or the need to know changes for an individual;,Examine; Interview; Test,Identity governance configuration; joiner-mover-leaver sample (60 events across 3 divisions); service account register; legacy POS user lists at 6 hotels; group identity director interview,EV-C-AC2,Satisfied,Evidence supports the statement,,,Common control (SYS-G1)
AC-2,AC-02i.01,access to the system is authorized based on a valid access authorization;,Examine; Interview; Test,Identity governance configuration; joiner-mover-leaver sample (60 events across 3 divisions); service account register; legacy POS user lists at 6 hotels; group identity director interview,EV-C-AC2,Satisfied,Evidence supports the statement,,,Common control (SYS-G1)
AC-2,AC-02i.02,access to the system is authorized based on intended system usage;,Examine; Interview; Test,Identity governance configuration; joiner-mover-leaver sample (60 events across 3 divisions); service account register; legacy POS user lists at 6 hotels; group identity director interview,EV-C-AC2,Satisfied,Evidence supports the statement,,,Common control (SYS-G1)
AC-2,AC-02i.03,access to the system is authorized based on [organization-defined value];,Examine; Interview; Test,Identity governance configuration; joiner-mover-leaver sample (60 events across 3 divisions); service account register; legacy POS user lists at 6 hotels; group identity director interview,EV-C-AC2,Satisfied,Evidence supports the statement,,,Common control (SYS-G1)
AC-2,AC-02j.,accounts are reviewed for compliance with account management requirements [organization-defined value];,Examine; Interview; Test,Identity governance configuration; joiner-mover-leaver sample (60 events across 3 divisions); service account register; legacy POS user lists at 6 hotels; group identity director interview,EV-C-AC2,Other than satisfied,Legacy POS local accounts and service accounts are excluded from quarterly certification,Moderate,POAM-002,Common control (SYS-G1)
AC-2,AC-02k.[01],a process is established for changing shared or group account authenticators (if deployed) when individuals are removed from the group;,Examine; Interview; Test,Identity governance configuration; joiner-mover-leaver sample (60 events across 3 divisions); service account register; legacy POS user lists at 6 hotels; group identity director interview,EV-C-AC2,Satisfied,Evidence supports the statement,,,Common control (SYS-G1)
AC-2,AC-02k.[02],a process is implemented for changing shared or group account authenticators (if deployed) when individuals are removed from the group;,Examine; Interview; Test,Identity governance configuration; joiner-mover-leaver sample (60 events across 3 divisions); service account register; legacy POS user lists at 6 hotels; group identity director interview,EV-C-AC2,Satisfied,Evidence supports the statement,,,Common control (SYS-G1)
AC-2,AC-02l.[01],account management processes are aligned with personnel termination processes;,Examine; Interview; Test,Identity governance configuration; joiner-mover-leaver sample (60 events across 3 divisions); service account register; legacy POS user lists at 6 hotels; group identity director interview,EV-C-AC2,Satisfied,Evidence supports the statement,,,Common control (SYS-G1)
AC-2,AC-02l.[02],account management processes are aligned with personnel transfer processes.,Examine; Interview; Test,Identity governance configuration; joiner-mover-leaver sample (60 events across 3 divisions); service account register; legacy POS user lists at 6 hotels; group identity director interview,EV-C-AC2,Satisfied,Evidence supports the statement,,,Common control (SYS-G1)
AC-2(3),AC-02(03)(a),accounts are disabled within [organization-defined value] when the accounts have expired;,Examine; Test,Inactivity job configuration; 25 inactive accounts,EV-C-AC2-3,Satisfied,Evidence supports the statement,,,Common control (SYS-G1)
AC-2(3),AC-02(03)(b),accounts are disabled within [organization-defined value] when the accounts are no longer associated with a user or individual;,Examine; Test,Inactivity job configuration; 25 inactive accounts,EV-C-AC2-3,Satisfied,Evidence supports the statement,,,Common control (SYS-G1)
AC-2(3),AC-02(03)(c),accounts are disabled within [organization-defined value] when the accounts are in violation of organizational policy;,Examine; Test,Inactivity job configuration; 25 inactive accounts,EV-C-AC2-3,Satisfied,Evidence supports the statement,,,Common control (SYS-G1)
AC-2(3),AC-02(03)(d),accounts are disabled within [organization-defined value] when the accounts have been inactive for [organization-defined value].,Examine; Test,Inactivity job configuration; 25 inactive accounts,EV-C-AC2-3,Satisfied,Evidence supports the statement,,,Common control (SYS-G1)
AC-6(5),AC-06(05),privileged accounts on the system are restricted to [organization-defined value].,Examine; Test,PAM role configuration; privileged group membership,EV-C-AC6-5,Satisfied,Evidence supports the statement,,,Common control (SYS-G1)
IA-2,IA-02[01],organizational users are uniquely identified and authenticated;,Examine; Test,Federation of 52 applications; sign-in logs,EV-C-IA2,Satisfied,Evidence supports the statement,,,Common control (SYS-G1)
IA-2,IA-02[02],the unique identification of authenticated organizational users is associated with processes acting on behalf of those users.,Examine; Test,Federation of 52 applications; sign-in logs,EV-C-IA2,Satisfied,Evidence supports the statement,,,Common control (SYS-G1)
IA-2(1),IA-02(01),multi-factor authentication is implemented for access to privileged accounts.,Test,Administrator sign-in with a hardware key; PAM elevation,EV-C-IA2-1,Satisfied,Evidence supports the statement,,,Common control (SYS-G1)
IA-5,IA-05a.,"system authenticators are managed through the verification of the identity of the individual, group, role, service, or device receiving the authenticator as part of the initial authenticator distribution;",Examine; Test,Secret store report; legacy POS PIN policy; authenticator policy,EV-C-IA5,Satisfied,Evidence supports the statement,,,Common control (SYS-G1)
IA-5,IA-05b.,system authenticators are managed through the establishment of initial authenticator content for any authenticators issued by the organization;,Examine; Test,Secret store report; legacy POS PIN policy; authenticator policy,EV-C-IA5,Satisfied,Evidence supports the statement,,,Common control (SYS-G1)
IA-5,IA-05c.,system authenticators are managed to ensure that authenticators have sufficient strength of mechanism for their intended use;,Examine; Test,Secret store report; legacy POS PIN policy; authenticator policy,EV-C-IA5,Other than satisfied,Legacy POS local accounts use 6-digit PINs (2025 ROC compensating control),Moderate,POAM-003,Common control (SYS-G1)
IA-5,IA-05d.,"system authenticators are managed through the establishment and implementation of administrative procedures for initial authenticator distribution; lost, compromised, or damaged authenticators; and the revocation of authenticators;",Examine; Test,Secret store report; legacy POS PIN policy; authenticator policy,EV-C-IA5,Satisfied,Evidence supports the statement,,,Common control (SYS-G1)
IA-5,IA-05e.,system authenticators are managed through the change of default authenticators prior to first use;,Examine; Test,Secret store report; legacy POS PIN policy; authenticator policy,EV-C-IA5,Satisfied,Evidence supports the statement,,,Common control (SYS-G1)
IA-5,IA-05f.,system authenticators are managed through the change or refreshment of authenticators [organization-defined value] or when [organization-defined value] occur;,Examine; Test,Secret store report; legacy POS PIN policy; authenticator policy,EV-C-IA5,Other than satisfied,The CRS integration service account key has not been rotated since 2024; 90-day rotation required by POL-02,Moderate,POAM-003,Common control (SYS-G1)
IA-5,IA-05g.,system authenticators are managed through the protection of authenticator content from unauthorized disclosure and modification;,Examine; Test,Secret store report; legacy POS PIN policy; authenticator policy,EV-C-IA5,Satisfied,Evidence supports the statement,,,Common control (SYS-G1)
IA-5,IA-05h.[01],system authenticators are managed through the requirement for individuals to take specific controls to protect authenticators;,Examine; Test,Secret store report; legacy POS PIN policy; authenticator policy,EV-C-IA5,Satisfied,Evidence supports the statement,,,Common control (SYS-G1)
IA-5,IA-05h.[02],system authenticators are managed through the requirement for devices to implement specific controls to protect authenticators;,Examine; Test,Secret store report; legacy POS PIN policy; authenticator policy,EV-C-IA5,Satisfied,Evidence supports the statement,,,Common control (SYS-G1)
IA-5,IA-05i.,system authenticators are managed through the change of authenticators for group or role accounts when membership to those accounts changes.,Examine; Test,Secret store report; legacy POS PIN policy; authenticator policy,EV-C-IA5,Satisfied,Evidence supports the statement,,,Common control (SYS-G1)
AC-17,AC-17a.[01],usage restrictions are established and documented for each type of remote access allowed;,Examine; Interview; Test,Remote access standard; PAM vendor gateway; legacy POS vendor remote tool configuration,EV-C-AC17,Satisfied,Evidence supports the statement,,,Common control (SYS-G1)
AC-17,AC-17a.[02],configuration/connection requirements are established and documented for each type of remote access allowed;,Examine; Interview; Test,Remote access standard; PAM vendor gateway; legacy POS vendor remote tool configuration,EV-C-AC17,Other than satisfied,"The legacy POS vendor's remote tool is configured by the vendor, not by the group remote access standard",High,POAM-001,Common control (SYS-G1)
AC-17,AC-17a.[03],implementation guidance is established and documented for each type of remote access allowed;,Examine; Interview; Test,Remote access standard; PAM vendor gateway; legacy POS vendor remote tool configuration,EV-C-AC17,Satisfied,Evidence supports the statement,,,Common control (SYS-G1)
AC-17,AC-17b.,each type of remote access to the system is authorized prior to allowing such connections.,Examine; Interview; Test,Remote access standard; PAM vendor gateway; legacy POS vendor remote tool configuration,EV-C-AC17,Other than satisfied,Vendor remote sessions into legacy POS servers at 23 hotels and 2 parks are always available and not authorized per connection,High,POAM-001,Common control (SYS-G1)
PS-4,PS-04a.,"upon termination of individual employment, system access is disabled within [organization-defined value];",Examine; Test,HR termination events; 60 seasonal park leavers; 25 hotel terminations,EV-C-PS4,Other than satisfied,14 of 60 seasonal park leavers were disabled 8 to 21 days after their last shift; hotel terminations met the 4-hour standard,Low,POAM-004,Common control (Group HR with SYS-G1)
PS-4,PS-04b.,"upon termination of individual employment, any authenticators and credentials are terminated or revoked;",Examine; Test,HR termination events; 60 seasonal park leavers; 25 hotel terminations,EV-C-PS4,Satisfied,Evidence supports the statement,,,Common control (Group HR with SYS-G1)
PS-4,PS-04c.,"upon termination of individual employment, exit interviews that include a discussion of [organization-defined value] are conducted;",Examine; Test,HR termination events; 60 seasonal park leavers; 25 hotel terminations,EV-C-PS4,Satisfied,Evidence supports the statement,,,Common control (Group HR with SYS-G1)
PS-4,PS-04d.,"upon termination of individual employment, all security-related organizational system-related property is retrieved;",Examine; Test,HR termination events; 60 seasonal park leavers; 25 hotel terminations,EV-C-PS4,Satisfied,Evidence supports the statement,,,Common control (Group HR with SYS-G1)
PS-4,PS-04e.,"upon termination of individual employment, access to organizational information and systems formerly controlled by the terminated individual are retained.",Examine; Test,HR termination events; 60 seasonal park leavers; 25 hotel terminations,EV-C-PS4,Satisfied,Evidence supports the statement,,,Common control (Group HR with SYS-G1)
AT-2,AT-02a.01[01],"security literacy training is provided to system users (including managers, senior executives, and contractors) as part of initial training for new users;",Examine,Training platform reports for all three divisions; content versions,EV-C-AT2,Satisfied,Evidence supports the statement,,,Common control (Group HR)
AT-2,AT-02a.01[02],"privacy literacy training is provided to system users (including managers, senior executives, and contractors) as part of initial training for new users;",Examine,Training platform reports for all three divisions; content versions,EV-C-AT2,Satisfied,Evidence supports the statement,,,Common control (Group HR)
AT-2,AT-02a.01[03],"security literacy training is provided to system users (including managers, senior executives, and contractors) [organization-defined value] thereafter;",Examine,Training platform reports for all three divisions; content versions,EV-C-AT2,Other than satisfied,"Vacation Ownership annual refresher completion 91% (Hotels 96%, Attractions 98%)",Moderate,POAM-005,Common control (Group HR)
AT-2,AT-02a.01[04],"privacy literacy training is provided to system users (including managers, senior executives, and contractors) [organization-defined value] thereafter;",Examine,Training platform reports for all three divisions; content versions,EV-C-AT2,Satisfied,Evidence supports the statement,,,Common control (Group HR)
AT-2,AT-02a.02[01],"security literacy training is provided to system users (including managers, senior executives, and contractors) when required by system changes or following [organization-defined value];",Examine,Training platform reports for all three divisions; content versions,EV-C-AT2,Satisfied,Evidence supports the statement,,,Common control (Group HR)
AT-2,AT-02a.02[02],"privacy literacy training is provided to system users (including managers, senior executives, and contractors) when required by system changes or following [organization-defined value];",Examine,Training platform reports for all three divisions; content versions,EV-C-AT2,Satisfied,Evidence supports the statement,,,Common control (Group HR)
AT-2,AT-02b.,[organization-defined value] are employed to increase the security and privacy awareness of system users;,Examine,Training platform reports for all three divisions; content versions,EV-C-AT2,Satisfied,Evidence supports the statement,,,Common control (Group HR)
AT-2,AT-02c.[01],literacy training and awareness content is updated [organization-defined value];,Examine,Training platform reports for all three divisions; content versions,EV-C-AT2,Other than satisfied,Vacation Ownership still uses its 2023 training content,Moderate,POAM-005,Common control (Group HR)
AT-2,AT-02c.[02],literacy training and awareness content is updated following [organization-defined value];,Examine,Training platform reports for all three divisions; content versions,EV-C-AT2,Satisfied,Evidence supports the statement,,,Common control (Group HR)
AT-2,AT-02d.,lessons learned from internal or external security incidents or breaches are incorporated into literacy training and awareness techniques.,Examine,Training platform reports for all three divisions; content versions,EV-C-AT2,Satisfied,Evidence supports the statement,,,Common control (Group HR)
SI-4,SI-04a.01,the system is monitored to detect attacks and indicators of potential attacks in accordance with [organization-defined value];,Examine; Interview; Test,SIEM data source inventory; detection rules; simulated vendor remote session,EV-C-SI4,Satisfied,Evidence supports the statement,,,Common control (SYS-G2)
SI-4,SI-04a.02[01],the system is monitored to detect unauthorized local connections;,Examine; Interview; Test,SIEM data source inventory; detection rules; simulated vendor remote session,EV-C-SI4,Satisfied,Evidence supports the statement,,,Common control (SYS-G2)
SI-4,SI-04a.02[02],the system is monitored to detect unauthorized network connections;,Examine; Interview; Test,SIEM data source inventory; detection rules; simulated vendor remote session,EV-C-SI4,Satisfied,Evidence supports the statement,,,Common control (SYS-G2)
SI-4,SI-04a.02[03],the system is monitored to detect unauthorized remote connections;,Examine; Interview; Test,SIEM data source inventory; detection rules; simulated vendor remote session,EV-C-SI4,Other than satisfied,The simulated vendor remote session into a legacy POS server produced no SOC alert,Moderate,POAM-006,Common control (SYS-G2)
SI-4,SI-04b.,unauthorized use of the system is identified through [organization-defined value];,Examine; Interview; Test,SIEM data source inventory; detection rules; simulated vendor remote session,EV-C-SI4,Satisfied,Evidence supports the statement,,,Common control (SYS-G2)
SI-4,SI-04c.01,internal monitoring capabilities are invoked or monitoring devices are deployed strategically within the system to collect organization-determined essential information;,Examine; Interview; Test,SIEM data source inventory; detection rules; simulated vendor remote session,EV-C-SI4,Other than satisfied,Legacy POS servers and the Vacation Ownership legacy data center and directory are not SIEM sources,Moderate,POAM-006,Common control (SYS-G2)
SI-4,SI-04c.02,internal monitoring capabilities are invoked or monitoring devices are deployed at ad hoc locations within the system to track specific types of transactions of interest to the organization;,Examine; Interview; Test,SIEM data source inventory; detection rules; simulated vendor remote session,EV-C-SI4,Satisfied,Evidence supports the statement,,,Common control (SYS-G2)
SI-4,SI-04d.[01],detected events are analyzed;,Examine; Interview; Test,SIEM data source inventory; detection rules; simulated vendor remote session,EV-C-SI4,Satisfied,Evidence supports the statement,,,Common control (SYS-G2)
SI-4,SI-04d.[02],detected anomalies are analyzed;,Examine; Interview; Test,SIEM data source inventory; detection rules; simulated vendor remote session,EV-C-SI4,Satisfied,Evidence supports the statement,,,Common control (SYS-G2)
SI-4,SI-04e.,"the level of system monitoring activity is adjusted when there is a change in risk to organizational operations and assets, individuals, other organizations, or the Nation;",Examine; Interview; Test,SIEM data source inventory; detection rules; simulated vendor remote session,EV-C-SI4,Satisfied,Evidence supports the statement,,,Common control (SYS-G2)
SI-4,SI-04f.,a legal opinion regarding system monitoring activities is obtained;,Examine; Interview; Test,SIEM data source inventory; detection rules; simulated vendor remote session,EV-C-SI4,Satisfied,Evidence supports the statement,,,Common control (SYS-G2)
SI-4,SI-04g.,[organization-defined value] is provided to [organization-defined value] [organization-defined value].,Examine; Interview; Test,SIEM data source inventory; detection rules; simulated vendor remote session,EV-C-SI4,Satisfied,Evidence supports the statement,,,Common control (SYS-G2)
AU-6,AU-06a.,system audit records are reviewed and analyzed [organization-defined value] for indications of [organization-defined value] and the potential impact of the inappropriate or unusual activity;,Examine; Interview,Daily review records; vendor log review reports,EV-C-AU6,Other than satisfied,"Legacy POS server logs are reviewed by the POS vendor and legacy data center logs by division staff, not by the SOC",Moderate,POAM-006,Common control (SYS-G2)
AU-6,AU-06b.,findings are reported to [organization-defined value];,Examine; Interview,Daily review records; vendor log review reports,EV-C-AU6,Satisfied,Evidence supports the statement,,,Common control (SYS-G2)
AU-6,AU-06c.,"the level of audit record review, analysis, and reporting within the system is adjusted when there is a change in risk based on law enforcement information, intelligence information, or other credible sources of information.",Examine; Interview,Daily review records; vendor log review reports,EV-C-AU6,Satisfied,Evidence supports the statement,,,Common control (SYS-G2)
IR-3,IR-03,the effectiveness of the incident response capability for the system is tested [organization-defined value] using [organization-defined value].,Examine; Interview,Exercise reports 2025-2026,EV-C-IR3,Other than satisfied,Technical playbooks tested quarterly; no exercise has covered a cross-division incident or the notification matrix,Moderate,POAM-009,Common control (SYS-G2)
IR-4,IR-04a.[01],an incident handling capability for incidents is implemented that is consistent with the incident response plan;,Examine; Interview,Incident records 2025-2026; playbooks; division procedures,EV-C-IR4,Satisfied,Evidence supports the statement,,,Common control (SYS-G2)
IR-4,IR-04a.[02],the incident handling capability for incidents includes preparation;,Examine; Interview,Incident records 2025-2026; playbooks; division procedures,EV-C-IR4,Satisfied,Evidence supports the statement,,,Common control (SYS-G2)
IR-4,IR-04a.[03],the incident handling capability for incidents includes detection and analysis;,Examine; Interview,Incident records 2025-2026; playbooks; division procedures,EV-C-IR4,Satisfied,Evidence supports the statement,,,Common control (SYS-G2)
IR-4,IR-04a.[04],the incident handling capability for incidents includes containment;,Examine; Interview,Incident records 2025-2026; playbooks; division procedures,EV-C-IR4,Other than satisfied,The card compromise playbook does not say who may disconnect the shared legacy POS vendor across both divisions or how,Moderate,POAM-007,Common control (SYS-G2)
IR-4,IR-04a.[05],the incident handling capability for incidents includes eradication;,Examine; Interview,Incident records 2025-2026; playbooks; division procedures,EV-C-IR4,Satisfied,Evidence supports the statement,,,Common control (SYS-G2)
IR-4,IR-04a.[06],the incident handling capability for incidents includes recovery;,Examine; Interview,Incident records 2025-2026; playbooks; division procedures,EV-C-IR4,Satisfied,Evidence supports the statement,,,Common control (SYS-G2)
IR-4,IR-04b.,incident handling activities are coordinated with contingency planning activities;,Examine; Interview,Incident records 2025-2026; playbooks; division procedures,EV-C-IR4,Satisfied,Evidence supports the statement,,,Common control (SYS-G2)
IR-4,IR-04c.[01],"lessons learned from ongoing incident handling activities are incorporated into incident response procedures, training, and testing;",Examine; Interview,Incident records 2025-2026; playbooks; division procedures,EV-C-IR4,Satisfied,Evidence supports the statement,,,Common control (SYS-G2)
IR-4,IR-04c.[02],the changes resulting from the incorporated lessons learned are implemented accordingly;,Examine; Interview,Incident records 2025-2026; playbooks; division procedures,EV-C-IR4,Satisfied,Evidence supports the statement,,,Common control (SYS-G2)
IR-4,IR-04d.[01],the rigor of incident handling activities is comparable and predictable across the organization;,Examine; Interview,Incident records 2025-2026; playbooks; division procedures,EV-C-IR4,Other than satisfied,"Vacation Ownership handles incidents under its own 2023 procedure, with different severity levels",Moderate,POAM-007,Common control (SYS-G2)
IR-4,IR-04d.[02],the intensity of incident handling activities is comparable and predictable across the organization;,Examine; Interview,Incident records 2025-2026; playbooks; division procedures,EV-C-IR4,Satisfied,Evidence supports the statement,,,Common control (SYS-G2)
IR-4,IR-04d.[03],the scope of incident handling activities is comparable and predictable across the organization;,Examine; Interview,Incident records 2025-2026; playbooks; division procedures,EV-C-IR4,Other than satisfied,Incidents at managed hotel owners and vendors are scoped differently by each division,Moderate,POAM-007,Common control (SYS-G2)
IR-4,IR-04d.[04],the results of incident handling activities are comparable and predictable across the organization.,Examine; Interview,Incident records 2025-2026; playbooks; division procedures,EV-C-IR4,Satisfied,Evidence supports the statement,,,Common control (SYS-G2)
IR-6,IR-06a.,personnel is/are required to report suspected incidents to the organizational incident response capability within [organization-defined value];,Examine; Interview,Reporting procedures; notification matrix draft,EV-C-IR6,Satisfied,Evidence supports the statement,,,Common control (SYS-G2)
IR-6,IR-06b.,incident information is reported to [organization-defined value].,Examine; Interview,Reporting procedures; notification matrix draft,EV-C-IR6,Other than satisfied,"No defined path to report incident information to managed hotel owners, three acquirers, and the FTC for a cross-division incident",Moderate,POAM-008,Common control (SYS-G2)
IR-8,IR-08a.01,an incident response plan is developed that provides the organization with a roadmap for implementing its incident response capability;,Examine,Group incident response plan (2025),EV-C-IR8,Satisfied,Evidence supports the statement,,,Common control (SYS-G2)
IR-8,IR-08a.02,an incident response plan is developed that describes the structure and organization of the incident response capability;,Examine,Group incident response plan (2025),EV-C-IR8,Satisfied,Evidence supports the statement,,,Common control (SYS-G2)
IR-8,IR-08a.03,an incident response plan is developed that provides a high-level approach for how the incident response capability fits into the overall organization;,Examine,Group incident response plan (2025),EV-C-IR8,Satisfied,Evidence supports the statement,,,Common control (SYS-G2)
IR-8,IR-08a.04,"an incident response plan is developed that meets the unique requirements of the organization with regard to mission, size, structure, and functions;",Examine,Group incident response plan (2025),EV-C-IR8,Other than satisfied,"The plan does not reflect the group structure: three acquirers, 41 ownership groups, and the finance subsidiary",Moderate,POAM-009,Common control (SYS-G2)
IR-8,IR-08a.05,an incident response plan is developed that defines reportable incidents;,Examine,Group incident response plan (2025),EV-C-IR8,Satisfied,Evidence supports the statement,,,Common control (SYS-G2)
IR-8,IR-08a.06,an incident response plan is developed that provides metrics for measuring the incident response capability within the organization;,Examine,Group incident response plan (2025),EV-C-IR8,Satisfied,Evidence supports the statement,,,Common control (SYS-G2)
IR-8,IR-08a.07,an incident response plan is developed that defines the resources and management support needed to effectively maintain and mature an incident response capability;,Examine,Group incident response plan (2025),EV-C-IR8,Satisfied,Evidence supports the statement,,,Common control (SYS-G2)
IR-8,IR-08a.08,an incident response plan is developed that addresses the sharing of incident information;,Examine,Group incident response plan (2025),EV-C-IR8,Other than satisfied,"Sharing with owners, acquirers, and regulators is not addressed",Moderate,POAM-009,Common control (SYS-G2)
IR-8,IR-08a.09,an incident response plan is developed that is reviewed and approved by [organization-defined value] [organization-defined value];,Examine,Group incident response plan (2025),EV-C-IR8,Satisfied,Evidence supports the statement,,,Common control (SYS-G2)
IR-8,IR-08a.10,an incident response plan is developed that explicitly designates responsibility for incident response to [organization-defined value].,Examine,Group incident response plan (2025),EV-C-IR8,Satisfied,Evidence supports the statement,,,Common control (SYS-G2)
IR-8,IR-08b.[01],copies of the incident response plan are distributed to [organization-defined value];,Examine,Group incident response plan (2025),EV-C-IR8,Satisfied,Evidence supports the statement,,,Common control (SYS-G2)
IR-8,IR-08b.[02],copies of the incident response plan are distributed to [organization-defined value];,Examine,Group incident response plan (2025),EV-C-IR8,Satisfied,Evidence supports the statement,,,Common control (SYS-G2)
IR-8,IR-08c.,"the incident response plan is updated to address system and organizational changes or problems encountered during plan implementation, execution, or testing;",Examine,Group incident response plan (2025),EV-C-IR8,Other than satisfied,Not updated after the 2024 acquisition,Moderate,POAM-009,Common control (SYS-G2)
IR-8,IR-08d.[01],incident response plan changes are communicated to [organization-defined value];,Examine,Group incident response plan (2025),EV-C-IR8,Satisfied,Evidence supports the statement,,,Common control (SYS-G2)
IR-8,IR-08d.[02],incident response plan changes are communicated to [organization-defined value];,Examine,Group incident response plan (2025),EV-C-IR8,Satisfied,Evidence supports the statement,,,Common control (SYS-G2)
IR-8,IR-08e.[01],the incident response plan is protected from unauthorized disclosure;,Examine,Group incident response plan (2025),EV-C-IR8,Satisfied,Evidence supports the statement,,,Common control (SYS-G2)
IR-8,IR-08e.[02],the incident response plan is protected from unauthorized modification.,Examine,Group incident response plan (2025),EV-C-IR8,Satisfied,Evidence supports the statement,,,Common control (SYS-G2)
RA-5,RA-05a.[01],systems and hosted applications are monitored for vulnerabilities [organization-defined value] and when new vulnerabilities potentially affecting the system are identified and reported;,Examine; Test,Scan schedules and results for all divisions,EV-C-RA5,Satisfied,Evidence supports the statement,,,Common control (SYS-G2)
RA-5,RA-05a.[02],systems and hosted applications are scanned for vulnerabilities [organization-defined value] and when new vulnerabilities potentially affecting the system are identified and reported;,Examine; Test,Scan schedules and results for all divisions,EV-C-RA5,Other than satisfied,The Vacation Ownership legacy data center was scanned once in the past 12 months; all other estates quarterly or more often,Moderate,POAM-010,Common control (SYS-G2)
RA-5,RA-05b.01,"vulnerability monitoring tools and techniques are employed to automate parts of the vulnerability management process by using standards for enumerating platforms, software flaws, and improper configurations;",Examine; Test,Scan schedules and results for all divisions,EV-C-RA5,Satisfied,Evidence supports the statement,,,Common control (SYS-G2)
RA-5,RA-05b.02,vulnerability monitoring tools and techniques are employed to facilitate interoperability among tools and to automate parts of the vulnerability management process by using standards for formatting checklists and test procedures;,Examine; Test,Scan schedules and results for all divisions,EV-C-RA5,Satisfied,Evidence supports the statement,,,Common control (SYS-G2)
RA-5,RA-05b.03,vulnerability monitoring tools and techniques are employed to facilitate interoperability among tools and to automate parts of the vulnerability management process by using standards for measuring vulnerability impact;,Examine; Test,Scan schedules and results for all divisions,EV-C-RA5,Satisfied,Evidence supports the statement,,,Common control (SYS-G2)
RA-5,RA-05c.,vulnerability scan reports and results from vulnerability monitoring are analyzed;,Examine; Test,Scan schedules and results for all divisions,EV-C-RA5,Satisfied,Evidence supports the statement,,,Common control (SYS-G2)
RA-5,RA-05d.,legitimate vulnerabilities are remediated [organization-defined value] in accordance with an organizational assessment of risk;,Examine; Test,Scan schedules and results for all divisions,EV-C-RA5,Satisfied,Evidence supports the statement,,,Common control (SYS-G2)
RA-5,RA-05e.,information obtained from the vulnerability monitoring process and control assessments is shared with [organization-defined value] to help eliminate similar vulnerabilities in other systems;,Examine; Test,Scan schedules and results for all divisions,EV-C-RA5,Satisfied,Evidence supports the statement,,,Common control (SYS-G2)
RA-5,RA-05f.,vulnerability monitoring tools that include the capability to readily update the vulnerabilities to be scanned are employed.,Examine; Test,Scan schedules and results for all divisions,EV-C-RA5,Satisfied,Evidence supports the statement,,,Common control (SYS-G2)
CP-9,CP-09a.,backups of user-level information contained in [organization-defined value] are conducted [organization-defined value];,Examine; Test,Backup policies; restore of 3 datasets from the immutable vault,EV-C-CP9,Satisfied,Evidence supports the statement,,,"Common control (SYS-G3, SYS-G4)"
CP-9,CP-09b.,backups of system-level information contained in the system are conducted [organization-defined value];,Examine; Test,Backup policies; restore of 3 datasets from the immutable vault,EV-C-CP9,Satisfied,Evidence supports the statement,,,"Common control (SYS-G3, SYS-G4)"
CP-9,CP-09c.,"backups of system documentation, including security- and privacy-related documentation are conducted [organization-defined value];",Examine; Test,Backup policies; restore of 3 datasets from the immutable vault,EV-C-CP9,Satisfied,Evidence supports the statement,,,"Common control (SYS-G3, SYS-G4)"
CP-9,CP-09d.[01],the confidentiality of backup information is protected;,Examine; Test,Backup policies; restore of 3 datasets from the immutable vault,EV-C-CP9,Satisfied,Evidence supports the statement,,,"Common control (SYS-G3, SYS-G4)"
CP-9,CP-09d.[02],the integrity of backup information is protected;,Examine; Test,Backup policies; restore of 3 datasets from the immutable vault,EV-C-CP9,Satisfied,Evidence supports the statement,,,"Common control (SYS-G3, SYS-G4)"
CP-9,CP-09d.[03],the availability of backup information is protected.,Examine; Test,Backup policies; restore of 3 datasets from the immutable vault,EV-C-CP9,Satisfied,Evidence supports the statement,,,"Common control (SYS-G3, SYS-G4)"
SC-7,SC-07a.[01],communications at external managed interfaces to the system are monitored;,Examine; Test,Hub and property edge rule sets; external exposure scan,EV-C-SC7,Satisfied,Evidence supports the statement,,,"Common control (SYS-G3, SYS-G4)"
SC-7,SC-07a.[02],communications at external managed interfaces to the system are controlled;,Examine; Test,Hub and property edge rule sets; external exposure scan,EV-C-SC7,Satisfied,Evidence supports the statement,,,"Common control (SYS-G3, SYS-G4)"
SC-7,SC-07a.[03],communications at key internal managed interfaces within the system are monitored;,Examine; Test,Hub and property edge rule sets; external exposure scan,EV-C-SC7,Satisfied,Evidence supports the statement,,,"Common control (SYS-G3, SYS-G4)"
SC-7,SC-07a.[04],communications at key internal managed interfaces within the system are controlled;,Examine; Test,Hub and property edge rule sets; external exposure scan,EV-C-SC7,Satisfied,Evidence supports the statement,,,"Common control (SYS-G3, SYS-G4)"
SC-7,SC-07b.,subnetworks for publicly accessible system components are [organization-defined value] separated from internal organizational networks;,Examine; Test,Hub and property edge rule sets; external exposure scan,EV-C-SC7,Satisfied,Evidence supports the statement,,,"Common control (SYS-G3, SYS-G4)"
SC-7,SC-07c.,external networks or systems are only connected to through managed interfaces consisting of boundary protection devices arranged in accordance with an organizational security and privacy architecture.,Examine; Test,Hub and property edge rule sets; external exposure scan,EV-C-SC7,Satisfied,Evidence supports the statement,,,"Common control (SYS-G3, SYS-G4)"
SC-8,SC-08,the [organization-defined value] of transmitted information is/are protected.,Test,TLS scan of 80 endpoints,EV-C-SC8,Satisfied,Evidence supports the statement,,,"Common control (SYS-G3, SYS-G4)"
SC-12,SC-12[01],cryptographic keys are established when cryptography is employed within the system in accordance with [organization-defined value];,Examine,Key management configuration; SYS-G4 key ceremony records,EV-C-SC12,Satisfied,Evidence supports the statement,,,"Common control (SYS-G3, SYS-G4)"
SC-12,SC-12[02],cryptographic keys are managed when cryptography is employed within the system in accordance with [organization-defined value].,Examine,Key management configuration; SYS-G4 key ceremony records,EV-C-SC12,Satisfied,Evidence supports the statement,,,"Common control (SYS-G3, SYS-G4)"
SC-28,SC-28,the [organization-defined value] of [organization-defined value] is/are protected.,Examine; Test,"Storage encryption settings in landing zones, the card vault, and the guest profile hub",EV-C-SC28,Satisfied,Evidence supports the statement,,,"Common control (SYS-G3, SYS-G4)"
CM-6,CM-06a.,configuration settings that reflect the most restrictive mode consistent with operational requirements are established and documented for components employed within the system using [organization-defined value];,Examine; Test,Guardrail policies; configuration compliance reports,EV-C-CM6,Satisfied,Evidence supports the statement,,,"Common control (SYS-G3, SYS-G4)"
CM-6,CM-06b.,the configuration settings documented in CM-06a are implemented;,Examine; Test,Guardrail policies; configuration compliance reports,EV-C-CM6,Satisfied,Evidence supports the statement,,,"Common control (SYS-G3, SYS-G4)"
CM-6,CM-06c.[01],any deviations from established configuration settings for [organization-defined value] are identified and documented based on [organization-defined value];,Examine; Test,Guardrail policies; configuration compliance reports,EV-C-CM6,Satisfied,Evidence supports the statement,,,"Common control (SYS-G3, SYS-G4)"
CM-6,CM-06c.[02],any deviations from established configuration settings for [organization-defined value] are approved;,Examine; Test,Guardrail policies; configuration compliance reports,EV-C-CM6,Satisfied,Evidence supports the statement,,,"Common control (SYS-G3, SYS-G4)"
CM-6,CM-06d.[01],changes to the configuration settings are monitored in accordance with organizational policies and procedures;,Examine; Test,Guardrail policies; configuration compliance reports,EV-C-CM6,Satisfied,Evidence supports the statement,,,"Common control (SYS-G3, SYS-G4)"
CM-6,CM-06d.[02],changes to the configuration settings are controlled in accordance with organizational policies and procedures.,Examine; Test,Guardrail policies; configuration compliance reports,EV-C-CM6,Satisfied,Evidence supports the statement,,,"Common control (SYS-G3, SYS-G4)"
AC-6,AC-06,"the principle of least privilege is employed, allowing only authorized accesses for users (or processes acting on behalf of users) that are necessary to accomplish assigned organizational tasks.",Examine; Test,Database grants on the guest profile hub; test queries with the CRS integration credential (with SOC approval),EV-P-AC6,Other than satisfied,"The CRS integration service account used for PMS and POS loyalty lookups can read every guest profile hub table, including owners' bank account numbers",High,POAM-013,PMPS (SSP system)
CM-8,CM-08a.01,an inventory of system components that accurately reflects the system is developed and documented;,Examine; Test,POI and device inventory; walkthroughs at 12 hotels; network discovery at 17 managed hotels,EV-P-CM8,Other than satisfied,64 devices on payment segments did not match the inventory,Moderate,POAM-014,PMPS (SSP system)
CM-8,CM-08a.02,an inventory of system components that includes all components within the system is developed and documented;,Examine; Test,POI and device inventory; walkthroughs at 12 hotels; network discovery at 17 managed hotels,EV-P-CM8,Other than satisfied,17 managed hotels keep device lists by hand; 5 terminals found in walkthroughs were missing,Moderate,POAM-014,PMPS (SSP system)
CM-8,CM-08a.03,an inventory of system components that does not include duplicate accounting of components or components assigned to any other system is developed and documented;,Examine; Test,POI and device inventory; walkthroughs at 12 hotels; network discovery at 17 managed hotels,EV-P-CM8,Satisfied,Evidence supports the statement,,,PMPS (SSP system)
CM-8,CM-08a.04,an inventory of system components that is at the level of granularity deemed necessary for tracking and reporting is developed and documented;,Examine; Test,POI and device inventory; walkthroughs at 12 hotels; network discovery at 17 managed hotels,EV-P-CM8,Satisfied,Evidence supports the statement,,,PMPS (SSP system)
CM-8,CM-08a.05,an inventory of system components that includes [organization-defined value] is developed and documented;,Examine; Test,POI and device inventory; walkthroughs at 12 hotels; network discovery at 17 managed hotels,EV-P-CM8,Satisfied,Evidence supports the statement,,,PMPS (SSP system)
CM-8,CM-08b.,the system component inventory is reviewed and updated [organization-defined value].,Examine; Test,POI and device inventory; walkthroughs at 12 hotels; network discovery at 17 managed hotels,EV-P-CM8,Satisfied,Evidence supports the statement,,,PMPS (SSP system)
SI-3,SI-03a.[01],[organization-defined value] malicious code protection mechanisms are implemented at system entry and exit points to detect malicious code;,Examine; Test,EDR coverage report; legacy POS vendor anti-malware configuration,EV-P-SI3,Satisfied,Evidence supports the statement,,,PMPS (SSP system)
SI-3,SI-03a.[02],[organization-defined value] malicious code protection mechanisms are implemented at system entry and exit points to eradicate malicious code;,Examine; Test,EDR coverage report; legacy POS vendor anti-malware configuration,EV-P-SI3,Satisfied,Evidence supports the statement,,,PMPS (SSP system)
SI-3,SI-03b.,malicious code protection mechanisms are updated automatically as new releases are available in accordance with organizational configuration management policy and procedures;,Examine; Test,EDR coverage report; legacy POS vendor anti-malware configuration,EV-P-SI3,Other than satisfied,"Vendor anti-malware on legacy POS servers is updated weekly by the vendor, not automatically",High,POAM-015,PMPS (SSP system)
SI-3,SI-03c.01[01],malicious code protection mechanisms are configured to perform periodic scans of the system [organization-defined value];,Examine; Test,EDR coverage report; legacy POS vendor anti-malware configuration,EV-P-SI3,Satisfied,Evidence supports the statement,,,PMPS (SSP system)
SI-3,SI-03c.01[02],"malicious code protection mechanisms are configured to perform real-time scans of files from external sources at [organization-defined value] as the files are downloaded, opened, or executed in accordance with organizational policy;",Examine; Test,EDR coverage report; legacy POS vendor anti-malware configuration,EV-P-SI3,Satisfied,Evidence supports the statement,,,PMPS (SSP system)
SI-3,SI-03c.02[01],malicious code protection mechanisms are configured to [organization-defined value] in response to malicious code detection;,Examine; Test,EDR coverage report; legacy POS vendor anti-malware configuration,EV-P-SI3,Satisfied,Evidence supports the statement,,,PMPS (SSP system)
SI-3,SI-03c.02[02],malicious code protection mechanisms are configured to send alerts to [organization-defined value] in response to malicious code detection;,Examine; Test,EDR coverage report; legacy POS vendor anti-malware configuration,EV-P-SI3,Other than satisfied,"Malware alerts from legacy POS servers go to the vendor, not the SOC",High,POAM-015,PMPS (SSP system)
SI-3,SI-03d.,the receipt of false positives during malicious code detection and eradication and the resulting potential impact on the availability of the system are addressed.,Examine; Test,EDR coverage report; legacy POS vendor anti-malware configuration,EV-P-SI3,Satisfied,Evidence supports the statement,,,PMPS (SSP system)
MA-4,MA-04a.[01],nonlocal maintenance and diagnostic activities are approved;,Examine; Interview; Test,Vendor remote tool configuration; vendor session records; PAM records,EV-P-MA4,Other than satisfied,Vendor maintenance sessions are not approved per session,High,POAM-001,PMPS (SSP system)
MA-4,MA-04a.[02],nonlocal maintenance and diagnostic activities are monitored;,Examine; Interview; Test,Vendor remote tool configuration; vendor session records; PAM records,EV-P-MA4,Other than satisfied,Vendor sessions are not monitored by the SOC,High,POAM-001,PMPS (SSP system)
MA-4,MA-04b.[01],the use of nonlocal maintenance and diagnostic tools are allowed only as consistent with organizational policy;,Examine; Interview; Test,Vendor remote tool configuration; vendor session records; PAM records,EV-P-MA4,Satisfied,Evidence supports the statement,,,PMPS (SSP system)
MA-4,MA-04b.[02],the use of nonlocal maintenance and diagnostic tools are documented in the security plan for the system;,Examine; Interview; Test,Vendor remote tool configuration; vendor session records; PAM records,EV-P-MA4,Satisfied,Evidence supports the statement,,,PMPS (SSP system)
MA-4,MA-04c.,strong authentication is employed in the establishment of nonlocal maintenance and diagnostic sessions;,Examine; Interview; Test,Vendor remote tool configuration; vendor session records; PAM records,EV-P-MA4,Other than satisfied,"Session authentication is the vendor's own MFA, outside group control",High,POAM-001,PMPS (SSP system)
MA-4,MA-04d.,records for nonlocal maintenance and diagnostic activities are maintained;,Examine; Interview; Test,Vendor remote tool configuration; vendor session records; PAM records,EV-P-MA4,Satisfied,Evidence supports the statement,,,PMPS (SSP system)
MA-4,MA-04e.[01],session connections are terminated when nonlocal maintenance is completed;,Examine; Interview; Test,Vendor remote tool configuration; vendor session records; PAM records,EV-P-MA4,Satisfied,Evidence supports the statement,,,PMPS (SSP system)
MA-4,MA-04e.[02],network connections are terminated when nonlocal maintenance is completed.,Examine; Interview; Test,Vendor remote tool configuration; vendor session records; PAM records,EV-P-MA4,Other than satisfied,Network connections stay open between sessions (always-on tool),High,POAM-001,PMPS (SSP system)
SI-2,SI-02a.[01],system flaws are identified;,Examine,Patch reports for legacy POS servers and PMPS workstations,EV-P-SI2,Satisfied,Evidence supports the statement,,,PMPS (SSP system)
SI-2,SI-02a.[02],system flaws are reported;,Examine,Patch reports for legacy POS servers and PMPS workstations,EV-P-SI2,Satisfied,Evidence supports the statement,,,PMPS (SSP system)
SI-2,SI-02a.[03],system flaws are corrected;,Examine,Patch reports for legacy POS servers and PMPS workstations,EV-P-SI2,Satisfied,Evidence supports the statement,,,PMPS (SSP system)
SI-2,SI-02b.[01],software updates related to flaw remediation are tested for effectiveness before installation;,Examine,Patch reports for legacy POS servers and PMPS workstations,EV-P-SI2,Satisfied,Evidence supports the statement,,,PMPS (SSP system)
SI-2,SI-02b.[02],software updates related to flaw remediation are tested for potential side effects before installation;,Examine,Patch reports for legacy POS servers and PMPS workstations,EV-P-SI2,Satisfied,Evidence supports the statement,,,PMPS (SSP system)
SI-2,SI-02b.[03],firmware updates related to flaw remediation are tested for effectiveness before installation;,Examine,Patch reports for legacy POS servers and PMPS workstations,EV-P-SI2,Satisfied,Evidence supports the statement,,,PMPS (SSP system)
SI-2,SI-02b.[04],firmware updates related to flaw remediation are tested for potential side effects before installation;,Examine,Patch reports for legacy POS servers and PMPS workstations,EV-P-SI2,Satisfied,Evidence supports the statement,,,PMPS (SSP system)
SI-2,SI-02c.[01],security-relevant software updates are installed within [organization-defined value] of the release of the updates;,Examine,Patch reports for legacy POS servers and PMPS workstations,EV-P-SI2,Other than satisfied,9 legacy POS servers missed the 2026 Q2 critical patch window,High,POAM-015,PMPS (SSP system)
SI-2,SI-02c.[02],security-relevant firmware updates are installed within [organization-defined value] of the release of the updates;,Examine,Patch reports for legacy POS servers and PMPS workstations,EV-P-SI2,Satisfied,Evidence supports the statement,,,PMPS (SSP system)
SI-2,SI-02d.,flaw remediation is incorporated into the organizational configuration management process.,Examine,Patch reports for legacy POS servers and PMPS workstations,EV-P-SI2,Satisfied,Evidence supports the statement,,,PMPS (SSP system)
CA-3,CA-03a.,the exchange of information between the system and other systems is approved and managed using [organization-defined value];,Examine,Interface specifications; owner network connection list (9 managed hotels),EV-P-CA3,Satisfied,Evidence supports the statement,,,PMPS (SSP system)
CA-3,CA-03b.[01],the interface characteristics are documented as part of each exchange agreement;,Examine,Interface specifications; owner network connection list (9 managed hotels),EV-P-CA3,Satisfied,Evidence supports the statement,,,PMPS (SSP system)
CA-3,CA-03b.[02],security requirements are documented as part of each exchange agreement;,Examine,Interface specifications; owner network connection list (9 managed hotels),EV-P-CA3,Other than satisfied,Owner network connections at 9 managed hotels have no documented security requirements,Moderate,POAM-026,PMPS (SSP system)
CA-3,CA-03b.[03],privacy requirements are documented as part of each exchange agreement;,Examine,Interface specifications; owner network connection list (9 managed hotels),EV-P-CA3,Satisfied,Evidence supports the statement,,,PMPS (SSP system)
CA-3,CA-03b.[04],controls are documented as part of each exchange agreement;,Examine,Interface specifications; owner network connection list (9 managed hotels),EV-P-CA3,Satisfied,Evidence supports the statement,,,PMPS (SSP system)
CA-3,CA-03b.[05],responsibilities for each system are documented as part of each exchange agreement;,Examine,Interface specifications; owner network connection list (9 managed hotels),EV-P-CA3,Other than satisfied,Responsibilities of the owner and the division are not documented for those connections,Moderate,POAM-026,PMPS (SSP system)
CA-3,CA-03b.[06],the impact level of the information communicated is documented as part of each exchange agreement;,Examine,Interface specifications; owner network connection list (9 managed hotels),EV-P-CA3,Satisfied,Evidence supports the statement,,,PMPS (SSP system)
CA-3,CA-03c.,agreements are reviewed and updated [organization-defined value].,Examine,Interface specifications; owner network connection list (9 managed hotels),EV-P-CA3,Other than satisfied,Owner connection terms not reviewed since before 2020,Moderate,POAM-026,PMPS (SSP system)
CM-6,CM-06a.,configuration settings that reflect the most restrictive mode consistent with operational requirements are established and documented for components employed within the system using [organization-defined value];,Examine; Test,Lock server configuration at 14 hotels; penetration test findings,EV-H-CM6,Satisfied,Evidence supports the statement,,,Division sample: Hotels
CM-6,CM-06b.,the configuration settings documented in CM-06a are implemented;,Examine; Test,Lock server configuration at 14 hotels; penetration test findings,EV-H-CM6,Other than satisfied,Lock servers at 14 hotels still use the vendor default administrator password,High,POAM-011,Division sample: Hotels
CM-6,CM-06c.[01],any deviations from established configuration settings for [organization-defined value] are identified and documented based on [organization-defined value];,Examine; Test,Lock server configuration at 14 hotels; penetration test findings,EV-H-CM6,Other than satisfied,The deviation was not identified by hardening scans because lock servers were not in scan scope,High,POAM-011,Division sample: Hotels
CM-6,CM-06c.[02],any deviations from established configuration settings for [organization-defined value] are approved;,Examine; Test,Lock server configuration at 14 hotels; penetration test findings,EV-H-CM6,Satisfied,Evidence supports the statement,,,Division sample: Hotels
CM-6,CM-06d.[01],changes to the configuration settings are monitored in accordance with organizational policies and procedures;,Examine; Test,Lock server configuration at 14 hotels; penetration test findings,EV-H-CM6,Satisfied,Evidence supports the statement,,,Division sample: Hotels
CM-6,CM-06d.[02],changes to the configuration settings are controlled in accordance with organizational policies and procedures.,Examine; Test,Lock server configuration at 14 hotels; penetration test findings,EV-H-CM6,Satisfied,Evidence supports the statement,,,Division sample: Hotels
SA-9,SA-09a.[01],providers of external system services comply with organizational security requirements;,Examine; Interview,"Legacy POS vendor contract, AOC, and support terms",EV-H-SA9,Other than satisfied,The vendor's support service does not meet group remote access requirements,High,POAM-001,Division sample: Hotels
SA-9,SA-09a.[02],providers of external system services comply with organizational privacy requirements;,Examine; Interview,"Legacy POS vendor contract, AOC, and support terms",EV-H-SA9,Satisfied,Evidence supports the statement,,,Division sample: Hotels
SA-9,SA-09a.[03],providers of external system services employ [organization-defined value];,Examine; Interview,"Legacy POS vendor contract, AOC, and support terms",EV-H-SA9,Satisfied,Evidence supports the statement,,,Division sample: Hotels
SA-9,SA-09b.[01],organizational oversight with regard to external system services are defined and documented;,Examine; Interview,"Legacy POS vendor contract, AOC, and support terms",EV-H-SA9,Satisfied,Evidence supports the statement,,,Division sample: Hotels
SA-9,SA-09b.[02],user roles and responsibilities with regard to external system services are defined and documented;,Examine; Interview,"Legacy POS vendor contract, AOC, and support terms",EV-H-SA9,Satisfied,Evidence supports the statement,,,Division sample: Hotels
SA-9,SA-09c.,[organization-defined value] are employed to monitor control compliance by external service providers on an ongoing basis.,Examine; Interview,"Legacy POS vendor contract, AOC, and support terms",EV-H-SA9,Other than satisfied,No ongoing monitoring of the vendor's support service; its AOC covers software only,High,POAM-001,Division sample: Hotels
SC-7,SC-07a.[01],communications at external managed interfaces to the system are monitored;,Examine; Test,Ride and show control network design at 7 parks; 2026-05 penetration test,EV-A-SC7,Satisfied,Evidence supports the statement,,,Division sample: Attractions
SC-7,SC-07a.[02],communications at external managed interfaces to the system are controlled;,Examine; Test,Ride and show control network design at 7 parks; 2026-05 penetration test,EV-A-SC7,Satisfied,Evidence supports the statement,,,Division sample: Attractions
SC-7,SC-07a.[03],communications at key internal managed interfaces within the system are monitored;,Examine; Test,Ride and show control network design at 7 parks; 2026-05 penetration test,EV-A-SC7,Satisfied,Evidence supports the statement,,,Division sample: Attractions
SC-7,SC-07a.[04],communications at key internal managed interfaces within the system are controlled;,Examine; Test,Ride and show control network design at 7 parks; 2026-05 penetration test,EV-A-SC7,Other than satisfied,At 2 parks the maintenance jump host lets traffic pass from the park business network to ride control,High,POAM-016,Division sample: Attractions
SC-7,SC-07b.,subnetworks for publicly accessible system components are [organization-defined value] separated from internal organizational networks;,Examine; Test,Ride and show control network design at 7 parks; 2026-05 penetration test,EV-A-SC7,Satisfied,Evidence supports the statement,,,Division sample: Attractions
SC-7,SC-07c.,external networks or systems are only connected to through managed interfaces consisting of boundary protection devices arranged in accordance with an organizational security and privacy architecture.,Examine; Test,Ride and show control network design at 7 parks; 2026-05 penetration test,EV-A-SC7,Other than satisfied,The jump host is not a managed boundary device under the group standard,High,POAM-016,Division sample: Attractions
SI-12,SI-12[01],"information within the system is managed in accordance with applicable laws, Executive Orders, directives, regulations, policies, standards, guidelines, and operational requirements;",Examine,Gate vendor data profile; kids' club data profile,EV-A-SI12,Other than satisfied,"Children's information is not managed under a written program or retention policy (16 CFR 312.8(b), 312.10)",Moderate,POAM-017,Division sample: Attractions
SI-12,SI-12[02],"information within the system is retained in accordance with applicable laws, Executive Orders, directives, regulations, policies, standards, guidelines, and operational requirements;",Examine,Gate vendor data profile; kids' club data profile,EV-A-SI12,Other than satisfied,"About 640,000 finger-scan templates and 96,000 child profiles kept with no deletion rule",Moderate,POAM-017,Division sample: Attractions
SI-12,SI-12[03],"information output from the system is managed in accordance with applicable laws, Executive Orders, directives, regulations, policies, standards, guidelines, and operational requirements;",Examine,Gate vendor data profile; kids' club data profile,EV-A-SI12,Satisfied,Evidence supports the statement,,,Division sample: Attractions
SI-12,SI-12[04],"information output from the system is retained in accordance with applicable laws, Executive Orders, directives, regulations, policies, standards, guidelines, and operational requirements.",Examine,Gate vendor data profile; kids' club data profile,EV-A-SI12,Satisfied,Evidence supports the statement,,,Division sample: Attractions
SA-9,SA-09a.[01],providers of external system services comply with organizational security requirements;,Examine; Interview,Marketing analytics vendor and gate vendor files,EV-A-SA9,Satisfied,Evidence supports the statement,,,Division sample: Attractions
SA-9,SA-09a.[02],providers of external system services comply with organizational privacy requirements;,Examine; Interview,Marketing analytics vendor and gate vendor files,EV-A-SA9,Other than satisfied,No written security and confidentiality assurances from the kids' club analytics vendor (16 CFR 312.8(c)),Moderate,POAM-018,Division sample: Attractions
SA-9,SA-09a.[03],providers of external system services employ [organization-defined value];,Examine; Interview,Marketing analytics vendor and gate vendor files,EV-A-SA9,Satisfied,Evidence supports the statement,,,Division sample: Attractions
SA-9,SA-09b.[01],organizational oversight with regard to external system services are defined and documented;,Examine; Interview,Marketing analytics vendor and gate vendor files,EV-A-SA9,Satisfied,Evidence supports the statement,,,Division sample: Attractions
SA-9,SA-09b.[02],user roles and responsibilities with regard to external system services are defined and documented;,Examine; Interview,Marketing analytics vendor and gate vendor files,EV-A-SA9,Satisfied,Evidence supports the statement,,,Division sample: Attractions
SA-9,SA-09c.,[organization-defined value] are employed to monitor control compliance by external service providers on an ongoing basis.,Examine; Interview,Marketing analytics vendor and gate vendor files,EV-A-SA9,Other than satisfied,No annual assurance review of the gate vendor that holds biometric templates,Moderate,POAM-018,Division sample: Attractions
CM-7,CM-07a.,the system is configured to provide only [organization-defined value];,Examine; Test,Script inventory for ticket store pages and 3 microsites,EV-A-CM7,Other than satisfied,The 3 agency-built microsites load 23 third-party scripts with no inventory or justification,Moderate,POAM-012,Division sample: Attractions
CM-7,CM-07b.[01],the use of [organization-defined value] is prohibited or restricted;,Examine; Test,Script inventory for ticket store pages and 3 microsites,EV-A-CM7,Satisfied,Evidence supports the statement,,,Division sample: Attractions
CM-7,CM-07b.[02],the use of [organization-defined value] is prohibited or restricted;,Examine; Test,Script inventory for ticket store pages and 3 microsites,EV-A-CM7,Satisfied,Evidence supports the statement,,,Division sample: Attractions
CM-7,CM-07b.[03],the use of [organization-defined value] is prohibited or restricted;,Examine; Test,Script inventory for ticket store pages and 3 microsites,EV-A-CM7,Satisfied,Evidence supports the statement,,,Division sample: Attractions
CM-7,CM-07b.[04],the use of [organization-defined value] is prohibited or restricted;,Examine; Test,Script inventory for ticket store pages and 3 microsites,EV-A-CM7,Satisfied,Evidence supports the statement,,,Division sample: Attractions
CM-7,CM-07b.[05],the use of [organization-defined value] is prohibited or restricted.,Examine; Test,Script inventory for ticket store pages and 3 microsites,EV-A-CM7,Satisfied,Evidence supports the statement,,,Division sample: Attractions
SI-7,SI-07a.[01],integrity verification tools are employed to detect unauthorized changes to [organization-defined value];,Examine; Test,Payment page tamper monitoring configuration,EV-A-SI7,Satisfied,Evidence supports the statement,,,Division sample: Attractions
SI-7,SI-07a.[02],integrity verification tools are employed to detect unauthorized changes to [organization-defined value];,Examine; Test,Payment page tamper monitoring configuration,EV-A-SI7,Satisfied,Evidence supports the statement,,,Division sample: Attractions
SI-7,SI-07a.[03],integrity verification tools are employed to detect unauthorized changes to [organization-defined value];,Examine; Test,Payment page tamper monitoring configuration,EV-A-SI7,Other than satisfied,No integrity verification of payment page content on the 3 microsites,Moderate,POAM-012,Division sample: Attractions
SI-7,SI-07b.[01],"[organization-defined value] are taken when unauthorized changes to the software, are detected;",Examine; Test,Payment page tamper monitoring configuration,EV-A-SI7,Satisfied,Evidence supports the statement,,,Division sample: Attractions
SI-7,SI-07b.[02],[organization-defined value] are taken when unauthorized changes to the firmware are detected;,Examine; Test,Payment page tamper monitoring configuration,EV-A-SI7,Satisfied,Evidence supports the statement,,,Division sample: Attractions
SI-7,SI-07b.[03],[organization-defined value] are taken when unauthorized changes to the information are detected.,Examine; Test,Payment page tamper monitoring configuration,EV-A-SI7,Other than satisfied,No defined response when microsite page content changes,Moderate,POAM-012,Division sample: Attractions
CP-4,CP-04a.[01],the contingency plan for the system is tested [organization-defined value];,Examine; Interview,Contingency plan; 2025 restore test report,EV-V-CP4,Other than satisfied,No restore test of owner services or loan origination in 2026,Moderate,POAM-019,Division sample: Vacation Ownership
CP-4,CP-04a.[02],[organization-defined value] are used to determine the effectiveness of the plan;,Examine; Interview,Contingency plan; 2025 restore test report,EV-V-CP4,Satisfied,Evidence supports the statement,,,Division sample: Vacation Ownership
CP-4,CP-04a.[03],[organization-defined value] are used to determine the readiness to execute the plan;,Examine; Interview,Contingency plan; 2025 restore test report,EV-V-CP4,Satisfied,Evidence supports the statement,,,Division sample: Vacation Ownership
CP-4,CP-04b.,the contingency plan test results are reviewed;,Examine; Interview,Contingency plan; 2025 restore test report,EV-V-CP4,Satisfied,Evidence supports the statement,,,Division sample: Vacation Ownership
CP-4,CP-04c.,"corrective actions are initiated, if needed.",Examine; Interview,Contingency plan; 2025 restore test report,EV-V-CP4,Other than satisfied,Corrective actions from the 2025 test were not completed,Moderate,POAM-019,Division sample: Vacation Ownership
IA-2(2),IA-02(02),multi-factor authentication for access to non-privileged accounts is implemented.,Examine; Test,Legacy directory policy; sign-in to loan origination from a gallery account,EV-V-IA2-2,Other than satisfied,340 sales gallery and loan processing users reach loan origination without MFA (16 CFR 314.4(c)(5)),High,POAM-020,Division sample: Vacation Ownership
SC-28,SC-28,the [organization-defined value] of [organization-defined value] is/are protected.,Examine,File server encryption settings for the legacy loan document archive,EV-V-SC28,Other than satisfied,About 3.1 million scanned contracts and credit applications are not encrypted at rest (16 CFR 314.4(c)(3)),High,POAM-021,Division sample: Vacation Ownership
SA-9,SA-09a.[01],providers of external system services comply with organizational security requirements;,Examine,Service provider register (31 providers with customer information),EV-V-SA9,Other than satisfied,4 contracts have no safeguard clauses (16 CFR 314.4(f)(2)),Moderate,POAM-022,Division sample: Vacation Ownership
SA-9,SA-09a.[02],providers of external system services comply with organizational privacy requirements;,Examine,Service provider register (31 providers with customer information),EV-V-SA9,Satisfied,Evidence supports the statement,,,Division sample: Vacation Ownership
SA-9,SA-09a.[03],providers of external system services employ [organization-defined value];,Examine,Service provider register (31 providers with customer information),EV-V-SA9,Satisfied,Evidence supports the statement,,,Division sample: Vacation Ownership
SA-9,SA-09b.[01],organizational oversight with regard to external system services are defined and documented;,Examine,Service provider register (31 providers with customer information),EV-V-SA9,Satisfied,Evidence supports the statement,,,Division sample: Vacation Ownership
SA-9,SA-09b.[02],user roles and responsibilities with regard to external system services are defined and documented;,Examine,Service provider register (31 providers with customer information),EV-V-SA9,Satisfied,Evidence supports the statement,,,Division sample: Vacation Ownership
SA-9,SA-09c.,[organization-defined value] are employed to monitor control compliance by external service providers on an ongoing basis.,Examine,Service provider register (31 providers with customer information),EV-V-SA9,Other than satisfied,12 of 31 providers not assessed since the acquisition (16 CFR 314.4(f)(3)),Moderate,POAM-022,Division sample: Vacation Ownership
IR-8,IR-08a.01,an incident response plan is developed that provides the organization with a roadmap for implementing its incident response capability;,Examine,Division incident response plan (2023),EV-V-IR8,Satisfied,Evidence supports the statement,,,Division sample: Vacation Ownership
IR-8,IR-08a.02,an incident response plan is developed that describes the structure and organization of the incident response capability;,Examine,Division incident response plan (2023),EV-V-IR8,Satisfied,Evidence supports the statement,,,Division sample: Vacation Ownership
IR-8,IR-08a.03,an incident response plan is developed that provides a high-level approach for how the incident response capability fits into the overall organization;,Examine,Division incident response plan (2023),EV-V-IR8,Satisfied,Evidence supports the statement,,,Division sample: Vacation Ownership
IR-8,IR-08a.04,"an incident response plan is developed that meets the unique requirements of the organization with regard to mission, size, structure, and functions;",Examine,Division incident response plan (2023),EV-V-IR8,Satisfied,Evidence supports the statement,,,Division sample: Vacation Ownership
IR-8,IR-08a.05,an incident response plan is developed that defines reportable incidents;,Examine,Division incident response plan (2023),EV-V-IR8,Other than satisfied,Reportable incidents do not include FTC Safeguards Rule notification events,Moderate,POAM-023,Division sample: Vacation Ownership
IR-8,IR-08a.06,an incident response plan is developed that provides metrics for measuring the incident response capability within the organization;,Examine,Division incident response plan (2023),EV-V-IR8,Satisfied,Evidence supports the statement,,,Division sample: Vacation Ownership
IR-8,IR-08a.07,an incident response plan is developed that defines the resources and management support needed to effectively maintain and mature an incident response capability;,Examine,Division incident response plan (2023),EV-V-IR8,Satisfied,Evidence supports the statement,,,Division sample: Vacation Ownership
IR-8,IR-08a.08,an incident response plan is developed that addresses the sharing of incident information;,Examine,Division incident response plan (2023),EV-V-IR8,Other than satisfied,No step to notify the FTC within 30 days or to share with the group SOC and counsel,Moderate,POAM-023,Division sample: Vacation Ownership
IR-8,IR-08a.09,an incident response plan is developed that is reviewed and approved by [organization-defined value] [organization-defined value];,Examine,Division incident response plan (2023),EV-V-IR8,Satisfied,Evidence supports the statement,,,Division sample: Vacation Ownership
IR-8,IR-08a.10,an incident response plan is developed that explicitly designates responsibility for incident response to [organization-defined value].,Examine,Division incident response plan (2023),EV-V-IR8,Satisfied,Evidence supports the statement,,,Division sample: Vacation Ownership
IR-8,IR-08b.[01],copies of the incident response plan are distributed to [organization-defined value];,Examine,Division incident response plan (2023),EV-V-IR8,Satisfied,Evidence supports the statement,,,Division sample: Vacation Ownership
IR-8,IR-08b.[02],copies of the incident response plan are distributed to [organization-defined value];,Examine,Division incident response plan (2023),EV-V-IR8,Satisfied,Evidence supports the statement,,,Division sample: Vacation Ownership
IR-8,IR-08c.,"the incident response plan is updated to address system and organizational changes or problems encountered during plan implementation, execution, or testing;",Examine,Division incident response plan (2023),EV-V-IR8,Other than satisfied,Not updated since the acquisition,Moderate,POAM-023,Division sample: Vacation Ownership
IR-8,IR-08d.[01],incident response plan changes are communicated to [organization-defined value];,Examine,Division incident response plan (2023),EV-V-IR8,Satisfied,Evidence supports the statement,,,Division sample: Vacation Ownership
IR-8,IR-08d.[02],incident response plan changes are communicated to [organization-defined value];,Examine,Division incident response plan (2023),EV-V-IR8,Satisfied,Evidence supports the statement,,,Division sample: Vacation Ownership
IR-8,IR-08e.[01],the incident response plan is protected from unauthorized disclosure;,Examine,Division incident response plan (2023),EV-V-IR8,Satisfied,Evidence supports the statement,,,Division sample: Vacation Ownership
IR-8,IR-08e.[02],the incident response plan is protected from unauthorized modification.,Examine,Division incident response plan (2023),EV-V-IR8,Satisfied,Evidence supports the statement,,,Division sample: Vacation Ownership
PL-1,PL-01a.[01],a planning policy is developed and documented.,Examine; Interview,Division standards (2023); group policy register,EV-V-PL1,Satisfied,Evidence supports the statement,,,Division sample: Vacation Ownership
PL-1,PL-01a.[02],the planning policy is disseminated to [organization-defined value];,Examine; Interview,Division standards (2023); group policy register,EV-V-PL1,Satisfied,Evidence supports the statement,,,Division sample: Vacation Ownership
PL-1,PL-01a.[03],planning procedures to facilitate the implementation of the planning policy and associated planning controls are developed and documented;,Examine; Interview,Division standards (2023); group policy register,EV-V-PL1,Satisfied,Evidence supports the statement,,,Division sample: Vacation Ownership
PL-1,PL-01a.[04],the planning procedures are disseminated to [organization-defined value];,Examine; Interview,Division standards (2023); group policy register,EV-V-PL1,Satisfied,Evidence supports the statement,,,Division sample: Vacation Ownership
PL-1,PL-01a.01(a)[01],the [organization-defined value] planning policy addresses purpose;,Examine; Interview,Division standards (2023); group policy register,EV-V-PL1,Satisfied,Evidence supports the statement,,,Division sample: Vacation Ownership
PL-1,PL-01a.01(a)[02],the [organization-defined value] planning policy addresses scope;,Examine; Interview,Division standards (2023); group policy register,EV-V-PL1,Satisfied,Evidence supports the statement,,,Division sample: Vacation Ownership
PL-1,PL-01a.01(a)[03],the [organization-defined value] planning policy addresses roles;,Examine; Interview,Division standards (2023); group policy register,EV-V-PL1,Satisfied,Evidence supports the statement,,,Division sample: Vacation Ownership
PL-1,PL-01a.01(a)[04],the [organization-defined value] planning policy addresses responsibilities;,Examine; Interview,Division standards (2023); group policy register,EV-V-PL1,Satisfied,Evidence supports the statement,,,Division sample: Vacation Ownership
PL-1,PL-01a.01(a)[05],the [organization-defined value] planning policy addresses management commitment;,Examine; Interview,Division standards (2023); group policy register,EV-V-PL1,Satisfied,Evidence supports the statement,,,Division sample: Vacation Ownership
PL-1,PL-01a.01(a)[06],the [organization-defined value] planning policy addresses coordination among organizational entities;,Examine; Interview,Division standards (2023); group policy register,EV-V-PL1,Satisfied,Evidence supports the statement,,,Division sample: Vacation Ownership
PL-1,PL-01a.01(a)[07],the [organization-defined value] planning policy addresses compliance;,Examine; Interview,Division standards (2023); group policy register,EV-V-PL1,Satisfied,Evidence supports the statement,,,Division sample: Vacation Ownership
PL-1,PL-01a.01(b),"the [organization-defined value] planning policy is consistent with applicable laws, Executive Orders, directives, regulations, policies, standards, and guidelines;",Examine; Interview,Division standards (2023); group policy register,EV-V-PL1,Other than satisfied,"Division standards conflict with group policy on MFA, logging, and incident severity",Moderate,POAM-024,Division sample: Vacation Ownership
PL-1,PL-01b.,"the [organization-defined value] is designated to manage the development, documentation, and dissemination of the planning policy and procedures;",Examine; Interview,Division standards (2023); group policy register,EV-V-PL1,Satisfied,Evidence supports the statement,,,Division sample: Vacation Ownership
PL-1,PL-01c.01[01],the current planning policy is reviewed and updated [organization-defined value];,Examine; Interview,Division standards (2023); group policy register,EV-V-PL1,Other than satisfied,Policy not reviewed since 2023,Moderate,POAM-024,Division sample: Vacation Ownership
PL-1,PL-01c.01[02],the current planning policy is reviewed and updated following [organization-defined value];,Examine; Interview,Division standards (2023); group policy register,EV-V-PL1,Other than satisfied,Policy not updated after the 2024 acquisition,Moderate,POAM-024,Division sample: Vacation Ownership
PL-1,PL-01c.02[01],the current planning procedures are reviewed and updated [organization-defined value];,Examine; Interview,Division standards (2023); group policy register,EV-V-PL1,Other than satisfied,Procedures not reviewed since 2023,Moderate,POAM-024,Division sample: Vacation Ownership
PL-1,PL-01c.02[02],the current planning procedures are reviewed and updated following [organization-defined value].,Examine; Interview,Division standards (2023); group policy register,EV-V-PL1,Other than satisfied,Procedures not updated after the acquisition,Moderate,POAM-024,Division sample: Vacation Ownership
