review_item,what_to_check,tax_software_vendor_result,follow_up
Report type and period,Type 2 (operating effectiveness) covering at least 6 months and ending within the last 12 months,Type 2; 12-month period ending 2026-03-31,Obtain the next report when issued (expected 2027-Q2)
Trust services categories,Security required; Availability (filing deadlines) and Confidentiality (tax return information) needed for the firm's use,Security; Availability; Confidentiality,None
Service auditor and opinion,Independent CPA firm; opinion type,Unmodified opinion,None
System description scope,"Tax preparation application, e-file transmission, customer support, and production data centers in scope",All in scope. The generative AI document extraction and return-drafting feature (AI-001) was released after the period and is not described or tested,Obtain the vendor's description and assurance for the AI feature before any expansion of the pilot (P10; R-013)
Subservice organizations,Carve-out or inclusive; which hosting and AI providers are used,Cloud hosting provider carved out. The AI sub-processor used by the extraction feature is not listed,"Get the sub-processor list, its location, and its security assurance; confirm U.S.-only processing for 301.7216-2(d)(1) and 301.7216-3(b)(4) (P03 G-045, G-050)"
Data location,Where production data and backups are stored and processed,"U.S. data centers for production and backups, per the system description",Contract clause extending U.S.-only processing to the AI sub-processor (POAM-010)
Exceptions noted,Test exceptions and management responses,1 exception: 3 of 40 sampled production changes lacked documented approval. Management response: approval enforced in the deployment tool from 2025-12,Accept; confirm in the next report
Complementary user entity controls (CUECs),Controls the firm must operate for the vendor's controls to work,Provision and remove user access promptly; enforce MFA through SSO; assign roles by least privilege; review user activity reports; protect workstations and credentials; tell the vendor promptly about suspected account compromise,"Map to firm controls AC-2 (POAM-001), IA-2(2) (POAM-002), AC-6 (POAM-003), AU-6 (POAM-004), IR-6 (POAM-017). Three of these are High gaps at the firm today"
Availability commitments,"Recovery objectives versus the firm's BIA (BP-01 and BP-02: RTO 8 h, RPO 1 h)",RTO 4 h and RPO 1 h stated in the system description; no deadline-week capacity commitment,Meets the BIA. Ask for the vendor's filing-deadline capacity plan (P01 R-019)
Encryption,At rest and in transit per the system description,AES-256 at rest; TLS 1.2 or higher in transit,None
Incident notification,Vendor commitment to notify customers of security incidents,System description commits to notify affected customers without undue delay; the contract sets no time limit,"Add a contract term: notice within 72 hours and cooperation with the firm's IRS, FTC, and state notices. Florida law already requires a third-party agent to notify within 10 days (Fla. Stat. 501.171(6)(a))"
IRS program status,Vendor is an Authorized IRS e-file Provider and follows Pub. 1345 security standards,Report states the vendor is an Authorized IRS e-file Provider (transmitter and software developer),None
Bridge letter,Coverage from the report end date to today,Not provided,Request a bridge letter covering 2026-04-01 to 2026-09-30 by 2026-10-31
Review sign-off,Reviewer and date,"IT Manager and Tax Partner, 2026-08-12","Annual, on receipt of each new report"
