review_item,what_to_check,cold_chain_vendor_result,follow_up
Report type and period,Type 2 covering at least 6 months and ending within the last 12 months,Type 2; 12-month period 2025-04-01 to 2026-03-31,None
Trust services categories,"Security required; Availability needed because alerting supports CCP monitoring at the plants, 21 CFR 117.206 monitoring at the DCs, and store case monitoring",Security and Availability,Ask whether the vendor will add Processing Integrity; the 3PL service now makes temperature history commitments of its own (soc2-readiness.csv PI1.1 to PI1.5)
Service auditor and opinion,Independent CPA firm; opinion type,Unqualified opinion,None
System description scope,"Sensor ingestion, gateways, dashboards, alert dispatch, data retention, and APIs used by the group","All in scope, including the API the group alert integration server and SYS-D3 call",None
Subservice organizations,Carve-out or inclusive; hosting and messaging,Vendor cloud provider carved out; SMS and push delivery described as vendor-operated through its cloud provider,Confirm the vendor reviews its cloud provider's SOC 2 report (listed as a vendor control; sample evidence requested)
Exceptions noted,Test exceptions and management responses,2 exceptions: (1) 3 of 25 sampled terminated vendor users kept access for more than 5 days; (2) one quarterly restore test was skipped. Management responses describe automated deprovisioning and a restored test schedule,Accept with follow-up: confirm both fixes in the bridge letter and the next report. Neither exception affects alert dispatch
Complementary user entity controls (CUECs),"Controls the group must operate for the vendor's controls to work, mapped to group controls",6 CUECs: configure and test alert thresholds and recipients; keep gateways connected and protected; manage user accounts and MFA; review alert acknowledgment reports; integrate alerts with the customer's own escalation; notify the vendor of suspected misuse,"4 operating. 2 not operating: gateways at DCs and stores sit on general DC and store networks (GR-02); alert routing depends on one alert integration server with no tested failover (POAM-005). Map to SC-7, CP-4, AC-2, SI-4"
Availability commitments,"Uptime and alerting commitments against the group BIA (BP-G04, BP-M01, BP-D01, BP-R02)",99.9% monthly platform availability; alert dispatch within 5 minutes of a threshold breach; gateways buffer 24 hours locally,Meets the BIA only after the two CUEC gaps are closed; the 24-hour buffer drives the manual check interval in the P08 runbook
Data retention and export,Retention long enough for HACCP records (9 CFR 417.5(e)) and DC records (21 CFR 117.206(a)(5) and subpart F),Default retention 2 years; bulk export API,Export monthly into SYS-M5 and SYS-D3 so retention does not depend on the vendor
Encryption,At rest and in transit per the system description,Encrypted at rest; TLS from gateways to platform,None
Incident notification,Vendor commitment to notify customers of security incidents and outages,Status page for outages; security incident notice within 72 hours of confirmation,Negotiate 24-hour notice for any incident affecting alert delivery or data integrity at the 2027 renewal (POAM-006)
Bridge letter,Coverage from the report end date to the review date,Bridge letter through 2026-06-30 received 2026-08-12,Request the 2026-2027 report when issued; it should cover through 2027-03-31
Review sign-off,Reviewer and date,"Group cold-chain services manager with the group third-party risk team; reviewed by the Food Distribution and Meat Processing security and compliance leads, 2026-08-31",Annual; next review on receipt of the 2027 report
