req_id,regulation,citation,requirement_summary,requirement_type,applies_at_this_tier,csf2_subcategories,sp800_53_controls,nist_official_sp800_53r5_1_1,crosswalk_source,current_state,evidence,status,gap_description,gap_risk_level,remediation_action,owner,target_date,pending_rule_change
G-001,HIPAA Security Rule,164.308(a)(1),"Security Management Process: HIPAA Standard: Implement policies and procedures to prevent, detect, contain, and correct security violations.",Standard,Yes,GV.RM-01,PM-9; RA-1,RA-1,Author mapping (02_verticals/n62_health-care/hipaa-crosswalk-README.md),"Program components now documented: 2026 risk analysis, risk register, and policies",P01; POL-01,Partially met,Program only recently formalized,Moderate,Operate the annual risk cycle,IT Manager,2027-07-31,NPRM would elevate a technology asset inventory and network map to standard-level requirements
G-002,HIPAA Security Rule,164.308(a)(1)(ii)(A),"Risk Analysis: Conduct an accurate and thorough assessment of the potential risks and vulnerabilities to the confidentiality, integrity, and availability of ePHI held by the covered entity or business associate.",Required,Yes,ID.RA-01; ID.RA-04; ID.RA-05,RA-2; RA-3,RA-2; RA-3,Author mapping (02_verticals/n62_health-care/hipaa-crosswalk-README.md),Risk analysis completed 2026-07-31 (P01); none documented before,P01 risk register,Partially met,First-ever analysis; asset inventory incomplete (MDCs; vehicle routers; cardiac monitors; network gear),Moderate,Complete the asset inventory; annual update,IT Manager,2026-12-31,NPRM proposes more prescriptive written risk analysis content
G-003,HIPAA Security Rule,164.308(a)(1)(ii)(B),Risk Management: Implement security measures sufficient to reduce risks and vulnerabilities to a reasonable and appropriate level to comply with §164.306(a),Required,Yes,ID.RA-06; GV.RM-02,PM-9; RA-7; PL-2,PL-2; RA-2; RA-3,Author mapping (02_verticals/n62_health-care/hipaa-crosswalk-README.md),"Treatment plans and a $55,000 budget approved 2026-09-04",P01 treatment columns; P07 POA&M,Partially met,Most treatments not yet implemented,High,Execute funded treatments,IT Manager,2027-05-31,NPRM proposes annual penetration testing and vulnerability scanning
G-004,HIPAA Security Rule,164.308(a)(1)(ii)(C),Sanction Policy: Apply appropriate sanctions against workforce members who fail to comply with the security policies and procedures of the covered entity or business associate,Required,Yes,GV.RR-04,PS-8,PS-8,Author mapping (02_verticals/n62_health-care/hipaa-crosswalk-README.md),General disciplinary policy only,Employee handbook,Not met,No HIPAA-specific sanctions,Moderate,Adopt sanctions procedure under POL-01 4.7,COO,2026-11-30,None
G-005,HIPAA Security Rule,164.308(a)(1)(ii)(D),"Information System Activity Review: Implement procedures to regularly review records of information system activity, such as audit logs, access reports, and security incident tracking reports.",Required,Yes,DE.CM-03; DE.AE-02,AU-6; SI-4,AU-6; AU-7; CA-7; IR-5; IR-6; SI-4,Author mapping (02_verticals/n62_health-care/hipaa-crosswalk-README.md),CAD; ePCR; and identity logs exist but nobody reviews them,IT Manager interview 2026-07-22,Not met,No audit log; CAD query; or ePCR access review,Moderate,Monthly ePCR access and CAD query review; weekly IdP sign-in review,Billing and Compliance Manager,2026-10-31,None
G-006,HIPAA Security Rule,164.308(a)(2),Assigned Security Responsibility: HIPAA Standard: Identify the security official who is responsible for the development and implementation of the policies and procedures required by this subpart for the covered entity or business associate.,Standard,Yes,GV.RR-02,PM-2,CA-6; PM-2,Author mapping (02_verticals/n62_health-care/hipaa-crosswalk-README.md),IT Manager designated Security Officer in writing,Designation memo 2026-07-15,Met,None,Very Low,None,COO,,None
G-007,HIPAA Security Rule,164.308(a)(3),"Workforce Security: HIPAA Standard: Implement policies and procedures to ensure that all members of its workforce have appropriate access to electronic protected health information, as provided under paragraph (a)(4) of this section, and to prevent t",Standard,Yes,PR.AA-05,PS-1; AC-2,AC-1; AC-2; AC-3; AC-5; AC-6,Author mapping (02_verticals/n62_health-care/hipaa-crosswalk-README.md),Role-based access in ePCR and billing; CAD shared logins; late terminations,IdP and ePCR exports; HR tickets,Partially met,See implementation specifications,Moderate,See below,HR Manager,2026-10-31,None
G-008,HIPAA Security Rule,164.308(a)(3)(ii)(A),Authorization and/or Supervision: Implement procedures for the authorization and/or supervision of workforce members who work with ePHI or in locations where it might be accessed.,Addressable,Yes,PR.AA-05,AC-2; AC-6,AC-1; AC-2; AC-3; AC-4; MA-5; MP-2; PS-1; PS-6; PS-7,Author mapping (02_verticals/n62_health-care/hipaa-crosswalk-README.md),Shift supervisors and field training officers supervise new crew members; managers approve roles,Onboarding tickets; field training records,Met,None,Low,None,Operations Manager,,NPRM would make this required (removes addressable status)
G-009,HIPAA Security Rule,164.308(a)(3)(ii)(B),Workforce Clearance Procedure: Implement procedures to determine that the access of a workforce member to ePHI is appropriate.,Addressable,Yes,GV.RR-04,PS-3,AC-2; PS-1; PS-2; PS-3; PS-5; PS-6; PS-7,Author mapping (02_verticals/n62_health-care/hipaa-crosswalk-README.md),Background; driving record; and state certification checks before hire,HR checklist,Met,None,Low,None,HR Manager,,NPRM would make this required (removes addressable status)
G-010,HIPAA Security Rule,164.308(a)(3)(ii)(C),Termination Procedures: Implement procedures for terminating access to ePHI when the employment of or other arrangement with a workforce member ends or as required by determinations made as specified in §164.308(a)(3)(ii)(B).,Addressable,Yes,GV.RR-04; PR.AA-05,PS-4; AC-2,PS-1; PS-4; PS-5,Author mapping (02_verticals/n62_health-care/hipaa-crosswalk-README.md),ePCR and CAD accounts removed separately; up to 3 weeks after departure,Departure tickets sample (6 of 8 late),Partially met,No same-day disable; shared CAD passwords not changed when a dispatcher leaves,Moderate,Federate ePCR and CAD; same-day disable from the HR ticket,HR Manager,2026-10-31,NPRM would make this required (removes addressable status)
G-011,HIPAA Security Rule,164.308(a)(4),Information Access Management: HIPAA Standard: Implement policies and procedures for authorizing access to electronic protected health information that are consistent with the applicable requirements of subpart E of this part.,Standard,Yes,PR.AA-05,AC-1; AC-3,AC-1; AC-2; AC-5; AC-6,Author mapping (02_verticals/n62_health-care/hipaa-crosswalk-README.md),Role-based access in ePCR; CAD; and billing,Role matrices,Partially met,Shared CAD logins; excess billing edit rights,Moderate,See (C) and 164.312(a)(2)(i),IT Manager,2026-12-31,None
G-012,HIPAA Security Rule,164.308(a)(4)(ii)(A),"Isolating Health care Clearinghouse Function: If a healthcare clearinghouse is part of a larger organization, the clearinghouse must implement policies and procedures that protect the ePHI of the clearinghouse from unauthorized access by the larger o",Required,No - not a clearinghouse,PR.IR-01,AC-4; SC-7,AC-5; AC-6; CA-3,Author mapping (02_verticals/n62_health-care/hipaa-crosswalk-README.md),The company is not a health care clearinghouse,Scenario facts,Not applicable,N/A,,,,,None
G-013,HIPAA Security Rule,164.308(a)(4)(ii)(B),"Access Authorization: Implement policies and procedures for granting access to ePHI, such as through access to a workstation, transaction, program, process, or other mechanism.",Addressable,Yes,PR.AA-05,AC-2; AC-3,AC-1; AC-2; AC-3; AC-4; PS-6; PS-7,Author mapping (02_verticals/n62_health-care/hipaa-crosswalk-README.md),Managers approve role requests by ticket,Onboarding tickets,Met,None,Low,None,Operations Manager,,NPRM would make this required (removes addressable status)
G-014,HIPAA Security Rule,164.308(a)(4)(ii)(C),"Access Establishment and Modification: Implement policies and procedures that, based on the covered entity or business associate’s access authorization policies, establish, document, review, and modify a user's right of access to a workstation, trans",Addressable,Yes,PR.AA-01; PR.AA-05,AC-2; AC-6,AC-1; AC-2,Author mapping (02_verticals/n62_health-care/hipaa-crosswalk-README.md),Roles changed on request; no periodic review,ePCR and billing role reports,Partially met,No access reviews; billing users can edit imported service level,Moderate,Quarterly access review; lock imported service level,Billing and Compliance Manager,2026-11-30,NPRM would make this required (removes addressable status)
G-015,HIPAA Security Rule,164.308(a)(5),Security Awareness and Training: HIPAA Standard: Implement a security awareness and training program for all members of its workforce (including management).,Standard,Yes,PR.AT-01,AT-1; AT-2,AT-1; AT-2; AT-3; AT-4,Author mapping (02_verticals/n62_health-care/hipaa-crosswalk-README.md),Training at hire only,Training roster,Partially met,No ongoing program,Moderate,Annual training plus reminders and shift-briefing topics,HR Manager,2026-12-31,None
G-016,HIPAA Security Rule,164.308(a)(5)(ii)(A),Security Reminders: Implement periodic security updates.,Addressable,Yes,PR.AT-01,AT-2,AT-2; AT-3,Author mapping (02_verticals/n62_health-care/hipaa-crosswalk-README.md),No security reminders,Interview,Not met,No reminders,Moderate,Monthly reminders; quarterly phishing simulations,IT Manager,2026-11-30,NPRM would make this required (removes addressable status)
G-017,HIPAA Security Rule,164.308(a)(5)(ii)(B),"Protection from Malicious Software: As reasonable and appropriate, train workforce members regarding procedures for:",Addressable,Yes,PR.PS-05; DE.CM-09,SI-3; AT-2,AT-2; AT-3,Author mapping (02_verticals/n62_health-care/hipaa-crosswalk-README.md),Signature antivirus; no EDR; dispatch consoles unpatched 7 months,AV console; patch report,Partially met,No behavior-based detection on the systems that run dispatch,High,MSP-managed EDR with 24x7 alerting; monthly console patching,IT Manager,2026-12-31,NPRM would make this required (removes addressable status)
G-018,HIPAA Security Rule,164.308(a)(5)(ii)(C),"Log-in Monitoring: As reasonable and appropriate, train workforce members regarding procedures for:",Addressable,Yes,DE.CM-03,AC-7; AU-6,AT-3; AU-6,Author mapping (02_verticals/n62_health-care/hipaa-crosswalk-README.md),IdP lockout configured; CAD has no lockout; no review of failed logins,IdP policy; CAD settings,Partially met,Failed-login events not reviewed; CAD lockout off,Moderate,Enable CAD lockout; include in weekly IdP review,IT Manager,2026-12-31,NPRM would make this required (removes addressable status)
G-019,HIPAA Security Rule,164.308(a)(5)(ii)(D),"Password Management: As reasonable and appropriate, train workforce members regarding procedures for:",Addressable,Yes,PR.AA-03,IA-5,AT-2; AT-3,Author mapping (02_verticals/n62_health-care/hipaa-crosswalk-README.md),IdP password policy enforced,IdP policy,Partially met,Shared CAD passwords; non-unique local admin passwords; router default passwords (P07),Moderate,Named CAD accounts; local admin password tool; router management,IT Manager,2026-10-31,NPRM would make this required (removes addressable status)
G-020,HIPAA Security Rule,164.308(a)(6),Security Incident Procedures: HIPAA Standard: Implement policies and procedures to address security incidents.,Standard,Yes,RS.MA-01,IR-1; IR-8,IR-1; IR-2; IR-3; IR-4,Author mapping (02_verticals/n62_health-care/hipaa-crosswalk-README.md),POL-03 approved 2026-09-04; runbook (P08) approved,POL-03; P08,Partially met,Not yet tested; crews not trained on reporting,Moderate,Tabletop exercise; publish reporting channel,IT Manager,2026-11-30,NPRM proposes written incident response plans and testing
G-021,HIPAA Security Rule,164.308(a)(6)(ii),"Response and Reporting: Identify and respond to suspected or known security incidents; mitigate, to the extent practicable, harmful effects of security incidents that are known to the covered entity or business associate; and document security incide",Required,Yes,RS.MA-02; RS.CO-02,IR-4; IR-5; IR-6,IR-4; IR-5; IR-6; IR-7; IR-8; IR-9,Author mapping (02_verticals/n62_health-care/hipaa-crosswalk-README.md),Incidents handled ad hoc before 2026-09,Interview; tickets,Partially met,No incident log; no documented outcomes,Moderate,Incident log category in ticketing,IT Manager,2026-10-31,None
G-022,HIPAA Security Rule,164.308(a)(7),"Contingency Plan: HIPAA Standard: Establish (and implement as needed) policies and procedures for responding to an emergency or other occurrence (for example, fire, vandalism, system failure, and natural disaster) that damages systems that contain el",Standard,Yes,ID.IM-04,CP-1; CP-2,CP-1; CP-2,Author mapping (02_verticals/n62_health-care/hipaa-crosswalk-README.md),No contingency plan; manual dispatch binder only,Interview; binder,Not met,No plan,High,Write contingency plan using the BIA (P05),IT Manager,2026-12-31,NPRM proposes restoring critical systems within 72 hours
G-023,HIPAA Security Rule,164.308(a)(7)(ii)(A),Data Backup Plan: Establish and implement procedures to create and maintain retrievable exact copies of ePHI.,Required,Yes,PR.DS-11,CP-9,CP-6; CP-9; CP-9(1),Author mapping (02_verticals/n62_health-care/hipaa-crosswalk-README.md),Daily backups; CAD database point-in-time restore; same account and region; not immutable,Backup job reports,Partially met,Backups exposed to the same compromise as production,High,Separate-account immutable backups in a second region,IT Manager,2026-11-30,None
G-024,HIPAA Security Rule,164.308(a)(7)(ii)(B),Disaster Recovery Plan: Establish (and implement as needed) procedures to restore any loss of data.,Required,Yes,RC.RP-01; ID.IM-04,CP-2; CP-10,CP-2; CP-6; CP-7; CP-8; CP-9; CP-10,Author mapping (02_verticals/n62_health-care/hipaa-crosswalk-README.md),No disaster recovery plan for CAD or the integration engine,Interview,Not met,No plan,High,CAD recovery runbook with the CAD vendor inside the contingency plan,IT Manager,2026-12-31,NPRM proposes 72-hour restoration of critical systems
G-025,HIPAA Security Rule,164.308(a)(7)(ii)(C),Emergency Mode Operation Plan: Establish (and implement as needed) procedures to enable the continuation of critical business processes to protect the security of ePHI while operating in emergency mode.,Required,Yes,ID.IM-04,CP-2,CP-2; CP-10,Author mapping (02_verticals/n62_health-care/hipaa-crosswalk-README.md),Manual dispatch binder (run cards; radio procedure); last drilled 2023; no ePCR downtime procedure,Binder review; dispatcher interviews,Partially met,Emergency mode not practiced; no alternate dispatch site,High,Quarterly manual dispatch drills; paper PCR kits; alternate position at Station 2,Communications Center Supervisor,2026-12-31,None
G-026,HIPAA Security Rule,164.308(a)(7)(ii)(D),Testing and Revision Procedure: Implement procedures for the periodic testing and revision of contingency plans.,Addressable,Yes,ID.IM-02,CP-4,CP-2; CP-3; CP-4,Author mapping (02_verticals/n62_health-care/hipaa-crosswalk-README.md),No testing since 2023,Interview,Not met,Backups never restore-tested; manual mode not drilled,High,Quarterly restore tests; quarterly manual dispatch drills,IT Manager,2026-10-15,NPRM would make this required (removes addressable status)
G-027,HIPAA Security Rule,164.308(a)(7)(ii)(E),Applications and Data Criticality Analysis: Assess the relative criticality of specific applications and data in support of other Contingency Plan components.,Addressable,Yes,ID.AM-05,RA-9; CP-2,CP-2; CP-2(8); RA-2; RA-2(1),Author mapping (02_verticals/n62_health-care/hipaa-crosswalk-README.md),BIA completed 2026-09-04,P05,Met,None,Low,Annual update,IT Manager,,NPRM would make this required (removes addressable status)
G-028,HIPAA Security Rule,164.308(a)(8),"Evaluation: HIPAA Standard: Perform a periodic technical and nontechnical evaluation, based initially upon the standards implemented under this rule and subsequently, in response to environmental or operational changes affecting the security of elect",Standard,Yes,ID.IM-01,CA-2; CA-7,CA-1; CA-2; CA-6; CA-7; CA-8,Author mapping (02_verticals/n62_health-care/hipaa-crosswalk-README.md),First evaluation performed 2026-08 (P07),P07,Partially met,No periodic evaluation schedule,Low,Annual evaluation,IT Manager,2027-08-31,NPRM proposes a compliance audit at least once every 12 months
G-029,HIPAA Security Rule,164.308(b)(1),"Business Associate Contracts and Other Arrangements: HIPAA Standard: A covered entity may permit a business associate to create, receive, maintain, or transmit electronic protected health information on the covered entity’s behalf only if the covered",Standard,Yes,GV.SC-05,SA-9,CA-3; PS-7; SA-9,Author mapping (02_verticals/n62_health-care/hipaa-crosswalk-README.md),BAAs with ePCR; billing; CAD vendor (support); MSP; cardiac monitor relay,BAA inventory,Partially met,Hosted phone vendor has no BAA; AI triage service not covered,Moderate,Execute BAA and BAA amendment or replace vendor,COO,2026-10-31,NPRM proposes BA verification of technical safeguards at least every 12 months
G-030,HIPAA Security Rule,164.308(b)(4),Written Contract or Other Arrangement: Document the satisfactory assurances required by this standard through a written contract or other arrangement with the business associate that meets the applicable requirements of §164.314(a). Readers may find ,Required,Yes,GV.SC-05,SA-4; SA-9,CA-3; SA-4; SA-9,Author mapping (02_verticals/n62_health-care/hipaa-crosswalk-README.md),Written BAAs on file for 5 of 7 vendors that handle ePHI,BAA inventory,Partially met,2 vendors without written BAA,Moderate,As above,COO,2026-10-31,None
G-031,HIPAA Security Rule,164.310(a),"Facility Access Controls: HIPAA Standard: Implement policies and procedures to limit physical access to its electronic information systems and the facility or facilities in which they are housed, while ensuring that properly authorized access is allo",Standard,Yes,PR.AA-06,PE-2; PE-3,PE-1; PE-2; PE-3; PE-3(1); PE-4; PE-5,Author mapping (02_verticals/n62_health-care/hipaa-crosswalk-README.md),Badge access at headquarters and the dispatch room; keypad at Station 2,Walkthrough 2026-08-12,Partially met,Station 2 keypad code shared and unchanged since 2024,Low,Rotate code; badge reader at Station 2,Operations Manager,2026-12-31,None
G-032,HIPAA Security Rule,164.310(a)(2)(i),Contingency Operations: Establish (and implement as needed) procedures that allow facility access in support of the restoration of lost data under the Disaster Recovery Plan and Emergency Mode Operations Plan in the event of an emergency.,Addressable,Yes,PR.AA-06,PE-3; CP-2,CP-2; CP-6; CP-7; PE-2; PE-3; PE-17,Author mapping (02_verticals/n62_health-care/hipaa-crosswalk-README.md),No plan for facility access or relocation during emergencies,Interview,Not met,No contingency operations procedure or alternate dispatch site,Moderate,Include relocation to Station 2 in the contingency plan,Communications Center Supervisor,2027-05-31,NPRM would make this required (removes addressable status)
G-033,HIPAA Security Rule,164.310(a)(2)(ii),"Facility Security Plan: Implement policies and procedures to safeguard the facility and the equipment therein from unauthorized physical access, tampering, and theft.",Addressable,Yes,PR.AA-06,PE-1; PE-3,PE-1; PL-2,Author mapping (02_verticals/n62_health-care/hipaa-crosswalk-README.md),No written facility security plan,Interview,Not met,No plan,Low,Write facility security plan,Operations Manager,2026-12-31,NPRM would make this required (removes addressable status)
G-034,HIPAA Security Rule,164.310(a)(2)(iii),"Access Control and Validation Procedures: Implement procedures to control and validate a person's access to facilities based on their role or function, including visitor control and control of access to software programs for testing and revision.",Addressable,Yes,PR.AA-06,PE-2; PE-3; PE-8,PE-1; PE-2; PE-3; PE-3(1); PE-6; PE-8,Author mapping (02_verticals/n62_health-care/hipaa-crosswalk-README.md),Badge list at headquarters; shared keypad code at Station 2,Badge list,Partially met,Station 2 access not validated,Low,Rotate code quarterly now; badge reader in 2027,Operations Manager,2026-10-31,NPRM would make this required (removes addressable status)
G-035,HIPAA Security Rule,164.310(a)(2)(iv),"Maintenance Records: Implement policies and procedures to document repairs and modifications to the physical components of a facility that are related to security (e.g., hardware, walls, doors, and locks).",Addressable,Yes,PR.PS-03,MA-2,MA-1; MA-2; MA-6,Author mapping (02_verticals/n62_health-care/hipaa-crosswalk-README.md),Door and lock repairs logged at headquarters,Facilities tickets,Partially met,Station 2 repairs not logged,Low,Single facilities log,Operations Manager,2026-11-30,NPRM would make this required (removes addressable status)
G-036,HIPAA Security Rule,164.310(b),"Workstation Use: HIPAA Standard: Implement policies and procedures that specify the proper functions to be performed, the manner in which those functions are to be performed, and the physical attributes of the surroundings of a specific workstation o",Standard,Yes,PR.AT-01,PL-4,AC-3; AC-4; AC-11; AC-12; AC-16; AC-17; AC-19; PE-3; PE-5; PL-4; PS-6,Author mapping (02_verticals/n62_health-care/hipaa-crosswalk-README.md),POL-05 approved 2026-09-04,POL-05,Partially met,Acknowledgments not yet collected,Low,Collect acknowledgments,HR Manager,2026-10-31,None
G-037,HIPAA Security Rule,164.310(c),"Workstation Security: HIPAA Standard: Implement physical safeguards for all workstations that access electronic protected health information, to restrict access to authorized users.",Standard,Yes,PR.AA-06,AC-11; PE-5,MP-2; MP-3; MP-4; PE-2; PE-3; PE-4; PE-5; PE-18,Author mapping (02_verticals/n62_health-care/hipaa-crosswalk-README.md),Dispatch consoles in badge-controlled room; tablets locked; office screen lock,Walkthrough; endpoint policy,Partially met,MDCs in ambulances stay signed in with no lock,Moderate,Crew sign-in and lock on MDCs,Operations Manager,2027-01-31,None
G-038,HIPAA Security Rule,164.310(d),"Device and Media Controls: HIPAA Standard: Implement policies and procedures that govern the receipt and removal of hardware and electronic media that contain electronic protected health information into and out of a facility, and the movement of the",Standard,Yes,ID.AM-01,MP-1; CM-8,CM-8; MP-1; MP-2; MP-3; MP-4; MP-5; MP-6; PE-16; PE-20,Author mapping (02_verticals/n62_health-care/hipaa-crosswalk-README.md),Office endpoints and tablets inventoried,Device inventory,Partially met,MDCs; routers; cardiac monitors; network gear not inventoried,Moderate,Complete inventory,IT Manager,2026-12-31,NPRM proposes a written technology asset inventory
G-039,HIPAA Security Rule,164.310(d)(2)(i),Disposal: Implement policies and procedures to address the final disposition of ePHI and/or the hardware or electronic media on which it is stored.,Required,Yes,ID.AM-08,MP-6,MP-6,Author mapping (02_verticals/n62_health-care/hipaa-crosswalk-README.md),Paper shredded with certificates; tablets and drives wiped in-house,Shredding certificates,Partially met,No record of device wipes or destruction,Low,Certified destruction vendor; wipe log,IT Manager,2026-12-31,None
G-040,HIPAA Security Rule,164.310(d)(2)(ii),Media Re-use: Implement procedures for the removal of ePHI from electronic media before the media become available for reuse.,Required,Yes,ID.AM-08,MP-6,MP-6,Author mapping (02_verticals/n62_health-care/hipaa-crosswalk-README.md),Tablets factory reset through device management before reassignment,Device management wipe log,Met,None,Very Low,None,IT Manager,,None
G-041,HIPAA Security Rule,164.310(d)(2)(iii),Accountability: Maintain a record of the movements of hardware and electronic media and any person responsible for them.,Addressable,Yes,ID.AM-01,CM-8,CM-8; MP-5; PE-16; PE-20; PS-6,Author mapping (02_verticals/n62_health-care/hipaa-crosswalk-README.md),Tablet assignments recorded in device management,Device inventory,Partially met,MDC and cardiac monitor moves between units not tracked,Low,Include in inventory,Operations Manager,2026-12-31,NPRM would make this required (removes addressable status)
G-042,HIPAA Security Rule,164.310(d)(2)(iv),"Data Backup and Storage: Create a retrievable exact copy of ePHI, when needed, before movement of equipment.",Addressable,Yes,PR.DS-11,CP-9,CP-9; MP-4,Author mapping (02_verticals/n62_health-care/hipaa-crosswalk-README.md),Tablets sync to the ePCR before swap; MDCs hold no local data,ePCR sync status; MDC configuration,Met,None,Low,None,IT Manager,,NPRM would make this required (removes addressable status)
G-043,HIPAA Security Rule,164.312(a),Access Control: HIPAA Standard: Implement technical policies and procedures for electronic information systems that maintain electronic protected health information to allow access only to those persons or software programs that have been granted acc,Standard,Yes,PR.AA-05,AC-3,AC-1; AC-3; AC-5; AC-6,Author mapping (02_verticals/n62_health-care/hipaa-crosswalk-README.md),Role-based access; unique IDs except CAD,Role matrices,Partially met,See implementation specifications,Moderate,See below,IT Manager,2026-12-31,None
G-044,HIPAA Security Rule,164.312(a)(2)(i),Unique User Identification: Assign a unique name and/or number for identifying and tracking user identity.,Required,Yes,PR.AA-01,IA-2; AC-2,AC-2; AC-3; IA-2; IA-3; IA-4; IA-8,Author mapping (02_verticals/n62_health-care/hipaa-crosswalk-README.md),Unique IDs in IdP; ePCR; billing,IdP export; CAD user list,Partially met,CAD shared position logins and per-vehicle MDC logins,Moderate,Named CAD accounts federated to the IdP,Communications Center Supervisor,2026-12-31,None
G-045,HIPAA Security Rule,164.312(a)(2)(ii),Emergency Access Procedure: Establish (and implement as needed) procedures for obtaining necessary electronic protected health information during an emergency.,Required,Yes,PR.AA-05,AC-2; CP-2,AC-2; AC-3; CP-2,Author mapping (02_verticals/n62_health-care/hipaa-crosswalk-README.md),No break-glass accounts; CAD admin password held only by the MSP,Interview,Not met,Cannot administer systems if IdP or MSP unavailable,Moderate,Two offline break-glass accounts; sealed CAD admin credential,IT Manager,2026-10-31,None
G-046,HIPAA Security Rule,164.312(a)(2)(iii),Automatic Logoff: Consider whether the addressable implementation specifications of this standard are reasonable and appropriate:,Addressable,Yes,PR.AA-05,AC-11; AC-12,AC-12,Author mapping (02_verticals/n62_health-care/hipaa-crosswalk-README.md),ePCR idle logoff 15 minutes; office lock 10 minutes,ePCR settings; endpoint policy,Partially met,MDCs never lock; consoles exempt by design,Low,MDC crew sign-in; document console exception with room control,IT Manager,2027-01-31,NPRM would make this required (removes addressable status)
G-047,HIPAA Security Rule,164.312(a)(2)(iv),Encryption and Decryption: Consider whether the addressable implementation specifications of this standard are reasonable and appropriate:,Addressable,Yes,PR.DS-01,SC-28,SC-13,Author mapping (02_verticals/n62_health-care/hipaa-crosswalk-README.md),ePCR; billing; cloud storage encrypted by providers; tablets and laptops encrypted,Encryption report,Partially met,6 dispatch consoles and 8 office desktops unencrypted,Moderate,Full-disk encryption,IT Manager,2026-11-30,NPRM proposes encrypting all ePHI at rest and in transit with limited exceptions
G-048,HIPAA Security Rule,164.312(b),"Audit Controls: HIPAA Standard: Implement hardware, software, and/or procedural mechanisms that record and examine activity in information systems that contain or use electronic protected health information.",Standard,Yes,PR.PS-04,AU-2; AU-3; AU-12,AU-1; AU-2; AU-3; AU-4; AU-6; AU-7; AU-8,Author mapping (02_verticals/n62_health-care/hipaa-crosswalk-README.md),Audit logs generated by ePCR; IdP; CAD; cloud,Configuration exports,Partially met,Endpoint; firewall; router logging undefined; short retention,Moderate,Central log workspace with 1-year retention,IT Manager,2026-12-31,None
G-049,HIPAA Security Rule,164.312(c),Integrity: HIPAA Standard: Implement policies and procedures to protect electronic protected health information from improper alteration or destruction.,Standard,Yes,PR.DS-01,SI-7,CP-9; MP-2; MP-5; SC-8; SI-1; SI-7,Author mapping (02_verticals/n62_health-care/hipaa-crosswalk-README.md),ePCR locks signed records; CAD keeps edit history,Vendor SOC 2 report; CAD edit history,Partially met,Any dispatcher can edit unit status times,Low,Restrict time edits to supervisors with reason codes,Communications Center Supervisor,2026-12-31,None
G-050,HIPAA Security Rule,164.312(c)(2),Mechanism to Authenticate Electronic Protected Health Information: Implement electronic mechanisms to corroborate that ePHI has not been altered or destroyed in an unauthorized manner.,Addressable,Yes,PR.DS-01,SI-7; SC-8,SC-8; SI-7,Author mapping (02_verticals/n62_health-care/hipaa-crosswalk-README.md),ePCR tracks addenda after signature; interfaces use TLS,Vendor SOC 2; TLS config,Met,None,Low,None,IT Manager,,NPRM would make this required (removes addressable status)
G-051,HIPAA Security Rule,164.312(d),Person or Entity Authentication: HIPAA Standard: Implement procedures to verify that a person or entity seeking access to electronic protected health information is the one claimed.,Standard,Yes,PR.AA-03,IA-2; IA-2(1); IA-5,IA-2; IA-3; IA-4; IA-8; IA-9,Author mapping (02_verticals/n62_health-care/hipaa-crosswalk-README.md),MFA for all IdP-connected apps,Conditional access policy,Partially met,CAD has no MFA; 3 routers had default passwords (P07),High,CAD federation with MFA; router management,IT Manager,2026-12-31,NPRM proposes MFA for all technology assets with limited exceptions
G-052,HIPAA Security Rule,164.312(e)(1),Transmission Security: HIPAA Standard: Implement technical security measures to guard against unauthorized access to electronic protected health information that is being transmitted over an electronic communications network.,Standard,Yes,PR.DS-02,SC-8,SC-8,Author mapping (02_verticals/n62_health-care/hipaa-crosswalk-README.md),TLS and IPsec in place,TLS scan; VPN config,Partially met,PCS and face sheets exchanged with some facilities by unencrypted email,Moderate,Enforced message encryption; move facilities to the secure fax or portal,IT Manager,2026-12-31,None
G-053,HIPAA Security Rule,164.312(e)(2)(i),Integrity Controls: Implement security measures to ensure that electronically transmitted ePHI is not improperly modified without detection until disposed of.,Addressable,Yes,PR.DS-02,SC-8,SC-8; SI-7,Author mapping (02_verticals/n62_health-care/hipaa-crosswalk-README.md),TLS and IPsec integrity protection on interfaces and vehicle links,TLS config,Met,None,Low,None,IT Manager,,NPRM would make this required (removes addressable status)
G-054,HIPAA Security Rule,164.312(e)(2)(ii),Encryption: Implement a mechanism to encrypt ePHI whenever appropriate.,Addressable,Yes,PR.DS-02,SC-8; SC-13,SC-8; SC-12; SC-13,Author mapping (02_verticals/n62_health-care/hipaa-crosswalk-README.md),Encryption in transit except some facility email,Mail flow rules,Partially met,As above,Moderate,As above,IT Manager,2026-12-31,NPRM proposes encryption of all ePHI in transit
G-055,HIPAA Security Rule,164.314(a),"Business Associate Contracts or Other Arrangements: HIPAA Standard: (i) The contract or other arrangement between the covered entity and its business associate required by § 164.308(b)(3) must meet the requirements of paragraph (a)(2)(i), (a)(2)(ii),",Standard,Yes,GV.SC-05,SA-9,PS-6; PS-7; SA-4; SA-9,Author mapping (02_verticals/n62_health-care/hipaa-crosswalk-README.md),BAA template covers required terms,BAA review,Partially met,2 vendors without BAA coverage,Moderate,See 164.308(b)(1),COO,2026-10-31,None
G-056,HIPAA Security Rule,164.314(a)(2)(i),"Business Associate Contracts: Contracts between covered entities and business associates must provide that business associates will implement administrative, physical, and technical safeguards that reasonably and appropriately protect the confidentia",Required,Yes,GV.SC-05,SA-9,IR-6; PS-6; PS-7; SA-4; SA-9,Author mapping (02_verticals/n62_health-care/hipaa-crosswalk-README.md),Existing BAAs include required safeguards and reporting terms,BAA review,Partially met,Missing BAAs for 2 vendors,Moderate,As above,COO,2026-10-31,NPRM proposes BA notice within 24 hours of contingency plan activation
G-057,HIPAA Security Rule,164.314(a)(2)(ii),Other Arrangements: The covered entity complies with paragraph (a)(1) of this section if it has another arrangement in place that meets the requirements of § 164.504(e)(3).,Required,No - no governmental business associate,GV.SC-05,SA-9,CA-3; PS-6; PS-7; SA-9,Author mapping (02_verticals/n62_health-care/hipaa-crosswalk-README.md),No governmental entity acts as a business associate (the county exchanges data for treatment and dispatch),Scenario facts,Not applicable,N/A,,,,,None
G-058,HIPAA Security Rule,164.314(a)(2)(iii),Business associate contracts with subcontractors: The requirements of paragraphs (a)(2)(i) and (a)(2)(ii) of this section apply to the contract or other arrangement between a business associate and a subcontractor in the same manner as such requireme,Required,Yes,GV.SC-05,SA-9,IR-6; PS-6; PS-7; SA-4; SA-9,Author mapping (02_verticals/n62_health-care/hipaa-crosswalk-README.md),MSP and ePCR BAAs require subcontractor BAAs; not verified,BAAs,Partially met,Subcontractor flow-down not verified,Low,Request subcontractor lists,COO,2026-12-31,None
G-059,HIPAA Security Rule,164.314(a)(3)(i),"Business Associate Contracts: Report to the covered entity any security incident of which it becomes aware, including breaches of unsecured PHI as required by § 164.410.",Required,Yes,GV.SC-05,SA-9,Not mapped by NIST,Author mapping (02_verticals/n62_health-care/hipaa-crosswalk-README.md),BAAs require incident reporting,BAAs,Partially met,Phone vendor has no reporting duty,Low,As 164.308(b)(1),COO,2026-10-31,None
G-060,HIPAA Security Rule,164.314(b),"Requirements for Group Health Plans: HIPAA Standard: Except when the only electronic protected health information disclosed to a plan sponsor is disclosed pursuant to § 164.504(f)(1)(ii) or (iii), or as authorized under § 164.508, a group health plan",Standard,No - not a group health plan,GV.SC-05,SA-9,PL-2,Author mapping (02_verticals/n62_health-care/hipaa-crosswalk-README.md),The company does not administer a group health plan,Scenario facts,Not applicable,N/A,,,,,None
G-061,HIPAA Security Rule,164.314(b)(2)(i),"Group Health Plan Implementation Specification: Amend the plan documents to incorporate provisions to require the plan sponsor to implement administrative, technical, and physical safeguards that will reasonably and appropriately protect the confiden",Required,No - not a group health plan,GV.SC-05,SA-9,PL-2,Author mapping (02_verticals/n62_health-care/hipaa-crosswalk-README.md),The company does not administer a group health plan,Scenario facts,Not applicable,N/A,,,,,None
G-062,HIPAA Security Rule,164.314(b)(2)(ii),Group Health Plan Implementation Specification: Amend the plan documents to incorporate provisions to require the plan sponsor to ensure that the adequate separation between the group health plan and plan sponsor required by §164.504(f)(2)(iii) is su,Required,No - not a group health plan,GV.SC-05,SA-9,PL-2,Author mapping (02_verticals/n62_health-care/hipaa-crosswalk-README.md),The company does not administer a group health plan,Scenario facts,Not applicable,N/A,,,,,None
G-063,HIPAA Security Rule,164.314(b)(2)(iii),Group Health Plan Implementation Specification: Amend plan documents to incorporate provisions to require the plan sponsor to ensure that any agent to whom it provides ePHI agrees to implement reasonable and appropriate security measures to protect t,Required,No - not a group health plan,GV.SC-05,SA-9,SA-9,Author mapping (02_verticals/n62_health-care/hipaa-crosswalk-README.md),The company does not administer a group health plan,Scenario facts,Not applicable,N/A,,,,,None
G-064,HIPAA Security Rule,164.314(b)(2)(iv),Group Health Plan Implementation Specification: Amend plan documents to incorporate provisions to require the plan sponsor to report any security incident of which it becomes aware to the group health plan.,Required,No - not a group health plan,GV.SC-05,SA-9,IR-6,Author mapping (02_verticals/n62_health-care/hipaa-crosswalk-README.md),The company does not administer a group health plan,Scenario facts,Not applicable,N/A,,,,,None
G-065,HIPAA Security Rule,164.316(a),"Policies and Procedures: HIPAA Standard: Implement reasonable and appropriate policies and procedures to comply with the standards, implementation specifications, or other requirements of this subpart, taking into account those factors specified in §",Standard,Yes,GV.PO-01,PL-1; PM-1,PL-1; PL-2; RA-1; RA-3,Author mapping (02_verticals/n62_health-care/hipaa-crosswalk-README.md),Five policies approved 2026-09-04,P06,Partially met,Procedures not yet written,Moderate,Write supporting procedures,IT Manager,2026-12-31,None
G-066,HIPAA Security Rule,164.316(b),"Documentation: HIPAA Standard: (i) Maintain the policies and procedures implemented to comply with this subpart in written (which may be electronic) form; and (ii) if an action, activity or assessment is required by this subpart to be documented, mai",Standard,Yes,GV.PO-02,PL-1,CA-2; PL-2,Author mapping (02_verticals/n62_health-care/hipaa-crosswalk-README.md),Policies and assessments documented in 2026,P01-P10,Partially met,Pre-2026 documentation missing,Low,Maintain documentation set,Billing and Compliance Manager,2026-12-31,None
G-067,HIPAA Security Rule,164.316(b)(2)(i),"Time Limit: Retain documentation required by paragraph (b)(1) of this section for six years from the date of its creation or the date when it last was in effect, whichever is later.",Required,Yes,GV.PO-02,SI-12,SI-12,Author mapping (02_verticals/n62_health-care/hipaa-crosswalk-README.md),No retention rule for security documentation,Records review,Not met,6-year retention not defined,Low,Add to the retention schedule,Billing and Compliance Manager,2026-12-31,None
G-068,HIPAA Security Rule,164.316(b)(2)(ii),Availability: Make documentation available to those persons responsible for implementing the procedures to which the documentation pertains.,Required,Yes,GV.PO-01,PL-1,AC-1; AT-1; AU-1; CA-1; CM-1; CP-1; IA-1; IR-1; MA-1; MP-1; PE-1; PL-1; PM-1; PS-1; PT-1; RA-1; SA-1; SC-1; SI-1; SR-1,Author mapping (02_verticals/n62_health-care/hipaa-crosswalk-README.md),Policies stored on the office file share,Folder listing,Partially met,Crews cannot reach policies from the field,Low,Publish to the crew portal; include in training,HR Manager,2026-10-31,None
G-069,HIPAA Security Rule,164.316(b)(2)(iii),Updates: Review documentation periodically and update as needed in response to environmental or operational changes that affect the security of the ePHI.,Required,Yes,GV.PO-02,PL-1,AC-1; AT-1; AU-1; CA-1; CM-1; CP-1; IA-1; IR-1; MA-1; MP-1; PE-1; PL-1; PL-2; PM-1; PS-1; PT-1; RA-1; SA-1; SC-1; SI-1; SR-1,Author mapping (02_verticals/n62_health-care/hipaa-crosswalk-README.md),Annual review cycle set in P06,P06 headers,Partially met,No review has occurred yet,Low,First review 2027-09,COO,2027-09-04,None
G-070,"Florida EMS law (Fla. Stat. Chapter 401; Chapter 64J-1, F.A.C.)",Fla. Stat. 401.30(1),"Records: each licensee must maintain accurate records of emergency calls on forms containing the information the department requires, available for inspection",Mandatory,Yes,ID.AM-07; PR.DS-01,SI-12; AU-11,Not applicable (not a HIPAA requirement),Author mapping,CAD and ePCR hold complete call and patient care records,ePCR report; CAD incident report,Met,None,Low,None,Clinical Services Coordinator,,None
G-071,"Florida EMS law (Fla. Stat. Chapter 401; Chapter 64J-1, F.A.C.)","Fla. Stat. 401.30(2); Rule 64J-1.014, F.A.C.",Patient care record to the receiving hospital; made available on request within 48 hours of the original dispatch,Mandatory,Yes,RC.RP-01; PR.DS-02,CP-2; SA-9,Not applicable (not a HIPAA requirement),Author mapping,ePCR hospital portal delivers records at transfer of care,ePCR delivery log,Partially met,No monitoring of failed deliveries; no paper fallback defined for an ePCR outage,Low,Weekly delivery exception report; paper PCR in downtime kits,Clinical Services Coordinator,2026-12-31,None
G-072,"Florida EMS law (Fla. Stat. Chapter 401; Chapter 64J-1, F.A.C.)",Fla. Stat. 401.30(4),Records of emergency calls with patient examination or treatment information are confidential; only the listed limited disclosures without consent,Mandatory,Yes,PR.DS-01; PR.AA-05,AC-3; AC-21,Not applicable (not a HIPAA requirement),Author mapping,Release of information follows HIPAA procedures,Release-of-information log,Partially met,Procedure does not list the 401.30(4) disclosure categories,Low,Add 401.30(4) categories to the release-of-information procedure,Billing and Compliance Manager,2026-11-30,None
G-073,"Florida EMS law (Fla. Stat. Chapter 401; Chapter 64J-1, F.A.C.)","Rule 64J-1.014, F.A.C. (retention)",Retain records for at least 5 years unless the rule specifies otherwise,Mandatory,Yes,GV.PO-02; ID.AM-07,SI-12,Not applicable (not a HIPAA requirement),Author mapping,ePCR vendor retains records for the contract term; downtime paper PCRs boxed without an index,Vendor contract; storage walkthrough,Partially met,No written retention schedule; paper records not indexed,Low,Retention schedule; index and scan paper PCRs,Billing and Compliance Manager,2026-12-31,None
G-074,"Florida EMS law (Fla. Stat. Chapter 401; Chapter 64J-1, F.A.C.)","Rule 64J-1.014, F.A.C. (data reporting)","Report to the department: electronic records per the EMSTARS data standards, or quarterly aggregate reports on DH Form 1304",Mandatory,Yes,GV.OC-03,SA-9,Not applicable (not a HIPAA requirement),Author mapping,ePCR vendor submits incident-level data in the EMSTARS format; Clinical Services Coordinator checks confirmations monthly,Submission confirmations,Met,None,Low,Back-enter paper PCRs after any outage,Clinical Services Coordinator,,None
G-075,Medicare ambulance rules (42 CFR Parts 410 and 424),42 CFR 410.40(e)(2)-(3),Physician or non-physician certification statements obtained within the required timeframes and kept on file,Mandatory,Yes,ID.AM-07; PR.DS-11,SI-12; AU-11,Not applicable (not a HIPAA requirement),Author mapping,PCS forms arrive by eFax and email in a shared mailbox; some are attached to claims,Sample of 20 non-emergency claims (4 missing an attached PCS),Partially met,PCS not reliably linked to the claim record,Moderate,Attach every PCS to the billing record before claim release,Billing and Compliance Manager,2026-12-31,None
G-076,Medicare ambulance rules (42 CFR Parts 410 and 424),42 CFR 410.41(c),Bill with CMS-designated origin and destination codes; indicate the certification statement is on file; provide licensure documentation on request,Mandatory,Yes,GV.OC-03,SI-12,Not applicable (not a HIPAA requirement),Author mapping,Billing platform applies origin and destination modifiers; the Operations Manager keeps license and certification copies,Billing configuration; license file,Met,None,Low,None,Billing and Compliance Manager,,None
G-077,Medicare ambulance rules (42 CFR Parts 410 and 424),42 CFR 424.516(f),Maintain documentation for ordered or certified services for 7 years from the date of service and provide access on request,Mandatory,Yes,GV.PO-02; PR.DS-11,SI-12; CP-9,Not applicable (not a HIPAA requirement),Author mapping,No retention rule; shared mailbox has default deletion after 2 years,Mailbox policy,Not met,Documentation may be deleted before 7 years,Moderate,7-year retention for PCS and claim documentation in the billing platform,Billing and Compliance Manager,2026-12-31,None
