obligation,citation,trigger,deadline,notify,applies_at_this_tier,source_url,verified
HIPAA breach notice to individuals,45 CFR 164.404,"Breach of unsecured PHI (presumed unless the 164.402 four-factor assessment shows a low probability of compromise). Clock starts at discovery: the first day the breach is known, or by reasonable diligence would have been known, to any workforce member (164.404(a)(2))",Without unreasonable delay and no later than 60 calendar days after discovery,Each affected individual (first-class mail; substitute notice if 10 or more have out-of-date contact information),Yes - covered entity,https://www.ecfr.gov/current/title-45/subtitle-A/subchapter-C/part-164/subpart-D,true
HIPAA breach notice to HHS (500 or more),45 CFR 164.408(b),Breach affecting 500 or more individuals,Contemporaneously with individual notice (within 60 days of discovery),HHS Secretary via the OCR breach portal,Yes if 500+ (the CAD database holds several years of patients),https://www.ecfr.gov/current/title-45/subtitle-A/subchapter-C/part-164/subpart-D,true
HIPAA breach log to HHS (fewer than 500),45 CFR 164.408(c),Breach affecting fewer than 500 individuals,Within 60 days after the end of the calendar year,HHS Secretary via the OCR breach portal,Yes if under 500,https://www.ecfr.gov/current/title-45/subtitle-A/subchapter-C/part-164/subpart-D,true
HIPAA media notice,45 CFR 164.406,Breach affecting more than 500 residents of a state or jurisdiction,Without unreasonable delay and no later than 60 calendar days after discovery,Prominent media outlets serving that state or jurisdiction,Yes if more than 500 Florida residents,https://www.ecfr.gov/current/title-45/subtitle-A/subchapter-C/part-164/subpart-D,true
Law enforcement delay,45 CFR 164.412,Law enforcement states that notice would impede an investigation,Delay as specified in writing; up to 30 days if the statement is oral and documented,Hold notices; document the request,Yes if requested,https://www.ecfr.gov/current/title-45/subtitle-A/subchapter-C/part-164/subpart-D,true
Business associate breach notice to the company (inbound),45 CFR 164.410,"A business associate (MSP, ePCR, billing, CAD vendor) discovers a breach of the company's PHI",Without unreasonable delay and no later than 60 days after discovery (BAAs may set shorter),The company (Privacy Officer),Yes - track in BAAs,https://www.ecfr.gov/current/title-45/subtitle-A/subchapter-C/part-164/subpart-D,true
Florida breach notice to individuals,Fla. Stat. 501.171(4),Breach of security of personal information (includes medical and health insurance information) of Florida residents. Clock starts at determination of the breach or reason to believe a breach occurred,"No later than 30 days after determination (15 more days if good cause is given to the department in writing within the 30 days, per 501.171(3)(a)); notice under the rules of the primary or functional federal regulator (HIPAA) is deemed compliant if the company timely provides a copy of that notice to the Department of Legal Affairs",Affected Florida residents,Yes - confirm the deemed-compliance path with counsel,http://www.leg.state.fl.us/statutes/index.cfm?App_mode=Display_Statute&URL=0500-0599/0501/Sections/0501.171.html,true
Florida notice to the Department of Legal Affairs,Fla. Stat. 501.171(3),Breach affecting 500 or more individuals in Florida,No later than 30 days after determination,Florida Department of Legal Affairs (Attorney General),Yes if 500+ Florida residents,http://www.leg.state.fl.us/statutes/index.cfm?App_mode=Display_Statute&URL=0500-0599/0501/Sections/0501.171.html,true
Florida notice to consumer reporting agencies,Fla. Stat. 501.171(5),"Notice required to more than 1,000 individuals at a single time",Without unreasonable delay,All nationwide consumer reporting agencies,"Yes if more than 1,000",http://www.leg.state.fl.us/statutes/index.cfm?App_mode=Display_Statute&URL=0500-0599/0501/Sections/0501.171.html,true
Florida third-party agent notice (inbound),Fla. Stat. 501.171(6),A vendor that maintains the company's personal information has a breach,No later than 10 days after determination,The company,Yes - track in vendor contracts,http://www.leg.state.fl.us/statutes/index.cfm?App_mode=Display_Statute&URL=0500-0599/0501/Sections/0501.171.html,true
Other states' breach laws,State breach notification statutes,Affected patients who reside outside Florida (interfacility trips to neighboring states are rare),Varies by state,Residents and regulators per each state's law,Check residency of affected patients,https://www.ftc.gov/business-guidance/resources/data-breach-response-guide-business,true
County notice of dispatch disruption,County ambulance service agreement (contract),CAD or dispatch center outage affecting the county 911 zone,Immediately by phone to the county PSAP supervisor; written follow-up as the agreement requires,County PSAP supervisor; county EMS contract manager,"Yes - contractual, not a statute",,n/a
OFAC sanctions check before any ransom payment,"OFAC advisory (Sept. 21, 2021); 31 CFR ch. V",Considering a ransom payment,Before any payment; full and timely reporting to law enforcement or CISA is a mitigating factor,OFAC; FBI or CISA,Yes,https://ofac.treasury.gov/recent-actions/20210921,true
Cyber insurance claim notice,Cyber insurance policy (contract),Suspected security incident,Per policy (typically as soon as practicable; use the carrier's breach hotline before hiring vendors),Carrier breach hotline,"Yes - contractual, not legal",,n/a
CIRCIA covered cyber incident and ransom payment reports (proposed),6 U.S.C. 681-681g; proposed 6 CFR 226.2(b)(5) and 226.5 (89 FR 23644),Covered cyber incident (reasonable belief) or ransom payment,Proposed: 72 hours (incident); 24 hours after a ransom payment,CISA,"No - final rule not published as of 2026-09-25 (voluntary until then). If finalized as proposed, the company would be covered: it provides EMS to a population of 50,000 or more regardless of size. Recheck when final",https://www.cisa.gov/topics/cyber-threats-and-advisories/information-sharing/cyber-incident-reporting-critical-infrastructure-act-2022-circia,true
CJIS incident reporting (IR-6),"CJIS Security Policy v6.1, IR-6",Incident involving criminal justice information,"Immediately, and no more than 1 hour after discovery","Organizational incident handlers; CSO, SIB Chief or Interface Agency Official; FBI CJIS ISO",No - the company does not access CJI (P03 section 1). Would apply only if a CJI feed were ever connected,https://le.fbi.gov/file-repository/cjis_security_policy_v6-1_20260625.pdf,true
Covered telecommunications / Kaspersky article discovered,FAR 52.204-25 (Section 889) and FAR 52.204-23,Contractor identifies covered equipment or a Kaspersky covered article,Within 1 business day of identification (further report within 10 business days),Contracting officer,No - the company holds no federal contracts (Medicare billing is not a procurement contract),https://www.ecfr.gov/current/title-48/chapter-1/subchapter-H/part-52/subpart-52.2/section-52.204-25,true
Voluntary report to federal agencies,FBI IC3 (voluntary); CISA (voluntary),Ransomware incident,As soon as practicable (voluntary; supports the OFAC mitigating factor),FBI field office or IC3; CISA,Recommended,https://www.ic3.gov/,true
