risk_id,threat_event,threat_source,threat_source_type,vulnerability_or_predisposing_condition,affected_asset_or_process,likelihood_initiation,likelihood_adverse_impact,overall_likelihood,likelihood_basis,impact,risk_level,csf2_category,sp800_53_controls,regulatory_driver,existing_controls,treatment,treatment_plan,owner,due_date,target_residual_risk,status,assessment_pass,last_reviewed
R-001,Payroll platform account taken over through an adversary-in-the-middle phishing page; attacker exports the associate register and changes direct deposit accounts,Cybercriminal group (payroll fraud and identity theft),Adversarial,Payroll platform not on SSO; SMS one-time codes can be relayed; no alert on bulk export or bank changes,"SYS-02; associate PII (about 31,000 records); weekly payroll",High,High,High,EV-006 (SMS codes; no alert rules); EV-001 (payroll platform not in SSO); EV-052 (Payroll Manager interview),High,High,PR.AA,IA-2(1); IA-2(2); AC-2; SI-4,Fla. Stat. 501.171(2); N56-BM (PR.AA-03),Unique named accounts; SMS one-time codes,Mitigate,Put the payroll platform behind SSO with number-matching push MFA; alerts on exports and bank changes; phishing training for payroll staff (see P08),Payroll Manager,2026-11-30,Moderate,In progress,Pass 1 (2026-07-24),2026-07-24
R-002,Associate pay diverted by a fraudulent direct deposit change made through the associate portal or by a caller posing as an associate,Fraudster,Adversarial,Bank changes take effect next payroll with no out-of-band confirmation; payroll staff accept changes by phone,SYS-02; SYS-01 onboarding bank data,High,High,High,EV-006 (bank-change confirmation off); EV-052 (bank-change fraud calls in 2026),Moderate,Moderate,PR.AA,IA-2; AC-3; AT-2,Fla. Stat. 501.171(2); N56-BM (PR.AA-02),Payroll Specialists compare names on the account,Mitigate,Call-back to the phone number on file before any bank change; 1-payroll hold on new accounts; no phone or email bank changes,Payroll Manager,2026-10-31,Low,In progress,Pass 1 (2026-07-24),2026-07-24
R-003,Ransomware delivered by phishing encrypts laptops and the cloud workloads,Cybercriminal ransomware group,Adversarial,EDR alerts reviewed next business day; flat branch networks; kiosks on staff network,SYS-04; SYS-10; SYS-11,Moderate,High,Moderate,EV-028 (phishing tickets); EV-012 (next-business-day alert review); EV-014 (kiosks on staff network),High,Moderate,PR.PS,SI-3; SI-4; SC-7; AT-2,N56-BM (PR.PS-05; DE.CM-09),EDR on laptops; automatic patching; laptop encryption,Mitigate,24x7 EDR monitoring by the managed IT provider; separate kiosk and guest networks; phishing exercises,IT Manager,2027-01-31,Low,Open,Pass 1 (2026-07-24),2026-07-24
R-004,Backups of the reporting database and document archive deleted or encrypted along with production,Cybercriminal ransomware group,Adversarial,Snapshots in the same account and region; same admin roles; never restore-tested,SYS-04 backup vault; scanned Form I-9 archive,Moderate,Very High,High,EV-023 (snapshots in the same account and region; no restores); EV-018 (shared administrator roles),High,High,PR.DS,CP-9; CP-4; AC-6,N56-R03 (8 CFR 274a.2(g)(1)(ii)); N56-BM (PR.DS-11),Daily snapshots,Mitigate,Separate backup account with immutable retention and second region; quarterly restore tests including the I-9 archive,IT Manager,2026-12-31,Low,In progress,Pass 1 (2026-07-24),2026-07-24
R-005,Bulk theft of SSNs and bank accounts from the reporting database through a recruiter account or insider query,Cybercriminal or malicious insider,Adversarial,Full SSNs and bank accounts copied nightly for reports that do not need them; all 22 recruiters can query,SYS-04 reporting database,Moderate,High,Moderate,EV-021 (full SSNs and bank accounts; all recruiters can query),Very High,High,PR.DS,AC-6; SC-28; SI-12; AU-6,Fla. Stat. 501.171(2); N56-BM (PR.DS-01),SSO with MFA; provider encryption at rest,Mitigate,Stop copying SSNs and bank accounts (keep last 4 digits); restrict database access to 3 report builders; query logging,IT Manager,2026-11-30,Low,In progress,Pass 1 (2026-07-24),2026-07-24
R-006,Recruiter opens I-9 document images and consumer reports of candidates with no job need,Workforce member,Adversarial,ATS roles let every recruiter see all branches' I-9 images and consumer report PDFs; no access review,SYS-01 onboarding and screening records,High,Moderate,Moderate,EV-008 (recruiter role sees all branches); EV-052 (interviews),Moderate,Moderate,PR.AA,AC-6; AC-2; AU-6,N56-R03 (8 CFR 274a.2(b)(4); (g)(1)(i)); N56-R02 (15 U.S.C. 1681b(b)(1)(A)(ii)),Named ATS accounts,Mitigate,Split ATS roles so only Onboarding and Compliance Specialists see I-9 images and consumer reports; quarterly access review,HR and Compliance Manager,2026-10-31,Low,In progress,Pass 1 (2026-07-24),2026-07-24
R-007,Former staff keep E-Verify access after leaving,Former workforce member,Adversarial,E-Verify accounts outside SSO and not on the termination checklist,SYS-08,Moderate,Moderate,Moderate,EV-005 (checklist omits E-Verify); EV-058 (2 departed users still active),Moderate,Moderate,PR.AA,AC-2; PS-4,E-Verify MOU Art. II.A.3; Art. II.A.15,HR emails IT at termination,Mitigate,Add E-Verify to the termination checklist; monthly reconciliation of E-Verify users to HR roster,HR and Compliance Manager,2026-09-30,Low,In progress,Pass 1 (2026-07-24),2026-07-24
R-008,ICE inspection finds the electronic Form I-9 system does not meet the documentation and audit trail standards,Regulator (ICE inspection),Structural,No description of the electronic I-9 system or indexing; no periodic checks; scanned archive has no access audit trail,SYS-01 I-9 module; SYS-04 document archive,Low,High,Moderate,EV-024 (no I-9 system description or check records); EV-020 (archive data events off),Moderate,Moderate,GV.OC,AU-2; AU-12; PL-2; CA-2,N56-R03 (8 CFR 274a.2(e)(1)(iii); (e)(5); (f)(1); (g)(1)(iv)),ATS module keeps change history per record,Mitigate,Write the electronic I-9 system description; enable object-level access logging on the archive; quarterly sample check of 25 I-9s,HR and Compliance Manager,2026-12-31,Low,Open,Pass 1 (2026-07-24),2026-07-24
R-009,Forms I-9 cannot be produced within 3 business days of an inspection notice because the archive or ATS data is lost,Hardware or service failure; vendor exit,Structural,Archive depends on untested snapshots; ATS contract has no data-return clause,SYS-01; SYS-04 document archive,Low,High,Moderate,EV-023 (untested snapshots); EV-036 (no ATS data-return clause),Moderate,Moderate,RC.RP,CP-9; CP-10; SA-9,N56-R03 (8 CFR 274a.2(b)(2)(ii); (e)(4)(ii)),Vendor-hosted ATS; daily snapshots,Mitigate,Quarterly export of the I-9 index and images to the immutable backup; data-return clause at ATS renewal,HR and Compliance Manager,2027-03-31,Low,Open,Pass 1 (2026-07-24),2026-07-24
R-010,Class action for a background check disclosure that is not a standalone document,Plaintiff attorneys,Structural,Disclosure form includes a liability release and state notices,SYS-01 onboarding forms; SYS-07,High,Moderate,Moderate,EV-032 (disclosure page with release and state notices),High,Moderate,GV.OC,PT-5; PL-2,N56-R02 (15 U.S.C. 1681b(b)(2)(A)),Screening provider template (modified by the firm in 2023),Mitigate,Replace with a disclosure-only form reviewed by counsel; separate authorization,HR and Compliance Manager,2026-09-30,Low,In progress,Pass 1 (2026-07-24),2026-07-24
R-011,Candidate rejected on the basis of a consumer report without the pre-adverse action copy and summary of rights,Workforce member (error),Accidental,Recruiters can mark a candidate Not Eligible in the ATS without triggering the screening provider's pre-adverse workflow,SYS-01; SYS-07,Low,Moderate,Low,EV-062 (Not Eligible status does not start the pre-adverse workflow; none found in 20 rejections),Moderate,Low,PR.PS,PT-5; AC-3,N56-R02 (15 U.S.C. 1681b(b)(3)(A); 1681m(a)),Screening provider sends pre-adverse and adverse letters when triggered,Mitigate,Lock the Not Eligible status to Onboarding and Compliance Specialists; monthly reconciliation of rejections to letters,HR and Compliance Manager,2026-10-31,Very Low,Open,Pass 1 (2026-07-24),2026-07-24
R-012,Consumer report information recovered from records or devices that were not properly disposed of,Opportunistic finder,Adversarial,Consumer report PDFs kept indefinitely; a kiosk PC discarded unwiped in 2025; laptop wipes not recorded,SYS-01; SYS-11 retired devices,Low,Moderate,Low,EV-013 (kiosk discarded unwiped; laptop wipes unrecorded); EV-022 (consumer reports kept with no purge),Moderate,Low,PR.DS,MP-6; SI-12,N56-R01 (16 CFR 682.3(a)); Fla. Stat. 501.171(8),Shred bins and shredding certificates for paper,Mitigate,Retention schedule; certified device destruction with certificates; purge reports past retention,IT Manager,2026-12-31,Very Low,Open,Pass 1 (2026-07-24),2026-07-24
R-013,AI screening tool ranks or auto-advances candidates in a way that disadvantages a protected group,AI model and configuration,Structural,"Tool in auto-advance mode since 2026-03 with no bias testing, no notice, and no human review of lower-ranked applicants",SYS-09; SYS-01 recruiting workflow,High,Moderate,Moderate,EV-039 (auto-advance mode since 2026-03-02; no bias test); EV-052 (Director of Recruiting interview),High,Moderate,GV.RM,RA-3; CA-7; SA-9,Title VII 703(k) (42 U.S.C. 2000e-2(k)); N56-BM (GV.RM-03),Recruiters see every applicant list (but work the ranked queue),Mitigate,Switch to sort-only mode; bias testing plan and quarterly monitoring (P10),Director of Recruiting,2026-10-15,Low,In progress,Pass 1 (2026-07-24),2026-07-24
R-014,Applicants with disabilities screened out by the AI tool or the online application without an accommodation path,AI model and configuration,Structural,No accommodation contact on the career site; tool parses resumes only,SYS-09; career site,Moderate,Low,Low,EV-049 (no accommodation contact); EV-051 (walk-in applications accepted),Moderate,Low,GV.RM,PL-4; SA-9,ADA 42 U.S.C. 12112(b)(6),Walk-in applications accepted at branches,Mitigate,Accommodation notice and alternate application path on the career site (P10),Director of Recruiting,2026-10-15,Very Low,Open,Pass 1 (2026-07-24),2026-07-24
R-015,Lobby applicant kiosk used to install a keylogger or reach staff systems,Walk-in attacker,Adversarial,Kiosks on the staff network with a shared local account and no browser lockdown,SYS-10; SYS-11 kiosks,Moderate,Moderate,Moderate,EV-014 (kiosks on staff network); EV-055 (shared local account; browsing and USB allowed),Moderate,Moderate,PR.IR,SC-7; CM-7; AC-2,N56-BM (PR.IR-01),Kiosks in view of the front desk,Mitigate,Move kiosks to an isolated network; kiosk mode browser; daily reset,IT Manager,2026-11-30,Low,Open,Pass 1 (2026-07-24),2026-07-24
R-016,Business email compromise of an Account Manager mailbox used to send clients false payment instructions,Cybercriminal,Adversarial,No external-sender warnings; no training on invoice fraud,SYS-05; client billing,High,Moderate,Moderate,EV-017 (no external-sender warning); EV-027 (training records); EV-028 (phishing tickets),Moderate,Moderate,PR.AT,AT-2; SI-8; IA-2(1),N56-BM (PR.AT-01),SSO with MFA on email,Mitigate,Training; external sender tags; bank details on invoices confirmed by portal notice,Controller,2026-12-31,Low,Open,Pass 1 (2026-07-24),2026-07-24
R-017,Attacker activity in the ATS or payroll platform goes unnoticed for weeks,Cybercriminal,Adversarial,No audit log review or alerting; identity provider logs kept 30 days,SYS-01; SYS-02; SYS-03,Moderate,High,Moderate,EV-002 (sign-in logs kept 30 days); EV-007 (no scheduled report runs); EV-024 (no log review records),High,Moderate,DE.CM,AU-6; AU-11; SI-4,N56-BM (DE.CM-03); N56-R03 (8 CFR 274a.2(g)(1)(iv)),Audit logs exist in each SaaS,Mitigate,"Weekly review of payroll exports, bank changes, and admin actions; 1-year log retention in the cloud log workspace",IT Manager,2026-11-30,Low,Open,Pass 1 (2026-07-24),2026-07-24
R-018,Florida breach notices missed because no one owns the 30-day clock,Workforce member (error),Accidental,No incident response plan or notice procedure,Program,Moderate,High,Moderate,EV-024 (no incident response plan or notice procedure); EV-053 (HR and Compliance Manager interview),Moderate,Moderate,RS.CO,IR-6; IR-8,Fla. Stat. 501.171(3); (4); (9),None,Mitigate,P08 runbook and notification matrix; tabletop exercise,HR and Compliance Manager,2026-11-30,Low,In progress,Pass 1 (2026-07-24),2026-07-24
R-019,Payroll platform outage on payroll day delays pay for about 450 associates,Service provider failure,Structural,No manual payroll procedure; single payroll vendor,SYS-02,Low,Very High,Moderate,EV-024 (no manual payroll procedure); EV-037 (vendor RTO 8 h),High,Moderate,RC.RP,CP-2; SA-9,N56-BM (RC.RP-01),Vendor availability commitments (SOC 2),Mitigate,Manual off-cycle payroll procedure using the prior week's register; vendor RTO confirmed against the BIA,Payroll Manager,2026-12-31,Low,Open,Pass 1 (2026-07-24),2026-07-24
R-020,"ATS outage stops onboarding, E-Verify case creation within 3 business days, and timesheet approvals",Service provider failure,Structural,No downtime procedure; single ATS,SYS-01,Moderate,Moderate,Moderate,EV-024 (no ATS downtime procedure); EV-051 (BIA interviews),Moderate,Moderate,RC.RP,CP-2; SA-9,N56-R03 (8 CFR 274a.2(b)(1)(ii)); Fla. Stat. 448.095(2)(a),Paper Form I-9 available at branches,Mitigate,"Downtime kit: paper I-9 packets, E-Verify website direct use, paper timesheets",HR and Compliance Manager,2026-12-31,Low,Open,Pass 1 (2026-07-24),2026-07-24
R-021,Hurricane closes headquarters and branches for several days,Hurricane,Environmental,No contingency plan; payroll staff all at HQ,HQ; Branches 1-4,Moderate,High,Moderate,EV-024 (no contingency plan); EV-003 (payroll team at HQ); EV-051 (BIA interviews),Moderate,Moderate,RC.RP,CP-2; CP-7,N56-BM (RC.RP-01),SaaS systems reachable from anywhere; laptops,Mitigate,Contingency plan with remote payroll run and branch relocation,COO,2026-12-31,Low,Open,Pass 1 (2026-07-24),2026-07-24
R-022,Integration service error creates associates with wrong pay rates or drops new hires from payroll,Software failure,Structural,No monitoring or reconciliation of the sync; single container,SYS-04 integration service,Moderate,Moderate,Moderate,EV-019 (single container; no sync alerts); EV-052 (spot checks of large rate changes),Moderate,Moderate,DE.CM,SI-4; CM-3,N56-BM (DE.CM-09),Payroll Specialists spot-check large changes,Mitigate,Sync error alerts; weekly reconciliation report of new hires and rate changes,IT Manager,2026-12-31,Low,Open,Pass 1 (2026-07-24),2026-07-24
R-023,Timekeeping vendor exposes associates' clock-in geolocation history,Service provider,Structural,Location history kept for the life of the account; no contract terms,SYS-06,Low,Moderate,Low,EV-040 (location history kept for the life of the account); EV-036 (no contract terms),Moderate,Low,GV.SC,SA-9; SI-12,Fla. Stat. 501.171(1)(g)1.a.(VII); (6),Vendor-hosted; biometric feature disabled,Mitigate,Set 13-month location retention; add security and breach notice terms at renewal,Payroll Manager,2027-03-31,Very Low,Open,Pass 1 (2026-07-24),2026-07-24
R-024,Screening provider breach exposes consumer reports and SSNs,Service provider,Structural,No security review or breach notice terms beyond the statute,SYS-07,Low,High,Moderate,EV-036 (no security or breach notice terms),Moderate,Moderate,GV.SC,SA-9; SR-6,Fla. Stat. 501.171(6); N56-R02,Provider is an established consumer reporting agency,Mitigate,Obtain the provider's SOC 2 or questionnaire; 72-hour notice term at renewal,HR and Compliance Manager,2027-03-31,Low,Open,Pass 1 (2026-07-24),2026-07-24
R-025,AI screening vendor reuses candidate data to train its models or suffers a breach,Service provider,Structural,No data processing terms; no security review before go-live,SYS-09,Moderate,Moderate,Moderate,EV-039 (click-through terms; no data use commitments),Moderate,Moderate,GV.SC,SA-9; SA-4,Fla. Stat. 501.171(2); N56-BM (GV.SC-05),ATS vendor marketplace listing,Mitigate,Data use and security addendum with no-training clause (see P10),COO,2026-10-31,Low,In progress,Pass 1 (2026-07-24),2026-07-24
R-026,I-9 document photos or resumes emailed to the wrong recipient or to personal accounts,Workforce member (error),Accidental,Candidates send document photos by email; no rule on where they may be kept,SYS-05,High,Moderate,Moderate,EV-060 (41 messages with document images); EV-052 (HR interview),Low,Low,PR.AT,AT-2; SC-8,N56-R03 (8 CFR 274a.2(b)(3)),None,Mitigate,Upload links in the ATS only; delete emailed copies; training,HR and Compliance Manager,2026-12-31,Very Low,Open,Pass 1 (2026-07-24),2026-07-24
R-027,Lost company smartphone exposes candidate texts and email,Workforce member (error),Accidental,Phones hold recruiter text threads,SYS-11 smartphones,Low,Moderate,Low,"EV-011 (passcode, encryption and remote wipe on 34 smartphones)",Low,Low,PR.DS,AC-19; MP-6,N56-BM (PR.DS-01),Device management with passcode and remote wipe,Accept,Accepted by the COO: residual risk Low,IT Manager,2026-08-31,Low,Closed,Pass 1 (2026-07-24),2026-07-24
R-028,Stolen laptop exposes cached candidate and associate files,Thief,Adversarial,Laptops leave branches daily,SYS-11 laptops,Low,Low,Low,EV-011 (full-disk encryption on 62 laptops),Moderate,Low,PR.DS,SC-28,Fla. Stat. 501.171(1)(g)2.,Full-disk encryption on all laptops,Accept,Accepted by the COO: encryption takes the data outside the statute's personal information definition,IT Manager,2026-08-31,Low,Closed,Pass 1 (2026-07-24),2026-07-24
R-029,Cloud administrator account taken over,Cybercriminal,Adversarial,Two administrators with standing access,SYS-03; SYS-04,Low,Low,Low,EV-018 (2 administrators with standing rights); EV-002 (push MFA; managed device for administrators),High,Low,PR.AA,IA-2(1); AC-6,N56-BM (PR.AA-05),Number-matching push MFA; conditional access from managed devices only,Accept,Accepted by the COO: residual risk Low; revisit with phishing-resistant MFA in 2027,IT Manager,2026-08-31,Low,Closed,Pass 1 (2026-07-24),2026-07-24
R-030,Denial of service against the career site,Hacktivist or bot operator,Adversarial,Career site is vendor-hosted,SYS-01 career site,Low,Low,Low,EV-036 (vendor-hosted career site with DDoS protection); EV-051 (walk-in applications accepted),Low,Low,PR.IR,SC-5,N56-BM (PR.IR-04),Vendor DDoS protection; walk-in applications,Accept,Accepted by the COO: residual risk Low,Director of Recruiting,2026-08-31,Low,Closed,Pass 1 (2026-07-24),2026-07-24
R-031,Staff paste candidate or associate data into public generative AI chatbots,Workforce member (error),Accidental,No approved-tools list or AI use rule,SYS-05; SYS-11,High,Moderate,Moderate,EV-050 (staff report using public chatbots; no approved-tools list),Low,Low,GV.PO,PL-4; AT-2,Fla. Stat. 501.171(2); N56-BM (GV.PO-01),None,Mitigate,Approved-tools list and AI rule in POL-05 (see P10),IT Manager,2026-10-31,Very Low,In progress,Pass 1 (2026-07-24),2026-07-24
R-032,Impostor uses a stolen identity and manipulated video to pass a remote Form I-9 document examination,Fraudster,Adversarial,Remote alternative procedure used for Office and Administrative hires; no liveness check or document retention review,SYS-01 I-9 module; SYS-08,Moderate,Moderate,Moderate,EV-057 (9 remote hires; no written checklist),Moderate,Moderate,PR.AA,IA-12; PS-3,N56-R03 (8 CFR 274a.2(b)(1)(ix)); E-Verify MOU Art. II.A.6,E-Verify photo matching for List A documents,Mitigate,"Remote exam checklist (same document shown on video, camera on, no filters); in-person exam when in doubt",HR and Compliance Manager,2026-12-31,Low,Open,Pass 1 (2026-07-24),2026-07-24
R-033,Client warehouse badges issued to associates are lost or not returned,Workforce member (error),Accidental,Badge log kept on a spreadsheet; returns not checked at assignment end,Client site access,Low,Moderate,Low,EV-044 (client badge log on a spreadsheet); EV-052 (Branch Managers interview),Moderate,Low,PR.AA,PE-2,Client contracts,Safety Coordinator issues badges,Mitigate,Badge return step in the assignment-end checklist; monthly badge reconciliation with each client,Safety Coordinator,2026-12-31,Very Low,Open,Pass 1 (2026-07-24),2026-07-24
R-034,"Onboarding staff share a departed colleague's E-Verify login, so verification actions cannot be attributed",Workforce member,Adversarial,Password known to colleague; E-Verify accounts outside SSO (found in P07 testing),SYS-08,Moderate,Moderate,Moderate,EV-IA-5 (shared E-Verify password found in P07 testing); EV-IA-2 (cases under a departed user ID),Moderate,Moderate,PR.AA,IA-2; AC-2; AT-2,E-Verify MOU Art. II.A.3; Art. II.A.15,None,Mitigate,Deactivate both accounts; new named accounts with the E-Verify tutorial; attestation that credentials are not shared,HR and Compliance Manager,2026-09-30,Low,In progress,"Pass 2 (2026-08-07, from P07 testing)",2026-08-07
R-035,Florida Attorney General action after a breach because security measures were not reasonable,Regulator,Structural,"No written program, risk assessment, or policies before 2026",Program,Moderate,High,Moderate,"EV-024 (no written program, risk assessment or policies before 2026)",Moderate,Moderate,GV.RM,PM-9; RA-3; PL-1,Fla. Stat. 501.171(2); (9),2026 risk assessment (this register),Mitigate,Adopt POL-01 to POL-05; annual risk assessment; keep evidence,COO,2027-07-31,Low,In progress,Pass 1 (2026-07-24),2026-07-24
