obligation,citation,trigger,deadline,notify,applies_at_this_tier,source_url,verified,notifying_entity,clock_starts
Utility addendum incident notice (24-hour group),Utility Supplier Cyber Security Addendum sec. 1 (flow-down of CIP-013-2 R1 Part 1.2.1); customer security terms register,"Confirmation of a cyber incident related to TMUs, TMU firmware or configuration software, field service, or the FMS that poses cyber security risk to the utility",Within 24 hours of confirming the incident,Security contact of each of the 45 utilities with a 24-hour term (from the register),"Yes - exercise scenario: the firmware build servers that hold the signing key were encrypted, so the PSIRT treated the incident as related to supplied products for all 140 utilities",,n/a (contract term),Transformer Manufacturing PSIRT (Chief product security officer),Confirmation that the incident relates to supplied products or services (the group SOC counts)
Utility addendum incident notice (48-hour group),Utility Supplier Cyber Security Addendum sec. 1 (flow-down of CIP-013-2 R1 Part 1.2.1),Same as above,Within 48 hours of confirming the incident,Security contact of each of the 95 utilities with a 48-hour term,Yes - same decision as the 24-hour group; group practice is to send all 140 notices within 24 hours,,n/a (contract term),Transformer Manufacturing PSIRT,Confirmation that the incident relates to supplied products or services
Utility addendum response coordination and firmware integrity advice,Utility Supplier Cyber Security Addendum secs. 2 and 5 (CIP-013-2 R1 Parts 1.2.2 and 1.2.5 flow-down),Notice sent under sec. 1,Ongoing until closure: name the last known-good firmware releases and hashes; say whether utilities should hold firmware updates; report the key revocation,Same 140 utility contacts,Yes,,n/a (contract term),Transformer Manufacturing PSIRT,Notice under sec. 1
Utility addendum access revocation notice,Utility Supplier Cyber Security Addendum sec. 3 (CIP-013-2 R1 Part 1.2.3 flow-down),"A field technician's remote or on-site access to a utility should no longer be granted (for example, a compromised account)",Within 1 business day,The utility's access administrator,Checked: no field service accounts were used in the exercise,,n/a (contract term),"Vice president, field service",Decision that access should end
Transformer Manufacturing notice to the Electric Utility (affiliate as vendor),"POL-01 4.8 and POL-03 4.4; 2019 intercompany supply agreement (no notice term yet, POAM-017); the utility's CIP-013-2 plan expects vendor notice","Incident affecting TMU firmware, the 41 utility substations with TMUs, or affiliate deliveries","Group rule: within 24 hours, and at once on the group bridge",Electric Utility NERC compliance director and CIP Senior Manager,Yes - same TMU firmware decision as the 140 utilities; also storm-season delivery impact,,n/a (group policy),Transformer Manufacturing PSIRT,Confirmation that the incident relates to supplied products
Customer delivery delay notices,Purchase orders and supply agreements (delay and force majeure terms vary),Production stop that delays committed deliveries or storm-reserve units,As each contract requires; group target within 2 business days of knowing a delivery date will slip,"Affected utility and industrial customers, including the Electric Utility storm desk",Yes - all 8 plants stop when the MES buffer runs out (about 48 hours),,n/a (contract term),VP manufacturing operations with the Group General Counsel,Knowledge that a committed date will be missed
Grid Engineering client incident notice,"Client contracts (CIP-013-2 R1 Part 1.2.1 terms in 41 contracts; client terms register, POAM-012)","An incident related to the services Grid Engineering provides that poses cyber security risk to the client (for example, theft of client BCSI or CEII)","Per contract: 24, 48, or 72 hours after Grid Engineering identifies the incident",Each affected client's security contact,Yes - exercise scenario: closed-project archives of 17 clients with flow-down terms were taken from legacy group file servers,,n/a (contract term),Grid Engineering contracts director,Identification of the incident (the group SOC counts)
Grid Engineering notice to other clients whose data was taken,Client confidentiality terms (vary),Client confidential information in the stolen archives without CIP flow-down terms,As each contract requires; group target within 5 business days,Affected clients,Yes - about 100 other clients appear in the archives,,n/a (contract term),Grid Engineering contracts director,Identification of affected clients
Grid Engineering notice to the Electric Utility (affiliate as vendor),"POL-03 4.4; 2020 intercompany services agreement (no notice term yet, POAM-017)",Electric Utility BCSI or project files in the stolen data,Immediately on the group bridge (group rule),Electric Utility NERC compliance director and CIP Senior Manager,Yes - 2021 TCC design documents from a closed affiliate project were in the archives,,n/a (group policy),Grid Engineering security and compliance lead,Identification of the affected files
CIP-008-6 R4 Reportable Cyber Security Incident notification,"NERC CIP-008-6, Requirement R4 (Parts 4.1-4.2)","Determination that a Cyber Security Incident compromised or disrupted a medium impact BES Cyber System, its ESP, or its EACMS at the TCC","Within 1 hour after the determination; include functional impact, attack vector, and level of intrusion to the extent known",E-ISAC and CISA (NCCIC successor),"Yes - medium impact BES Cyber Systems at the TCC. In the exercise the EAP was probed but not compromised, so this row was not triggered",https://www.nerc.com/globalassets/standards/reliability-standards/cip/cip-008-6.pdf,true,Electric Utility (NERC compliance director; CIP Senior Manager approves determinations),Determination of a Reportable Cyber Security Incident
CIP-008-6 R4 attempt to compromise notification,"NERC CIP-008-6, Requirement R4 (Part 4.2)","Determination, using the plan's criteria, that a Cyber Security Incident was an attempt to compromise a medium impact BES Cyber System, its ESP, or its EACMS",By the end of the next calendar day after the determination,E-ISAC and CISA,Yes - exercise scenario: scans and login attempts against the TCC Electronic Access Point from a compromised corporate server,https://www.nerc.com/globalassets/standards/reliability-standards/cip/cip-008-6.pdf,true,Electric Utility (NERC compliance director; CIP Senior Manager approves determinations),Determination of an attempt to compromise
CIP-008-6 R4 updates,"NERC CIP-008-6, Requirement R4 (Part 4.3)",New or changed information about a reported incident or attempt,Within 7 calendar days of determining new or changed information,E-ISAC and CISA,Yes,https://www.nerc.com/globalassets/standards/reliability-standards/cip/cip-008-6.pdf,true,Electric Utility (NERC compliance director; CIP Senior Manager approves determinations),Determination of new information
E-ISAC notice of a Reportable Cyber Security Incident at a low impact asset,"NERC CIP-003-9 R2, Attachment 1 Section 4",A Cyber Security Incident that compromised or disrupted a low impact BES Cyber System at one of the 58 transmission substations,CIP-003-9 sets no fixed time; notification follows the determination. Group target: within 1 hour of the determination,E-ISAC,Checked: no substation activity in the exercise,https://www.nerc.com/globalassets/standards/reliability-standards/cip/cip-003-9.pdf,true,Electric Utility (NERC compliance director; CIP Senior Manager approves determinations),Determination of a Reportable Cyber Security Incident
DOE-417 Emergency Alert (cyber),Form DOE-417 criteria 2 and 3; Federal Energy Administration Act of 1974 sec. 13(b) (Pub. L. 93-275); OMB 1901-0288,Criterion 2: a Reportable Cyber Security Incident. Criterion 3: a cyber event that is not a Reportable Cyber Security Incident but causes interruption of electrical system operations,"Within 1 hour of the incident (telephone notice to the DOE Emergency Operations Center is acceptable when operations are critical, followed by the form)","DOE (DOE-417 online system); the form can be shared with NERC, the E-ISAC, and CISA",Checked: not met in the exercise (no interruption of electrical system operations),https://www.reginfo.gov/public/do/PRAViewICR?ref_nbr=202402-1901-002,true,Electric Utility (TCC or DCC shift supervisor starts; NERC compliance director files),The incident
DOE-417 Normal Report,Form DOE-417 criteria 11 and 12,"Criterion 11: a cyber event that could potentially affect electric power system adequacy or reliability. Criterion 12: loss of electric service to more than 50,000 customers for 1 hour or more",Within 6 hours of the incident if no Emergency Alert criterion applies,DOE,"Yes - decision rule agreed with counsel (P03 EU-G47): the utility files a precautionary Normal Report under criterion 11 when it isolates group IT from the TCC or DCC, as it did in the exercise",https://www.reginfo.gov/public/do/PRAViewICR?ref_nbr=202402-1901-002,true,Electric Utility,The incident (the isolation decision is recorded with the time)
DOE-417 Attempted Cyber Compromise,Form DOE-417 criterion 14,A Cyber Security Incident that was an attempt to compromise high or medium impact BES Cyber Systems or their EACMS,"By the end of the next calendar day after the determination, if no earlier criterion applies; check box 14 on the earlier form when both apply",DOE; the form can carry the CIP-008-6 notice to the E-ISAC and CISA if the utility asks DOE to share it,Yes - the TCC EAP probing; reported on the same form as the criterion 11 Normal Report,https://www.reginfo.gov/public/do/PRAViewICR?ref_nbr=202402-1901-002,true,Electric Utility,Determination of the attempt
DOE-417 update and final report,Form DOE-417 instructions,Significant new information; every filed report,Update when significant information becomes available; final report (updated Schedule 1 and all of Schedule 2) within 72 hours of the incident,DOE,Yes,https://www.reginfo.gov/public/do/PRAViewICR?ref_nbr=202402-1901-002,true,Electric Utility,The incident
NERC EOP-004-4 event report,"NERC EOP-004-4 R2 and Attachment 1 (TO, TOP, DP events)",For example: complete loss of monitoring or control capability at a BES control center for 30 continuous minutes or more; damage or destruction of its Facility from actual or suspected intentional human action,By the later of 24 hours after recognizing that a threshold was met or the end of the next business day (4 p.m. local time),NERC (systemawareness@nerc.net) and the parties in the Operating Plan; a DOE-417 form may be used as the report,Checked: not met in the exercise (TCC monitoring and control unaffected; no Facility damage),https://www.nerc.com/globalassets/standards/reliability-standards/eop/eop-004-4.pdf,true,Electric Utility,Recognition that a threshold was met
Voluntary report to CISA and the FBI,CISA and FBI voluntary reporting,"Ransomware in any division, or any intrusion into OT",As soon as practicable (group target: same day),CISA (report.cisa.gov or CISA Central); FBI field office,Yes - voluntary; supports response help and OFAC mitigation,https://www.cisa.gov/report,true,Group CISO,Declaration of Severity 1
CIRCIA covered cyber incident report / ransom payment report (PROPOSED - not yet in effect),6 U.S.C. 681b; proposed 6 CFR 226.5 (proposed; critical manufacturing criterion),Covered cyber incident (reasonable belief) or ransom payment,Proposed: 72 hours after reasonable belief a covered cyber incident occurred; 24 hours after a ransom payment,CISA,No - final rule not published as of 2026-10-05 (proposed only); readiness only,https://www.cisa.gov/topics/cyber-threats-and-advisories/information-sharing/cyber-incident-reporting-critical-infrastructure-act-2022-circia,true,Group CISO,n/a
DoD cyber incident reporting for covered defense information,DFARS 252.204-7012(c),Cyber incident affecting covered defense information or operationally critical support,Within 72 hours of discovery,DoD via https://dibnet.dod.mil,No - no DoD contracts and no covered defense information in any division (P03 G-101),https://www.ecfr.gov/current/title-48/section-252.204-7012,true,n/a,n/a
Covered telecommunications equipment or services discovered,FAR 52.204-25(d) (Section 889),Identification of covered telecommunications equipment or services during contract performance,Within 1 business day of identification; further report within 10 business days,Contracting officer,Only if found while rebuilding or inventorying systems used on the 14 Manufacturing or the Grid Engineering federal contracts; not triggered in the exercise,https://www.ecfr.gov/current/title-48/section-52.204-25,true,Director of federal contracts; Grid Engineering federal programs manager,Identification
Kaspersky covered article discovered,FAR 52.204-23(c),"Identification of a covered article (Kaspersky Lab hardware, software, or services) during contract performance",Within 3 business days of identification; further report within 10 business days,Contracting officer,Only if found during the response; not triggered,https://www.ecfr.gov/current/title-48/section-52.204-23,true,Director of federal contracts; Grid Engineering federal programs manager,Identification
FASCSA covered article discovered,FAR 52.204-30,Identification of a covered article subject to an applicable FASCSA order,Within 3 business days of identification; further report within 10 business days,Contracting officer,"Only for the 9 Manufacturing contracts that include the clause, and only if found; not triggered",https://www.ecfr.gov/current/title-48/section-52.204-30,true,Director of federal contracts,Identification
Federal contract delivery notices,Each federal contract's delivery and delay terms (FAR 52.204-21 has no incident reporting duty),Production stop that delays a federal delivery,As each contract requires,Contracting officers for affected deliveries,Yes - 3 federal deliveries were scheduled in the 30 days after the exercise start,,n/a (contract term),Director of federal contracts,Knowledge of the delay
SEC Form 8-K Item 1.05 (material cybersecurity incident),Form 8-K Item 1.05; SEC Release 33-11216,Determination that a cybersecurity incident is material,Within 4 business days after the materiality determination (delay only on a U.S. Attorney General determination),SEC (public filing to investors),Yes - the holding company is an SEC registrant; a stop at all 8 plants (about $26.3 million of output a day) is a likely material incident,https://www.sec.gov/files/form8-k.pdf,true,Disclosure committee; Group General Counsel,Materiality determination (made without unreasonable delay)
Reg S-K Item 106 annual disclosure,Regulation S-K Item 106 (17 CFR 229.106),Annual report,With the Form 10-K,SEC,"Yes - describe risk management, strategy, and governance; consider lessons from the incident",https://www.ecfr.gov/current/title-17/section-229.106,true,Group General Counsel,Annual report cycle
State breach notice to individuals,State breach notification statutes; worked example Fla. Stat. 501.171(4),"Breach of personal information (for example, name with Social Security number) of residents",Varies by state; Florida: no later than 30 days after determination (a 15-day extension for good cause applies only to this notice),Affected residents,"Yes - exercise scenario: legacy HR exports with Social Security numbers of about 31,000 current and former employees and applicants (about 14,000 in Florida) were taken",http://www.leg.state.fl.us/statutes/index.cfm?App_mode=Display_Statute&URL=0500-0599/0501/Sections/0501.171.html,true,"Each employing subsidiary, through the Group Chief Privacy Officer",Determination of a breach
State regulator notice,Worked example Fla. Stat. 501.171(3),Breach affecting 500 or more Florida residents (other states set their own thresholds and recipients),Florida: no later than 30 days after determination (no extension),Florida Department of Legal Affairs; other states' regulators as their laws require,"Yes - about 14,000 Florida residents in the exercise",http://www.leg.state.fl.us/statutes/index.cfm?App_mode=Display_Statute&URL=0500-0599/0501/Sections/0501.171.html,true,Group Chief Privacy Officer,Determination of a breach
Consumer reporting agency notice,Worked example Fla. Stat. 501.171(5),"Notice to more than 1,000 individuals at one time",Without unreasonable delay,Nationwide consumer reporting agencies,"Yes - more than 1,000 individuals",http://www.leg.state.fl.us/statutes/index.cfm?App_mode=Display_Statute&URL=0500-0599/0501/Sections/0501.171.html,true,Group Chief Privacy Officer,Notice to individuals
Third-party agent notice to the covered entity,Worked example Fla. Stat. 501.171(6),"Corporate shared services, which maintains HR data for each employing subsidiary, discovers a breach of that data","Within 10 days after determination; the group rule is the same day, on the bridge",Each employing subsidiary's president and the Group Chief Privacy Officer,Yes - corporate maintains the HR exports for the three divisions' employing entities,http://www.leg.state.fl.us/statutes/index.cfm?App_mode=Display_Statute&URL=0500-0599/0501/Sections/0501.171.html,true,Corporate shared services (Group CIO),Determination of a breach
OFAC sanctions check before any ransom payment,OFAC Updated Advisory on Potential Sanctions Risks for Facilitating Ransomware Payments (2021-09-21); 31 CFR ch. V,Considering any payment to an extortionist,Before any payment; full and timely reporting to law enforcement or CISA is a mitigating factor,OFAC (license if a sanctioned party is involved); FBI or CISA,Yes - all U.S. persons; the exercise included a demand,https://ofac.treasury.gov/recent-actions/20210921,true,Group General Counsel,Extortion demand
FMS subscriber notice,FMS subscription agreements,An incident affecting FMS data or availability,As each subscription agreement requires,About 70 FMS subscribers,Checked: the FMS (provider B) was not affected in the exercise,,n/a (contract term),FMS general manager,Identification
Cyber insurance claim notice,Group cyber insurance policy (contract),Suspected security incident,Per policy; call the carrier hotline before hiring response vendors,Carrier breach hotline,"Yes - contractual, not legal",,n/a (contract term),Group Chief Risk Officer,Declaration of Severity 1
