req_id,regulation,regulatory_driver,citation,requirement_summary,requirement_type,applies_at_this_tier,profile_scope,csf2_subcategories,sp800_53_controls,nist_official_sp800_53r5,crosswalk_source,current_state,evidence,current_rating,target_priority,status,gap_description,gap_risk_level,remediation_action,owner,target_date,pending_rule_change
G-001,NIST CSF 2.0 group profile,CSF 2.0 group profile GV.OC-01 (voluntary benchmark),CSWP 29 GV.OC-01 (Govern),The organizational mission is understood and informs cybersecurity risk management,Outcome (subcategory),Yes - voluntary benchmark selected for the group profile,Group (holding company and SCSP),GV.OC-01,PM-11,PM-11,NIST official CSF 2.0 to SP 800-53 Rev. 5.2.0 informative references (00_universal/crosswalks/csf2_to_sp800-53r5.csv); key controls selected by the author,"The group strategy (acquire and grow Florida service businesses) is in the 2026 business plan, but security priorities were never tied to it before this profile",2026 business plan; CFO interview 2026-08-18,2,Medium,Partially met,Mission not linked to cybersecurity priorities,Low,Add a one-page cyber context statement to POL-01 and the Board report,CFO,2026-12-31,None
G-002,NIST CSF 2.0 group profile,CSF 2.0 group profile GV.OC-02 (voluntary benchmark),CSWP 29 GV.OC-02 (Govern),"Internal and external stakeholders are understood, and their needs and expectations regarding cybersecurity risk management are understood and considered",Outcome (subcategory),Yes - voluntary benchmark selected for the group profile,Group (holding company and SCSP),GV.OC-02,PM-9; SA-9,PM-9; PM-18; PM-30; SR-3; SR-5; SR-6; SR-8,NIST official CSF 2.0 to SP 800-53 Rev. 5.2.0 informative references (00_universal/crosswalks/csf2_to_sp800-53r5.csv); key controls selected by the author,"Key stakeholders are known informally: the lender (credit agreement covenants), Finance's borrowers and the FTC, employees, subsidiary customers, the card processor, and the cyber insurer. Their expectations are not recorded",Credit agreement; insurance policy; interviews,2,Medium,Partially met,No stakeholder register; the lender's notice covenant was missing from incident planning,Low,Record stakeholder expectations in the profile; lender and insurer notices added to the P08 matrix,CFO,2026-11-30,None
G-003,NIST CSF 2.0 group profile,CSF 2.0 group profile GV.OC-03 (voluntary benchmark),CSWP 29 GV.OC-03 (Govern),"Legal, regulatory, and contractual requirements regarding cybersecurity - including privacy and civil liberties obligations - are understood and managed",Outcome (subcategory),Yes - voluntary benchmark selected for the group profile,Group (holding company and SCSP),GV.OC-03,PM-28; SA-9,AC-1; AT-1; AU-1; CA-1; CM-1; CP-1; IA-1; IR-1; MA-1; MP-1; PE-1; PL-1; PM-1; PS-1; PT-1; RA-1; SA-1; SC-1; SI-1; SR-1; PM-28; PT family,NIST official CSF 2.0 to SP 800-53 Rev. 5.2.0 informative references (00_universal/crosswalks/csf2_to_sp800-53r5.csv); key controls selected by the author,"Before this analysis only Finance's 2023 WISP listed a legal requirement (the Safeguards Rule). SEC, Federal Reserve, and HIPAA applicability had never been checked",Finance WISP 2023; this report section 1,2,High,Partially met,"No group register of legal, regulatory, and contractual requirements; holding company's service-provider duties to Finance not written down",Moderate,Keep the requirements register in this report; counsel review each year and at each acquisition,CFO,2026-12-31,None
G-004,NIST CSF 2.0 group profile,CSF 2.0 group profile GV.OC-04 (voluntary benchmark),CSWP 29 GV.OC-04 (Govern),"Critical objectives, capabilities, and services that external stakeholders depend on or expect from the organization are understood and communicated",Outcome (subcategory),Yes - voluntary benchmark selected for the group profile,Group (holding company and SCSP),GV.OC-04,CP-2; PM-11,PM-8; PM-11; CP-2(8); PM-30(1); RA-9,NIST official CSF 2.0 to SP 800-53 Rev. 5.2.0 informative references (00_universal/crosswalks/csf2_to_sp800-53r5.csv); key controls selected by the author,"The BIA (P05), approved 2026-09-25, identifies the services subsidiaries and customers depend on and their MTDs. It has not yet been shared with the subsidiary Presidents",P05 BIA,3,Medium,Partially met,Critical services not yet communicated to subsidiaries,Low,Share BIA recovery priorities with subsidiary Presidents; build them into the contingency plan,IT Manager,2026-12-31,None
G-005,NIST CSF 2.0 group profile,CSF 2.0 group profile GV.OC-05 (voluntary benchmark),CSWP 29 GV.OC-05 (Govern),"Outcomes, capabilities, and services that the organization depends on are understood and communicated",Outcome (subcategory),Yes - voluntary benchmark selected for the group profile,Group (holding company and SCSP),GV.OC-05,SA-9; CP-2,PM-11; PM-30; RA-7; SA-9; SR-5,NIST official CSF 2.0 to SP 800-53 Rev. 5.2.0 informative references (00_universal/crosswalks/csf2_to_sp800-53r5.csv); key controls selected by the author,Subsidiaries depend on the SCSP under an intercompany services agreement that lists services and fees but no service levels or security commitments,Intercompany services agreement (2022),2,High,Partially met,No service levels or security schedule for shared services,Moderate,Add service levels and a security schedule to the intercompany services agreement (also meets 16 CFR 314.4(a)(3)),CFO,2026-12-31,None
G-006,NIST CSF 2.0 group profile,CSF 2.0 group profile GV.RM-01 (voluntary benchmark),CSWP 29 GV.RM-01 (Govern),Risk management objectives are established and agreed to by organizational stakeholders,Outcome (subcategory),Yes - voluntary benchmark selected for the group profile,Group (holding company and SCSP),GV.RM-01,PM-9,PM-9; RA-7; SR-2,NIST official CSF 2.0 to SP 800-53 Rev. 5.2.0 informative references (00_universal/crosswalks/csf2_to_sp800-53r5.csv); key controls selected by the author,The Board of Managers discussed cybersecurity objectives for the first time on 2026-09-25,Board minutes 2026-09-25,2,Medium,Partially met,Objectives agreed only once and not yet cascaded to subsidiaries,Low,Board adopts group cyber objectives each year with the budget,CEO,2027-03-31,None
G-007,NIST CSF 2.0 group profile,CSF 2.0 group profile GV.RM-02 (voluntary benchmark),CSWP 29 GV.RM-02 (Govern),"Risk appetite and risk tolerance statements are established, communicated, and maintained",Outcome (subcategory),Yes - voluntary benchmark selected for the group profile,Group (holding company and SCSP),GV.RM-02,PM-9,PM-9,NIST official CSF 2.0 to SP 800-53 Rev. 5.2.0 informative references (00_universal/crosswalks/csf2_to_sp800-53r5.csv); key controls selected by the author,Risk tolerance and acceptance authority are now defined in POL-01 and P01. There is no appetite statement for subsidiaries and no specific tolerance for Finance customer information,POL-01; P01 report section 1,2,High,Partially met,Appetite not stated; subsidiary Presidents do not know what they may accept,Moderate,Short appetite statement approved by the Board; Finance supplement sets a low tolerance for customer information,CEO,2026-12-31,None
G-008,NIST CSF 2.0 group profile,CSF 2.0 group profile GV.RM-03 (voluntary benchmark),CSWP 29 GV.RM-03 (Govern),Cybersecurity risk management activities and outcomes are included in enterprise risk management processes,Outcome (subcategory),Yes - voluntary benchmark selected for the group profile,Group (holding company and SCSP),GV.RM-03,PM-9; PM-28,PM-3; PM-9; PM-30; RA-7; SA-24; SR-2,NIST official CSF 2.0 to SP 800-53 Rev. 5.2.0 informative references (00_universal/crosswalks/csf2_to_sp800-53r5.csv); key controls selected by the author,"Group risk discussions cover credit risk at Finance and inventory at Supply, but not cybersecurity",Management meeting agendas Q1-Q2 2026,1,Medium,Not met,Cyber risk not part of enterprise risk discussions,Moderate,Add the top five cyber risks to the quarterly management risk review,CFO,2027-03-31,None
G-009,NIST CSF 2.0 group profile,CSF 2.0 group profile GV.RM-04 (voluntary benchmark),CSWP 29 GV.RM-04 (Govern),Strategic direction that describes appropriate risk response options is established and communicated,Outcome (subcategory),Yes - voluntary benchmark selected for the group profile,Group (holding company and SCSP),GV.RM-04,PM-9,PM-9; PM-28; PM-30; SR-2,NIST official CSF 2.0 to SP 800-53 Rev. 5.2.0 informative references (00_universal/crosswalks/csf2_to_sp800-53r5.csv); key controls selected by the author,"Treatment options are applied case by case in P01; no documented direction on when to accept, transfer, or avoid",P01,2,Low,Partially met,Risk response direction not documented,Low,"Document response preferences, for example transfer through cyber insurance and avoid AI in consequential decisions",CFO,2026-12-31,None
G-010,NIST CSF 2.0 group profile,CSF 2.0 group profile GV.RM-05 (voluntary benchmark),CSWP 29 GV.RM-05 (Govern),"Lines of communication across the organization are established for cybersecurity risks, including risks from suppliers and other third parties",Outcome (subcategory),Yes - voluntary benchmark selected for the group profile,Group and each subsidiary,GV.RM-05,PM-9; SR-2,PM-9; PM-30,NIST official CSF 2.0 to SP 800-53 Rev. 5.2.0 informative references (00_universal/crosswalks/csf2_to_sp800-53r5.csv); key controls selected by the author,Subsidiaries have no channel to raise cyber risks; vendor issues go to whoever bought the tool,Interviews with 3 subsidiary Presidents,1,High,Not met,No lines of communication for cyber and supplier risk across the group,Moderate,Standing cyber item in the monthly shared-services meeting with subsidiary Presidents; vendor issues routed to the IT Manager,CFO,2026-10-31,None
G-011,NIST CSF 2.0 group profile,CSF 2.0 group profile GV.RM-06 (voluntary benchmark),CSWP 29 GV.RM-06 (Govern),"A standardized method for calculating, documenting, categorizing, and prioritizing cybersecurity risks is established and communicated",Outcome (subcategory),Yes - voluntary benchmark selected for the group profile,Group (holding company and SCSP),GV.RM-06,RA-3; PM-9,PM-9; PM-18; PM-28; PM-30; RA-3,NIST official CSF 2.0 to SP 800-53 Rev. 5.2.0 informative references (00_universal/crosswalks/csf2_to_sp800-53r5.csv); key controls selected by the author,The SP 800-30 method was adopted in 2026 (P01) and written into POL-01. It has been used once and explained only to management,P01; POL-01,3,Medium,Partially met,Method not yet communicated to subsidiaries or used for acquisitions,Low,Brief subsidiary Presidents; apply the method in acquisition due diligence,IT Manager,2027-03-31,None
G-012,NIST CSF 2.0 group profile,CSF 2.0 group profile GV.RM-07 (voluntary benchmark),CSWP 29 GV.RM-07 (Govern),"Strategic opportunities (i.e., positive risks) are characterized and are included in organizational cybersecurity risk discussions",Outcome (subcategory),Yes - voluntary benchmark selected for the group profile,Group (holding company and SCSP),GV.RM-07,PM-9; RA-3,PM-9; PM-18; PM-28; PM-30; RA-3,NIST official CSF 2.0 to SP 800-53 Rev. 5.2.0 informative references (00_universal/crosswalks/csf2_to_sp800-53r5.csv); key controls selected by the author,The AI assistant was treated as a productivity opportunity but assessed only after launch,P10,2,Low,Partially met,Opportunities not assessed before adoption,Low,Include opportunity and risk review in the AI intake (P10),CEO,2027-03-31,None
G-013,NIST CSF 2.0 group profile,CSF 2.0 group profile GV.RR-01 (voluntary benchmark),CSWP 29 GV.RR-01 (Govern),"Organizational leadership is responsible and accountable for cybersecurity risk and fosters a culture that is risk-aware, ethical, and continually improving",Outcome (subcategory),Yes - voluntary benchmark selected for the group profile,Group and each subsidiary,GV.RR-01,PM-2; PM-29,PM-2; PM-19; PM-23; PM-24; PM-29,NIST official CSF 2.0 to SP 800-53 Rev. 5.2.0 informative references (00_universal/crosswalks/csf2_to_sp800-53r5.csv); key controls selected by the author,"The CEO and CFO have engaged since the 2026 assessment. Before that, security was seen as IT's job, and subsidiary Presidents had no accountability",Interviews; Board minutes 2026-09-25,2,High,Partially met,Leadership accountability not extended to subsidiary Presidents,Moderate,Add cyber duties to subsidiary President role descriptions and annual goals,CEO,2026-12-31,None
G-014,NIST CSF 2.0 group profile,CSF 2.0 group profile GV.RR-02 (voluntary benchmark),CSWP 29 GV.RR-02 (Govern),"Roles, responsibilities, and authorities related to cybersecurity risk management are established, communicated, understood, and enforced",Outcome (subcategory),Yes - voluntary benchmark selected for the group profile,Group and each subsidiary,GV.RR-02,PM-2; PS-9,PM-2; PM-13; PM-19; PM-23; PM-24; PM-29,NIST official CSF 2.0 to SP 800-53 Rev. 5.2.0 informative references (00_universal/crosswalks/csf2_to_sp800-53r5.csv); key controls selected by the author,"The IT Manager is the written Qualified Individual for Finance (2023). The Finance President was designated to oversee the Qualified Individual on 2026-09-25. There were no group roles, and MSP responsibilities are undocumented",Designation memo 2023; Finance board minutes 2026-09-25,2,High,Partially met,No group RACI; MSP and subsidiary roles undefined,Moderate,Group roles in POL-01 section 3; MSP responsibility matrix in the contract,CFO,2026-11-30,None
G-015,NIST CSF 2.0 group profile,CSF 2.0 group profile GV.RR-03 (voluntary benchmark),CSWP 29 GV.RR-03 (Govern),"Adequate resources are allocated commensurate with the cybersecurity risk strategy, roles, responsibilities, and policies",Outcome (subcategory),Yes - voluntary benchmark selected for the group profile,Group (holding company and SCSP),GV.RR-03,PM-3; SA-2,PM-3,NIST official CSF 2.0 to SP 800-53 Rev. 5.2.0 informative references (00_universal/crosswalks/csf2_to_sp800-53r5.csv); key controls selected by the author,"Three IT staff support 60 users in four entities; no security budget line until the $61,000 approved on 2026-09-25",2026 Q4 budget; Board minutes,2,High,Partially met,No after-hours coverage and no recurring security budget,Moderate,Security line in each annual budget; 24x7 managed detection and response contract,CFO,2027-01-31,None
G-016,NIST CSF 2.0 group profile,CSF 2.0 group profile GV.RR-04 (voluntary benchmark),CSWP 29 GV.RR-04 (Govern),Cybersecurity is included in human resources practices,Outcome (subcategory),Yes - voluntary benchmark selected for the group profile,Group and each subsidiary,GV.RR-04,PS-3; PS-4; PS-8,PM-13; PS-1; PS-7; PS-9,NIST official CSF 2.0 to SP 800-53 Rev. 5.2.0 informative references (00_universal/crosswalks/csf2_to_sp800-53r5.csv); key controls selected by the author,"Background checks at hire; credit checks for Finance, treasury, and payables roles; annual training. Subsidiary terminations reach IT about 3 business days late, and there is no sanctions language",HR checklist; termination sample of 8,3,Medium,Partially met,Slow offboarding for subsidiary staff; no security sanctions,Moderate,Same-day termination trigger from the HRIS; sanctions in POL-01,HR Director,2026-11-30,None
G-017,NIST CSF 2.0 group profile,CSF 2.0 group profile GV.PO-01 (voluntary benchmark),CSWP 29 GV.PO-01 (Govern),"Policy for managing cybersecurity risks is established based on organizational context, cybersecurity strategy, and priorities and is communicated and enforced",Outcome (subcategory),Yes - voluntary benchmark selected for the group profile,Group and each subsidiary,GV.PO-01,PM-1; PL-1,AC-1; AT-1; AU-1; CA-1; CM-1; CP-1; IA-1; IR-1; MA-1; MP-1; PE-1; PL-1; PM-1; PS-1; PT-1; RA-1; SA-1; SC-1; SI-1; SR-1,NIST official CSF 2.0 to SP 800-53 Rev. 5.2.0 informative references (00_universal/crosswalks/csf2_to_sp800-53r5.csv); key controls selected by the author,Only Finance's 2023 WISP existed until the group policies POL-01 to POL-05 were approved on 2026-09-25. Staff have not yet acknowledged them,P06 policy set; Finance WISP,2,High,Partially met,Policies new and not yet communicated or acknowledged,Moderate,Signed acknowledgment from all 60 employees; Finance supplement replaces the WISP,CFO,2026-10-31,None
G-018,NIST CSF 2.0 group profile,CSF 2.0 group profile GV.PO-02 (voluntary benchmark),CSWP 29 GV.PO-02 (Govern),"Policy for managing cybersecurity risks is reviewed, updated, communicated, and enforced to reflect changes in requirements, threats, technology, and organizational mission",Outcome (subcategory),Yes - voluntary benchmark selected for the group profile,Group (holding company and SCSP),GV.PO-02,PM-1; PL-1,AC-1; AT-1; AU-1; CA-1; CM-1; CP-1; IA-1; IR-1; MA-1; MP-1; PE-1; PL-1; PM-1; PS-1; PT-1; RA-1; SA-1; SC-1; SI-1; SR-1,NIST official CSF 2.0 to SP 800-53 Rev. 5.2.0 informative references (00_universal/crosswalks/csf2_to_sp800-53r5.csv); key controls selected by the author,"The WISP has not been updated since 2023. POL-01 now sets an annual review, not yet exercised",Finance WISP 2023; POL-01,1,Medium,Not met,No policy review has ever taken place,Moderate,"First annual policy review, and a review after any acquisition",IT Manager,2027-09-30,None
G-019,NIST CSF 2.0 group profile,CSF 2.0 group profile GV.OV-01 (voluntary benchmark),CSWP 29 GV.OV-01 (Govern),Cybersecurity risk management strategy outcomes are reviewed to inform and adjust strategy and direction,Outcome (subcategory),Yes - voluntary benchmark selected for the group profile,Group (holding company and SCSP),GV.OV-01,PM-9; CA-7,AC-1; AT-1; AU-1; CA-1; CM-1; CP-1; IA-1; IR-1; MA-1; MP-1; PE-1; PL-1; PM-1; PS-1; PT-1; RA-1; SA-1; SC-1; SI-1; SR-1; PM-9; PM-18; PM-30; PM-31; RA-7; SR-6,NIST official CSF 2.0 to SP 800-53 Rev. 5.2.0 informative references (00_universal/crosswalks/csf2_to_sp800-53r5.csv); key controls selected by the author,The first cybersecurity report to the Board of Managers was given on 2026-09-25. No outcomes were reviewed before,Board minutes 2026-09-25,2,High,Partially met,No regular review of strategy outcomes,Moderate,Board report twice a year with metrics and the profile status,CFO,2027-03-31,None
G-020,NIST CSF 2.0 group profile,CSF 2.0 group profile GV.OV-02 (voluntary benchmark),CSWP 29 GV.OV-02 (Govern),The cybersecurity risk management strategy is reviewed and adjusted to ensure coverage of organizational requirements and risks,Outcome (subcategory),Yes - voluntary benchmark selected for the group profile,Group (holding company and SCSP),GV.OV-02,PM-9,PM-9; PM-19; PM-30; PM-31; RA-7; SR-6,NIST official CSF 2.0 to SP 800-53 Rev. 5.2.0 informative references (00_universal/crosswalks/csf2_to_sp800-53r5.csv); key controls selected by the author,No review of whether the strategy covers all entities and requirements (Home Services and Supply were never in scope before),Interviews,1,Medium,Not met,Strategy coverage never reviewed,Low,Refresh this group profile each August and at each acquisition,IT Manager,2027-08-31,None
G-021,NIST CSF 2.0 group profile,CSF 2.0 group profile GV.OV-03 (voluntary benchmark),CSWP 29 GV.OV-03 (Govern),Organizational cybersecurity risk management performance is evaluated and reviewed for adjustments needed,Outcome (subcategory),Yes - voluntary benchmark selected for the group profile,Group (holding company and SCSP),GV.OV-03,PM-6; CA-7,PM-4; PM-6; RA-7; SR-6,NIST official CSF 2.0 to SP 800-53 Rev. 5.2.0 informative references (00_universal/crosswalks/csf2_to_sp800-53r5.csv); key controls selected by the author,No performance measures exist,None,1,Medium,Not met,No metrics,Moderate,"Eight KPIs: MFA coverage, termination time, patch age, restore test results, phishing report rate, open POA&M items, vendor reviews done, AI incidents",IT Manager,2027-03-31,None
G-022,NIST CSF 2.0 group profile,CSF 2.0 group profile GV.SC-01 (voluntary benchmark),CSWP 29 GV.SC-01 (Govern),"A cybersecurity supply chain risk management program, strategy, objectives, policies, and processes are established and agreed to by organizational stakeholders",Outcome (subcategory),Yes - voluntary benchmark selected for the group profile,Group (holding company and SCSP),GV.SC-01,SR-1; SR-2,PM-30; SR-2; SR-3,NIST official CSF 2.0 to SP 800-53 Rev. 5.2.0 informative references (00_universal/crosswalks/csf2_to_sp800-53r5.csv); key controls selected by the author,No supply chain risk management program,None,1,Medium,Not met,No SCRM program,Moderate,Supplier security procedure under POL-01,CFO,2027-03-31,None
G-023,NIST CSF 2.0 group profile,CSF 2.0 group profile GV.SC-02 (voluntary benchmark),CSWP 29 GV.SC-02 (Govern),"Cybersecurity roles and responsibilities for suppliers, customers, and partners are established, communicated, and coordinated internally and externally",Outcome (subcategory),Yes - voluntary benchmark selected for the group profile,Group (holding company and SCSP),GV.SC-02,SR-2; SA-9,SR-2; SR-3; SR-5,NIST official CSF 2.0 to SP 800-53 Rev. 5.2.0 informative references (00_universal/crosswalks/csf2_to_sp800-53r5.csv); key controls selected by the author,The MSP contract is silent on security; roles for suppliers and partners are not defined,MSP contract,1,High,Not met,Supplier security roles undefined,Moderate,MSP contract amendment with a responsibility matrix,CFO,2026-12-31,None
G-024,NIST CSF 2.0 group profile,CSF 2.0 group profile GV.SC-03 (voluntary benchmark),CSWP 29 GV.SC-03 (Govern),"Cybersecurity supply chain risk management is integrated into cybersecurity and enterprise risk management, risk assessment, and improvement processes",Outcome (subcategory),Yes - voluntary benchmark selected for the group profile,Group (holding company and SCSP),GV.SC-03,RA-3; SR-2,AC-1; AT-1; AU-1; CA-1; CM-1; CP-1; IA-1; IR-1; MA-1; MP-1; PE-1; PL-1; PM-1; PS-1; PT-1; RA-1; SA-1; SC-1; SI-1; SR-1; PM-9; PM-18; PM-30; PM-31; SR-2; SR-3; RA-3; RA-7,NIST official CSF 2.0 to SP 800-53 Rev. 5.2.0 informative references (00_universal/crosswalks/csf2_to_sp800-53r5.csv); key controls selected by the author,"Supplier risks appear in the risk register for the first time (P01 R-013, R-014, R-024)",P01,2,Low,Partially met,SCRM only just integrated into risk assessment,Low,Keep supplier risks in the annual risk assessment,IT Manager,2027-03-31,None
G-025,NIST CSF 2.0 group profile,CSF 2.0 group profile GV.SC-04 (voluntary benchmark),CSWP 29 GV.SC-04 (Govern),Suppliers are known and prioritized by criticality,Outcome (subcategory),Yes - voluntary benchmark selected for the group profile,Group and each subsidiary,GV.SC-04,SA-9; SR-2,RA-9; SA-9; SR-6,NIST official CSF 2.0 to SP 800-53 Rev. 5.2.0 informative references (00_universal/crosswalks/csf2_to_sp800-53r5.csv); key controls selected by the author,The ERP vendor list includes all vendors but does not rank IT and service providers by criticality; subsidiaries buy SaaS on their own,ERP vendor list; expense review,2,High,Partially met,Critical suppliers not identified,Moderate,Service provider inventory ranked by criticality and access to Finance customer information,IT Manager,2026-11-30,None
G-026,NIST CSF 2.0 group profile,CSF 2.0 group profile GV.SC-05 (voluntary benchmark),CSWP 29 GV.SC-05 (Govern),"Requirements to address cybersecurity risks in supply chains are established, prioritized, and integrated into contracts and other types of agreements with suppliers and other relevant third parties",Outcome (subcategory),Yes - voluntary benchmark selected for the group profile,Group (holding company and SCSP),GV.SC-05,SA-4; SA-9; SR-3,SA-4; SA-9; SR-3; SR-5; SR-6; SR-10,NIST official CSF 2.0 to SP 800-53 Rev. 5.2.0 informative references (00_universal/crosswalks/csf2_to_sp800-53r5.csv); key controls selected by the author,"Major vendors use their standard terms, which include confidentiality. The MSP and intercompany agreements have no security terms",Contracts,2,High,Partially met,Security requirements missing from key contracts,Moderate,Security schedule for the MSP and intercompany agreements; checklist for new contracts,CFO,2026-12-31,None
G-027,NIST CSF 2.0 group profile,CSF 2.0 group profile GV.SC-06 (voluntary benchmark),CSWP 29 GV.SC-06 (Govern),Planning and due diligence are performed to reduce risks before entering into formal supplier or other third-party relationships,Outcome (subcategory),Yes - voluntary benchmark selected for the group profile,Group (holding company and SCSP),GV.SC-06,SA-4; SR-6,SA-4; SA-9; SR-5; SR-6,NIST official CSF 2.0 to SP 800-53 Rev. 5.2.0 informative references (00_universal/crosswalks/csf2_to_sp800-53r5.csv); key controls selected by the author,The AI assistant and SYS-11 were bought without a security review,Purchase approvals 2025-2026,1,High,Not met,No due diligence before new suppliers,Moderate,Security questionnaire and IT sign-off added to purchase approval,CFO,2026-10-31,None
G-028,NIST CSF 2.0 group profile,CSF 2.0 group profile GV.SC-07 (voluntary benchmark),CSWP 29 GV.SC-07 (Govern),"The risks posed by a supplier, their products and services, and other third parties are understood, recorded, prioritized, assessed, responded to, and monitored over the course of the relationship",Outcome (subcategory),Yes - voluntary benchmark selected for the group profile,Group (holding company and SCSP),GV.SC-07,SA-9; SR-6,RA-9; SA-4; SA-9; SR-3; SR-6,NIST official CSF 2.0 to SP 800-53 Rev. 5.2.0 informative references (00_universal/crosswalks/csf2_to_sp800-53r5.csv); key controls selected by the author,"SOC 2 reports from the ERP, HRIS, and loan servicing vendors were on file but never reviewed before 2026. The ERP report was reviewed on 2026-09-18 (P09)",SOC 2 reports; P09 vendor review,2,High,Partially met,Supplier risk not assessed or monitored,Moderate,Annual SOC 2 review with CUEC mapping (P09),IT Manager,2026-12-31,None
G-029,NIST CSF 2.0 group profile,CSF 2.0 group profile GV.SC-08 (voluntary benchmark),CSWP 29 GV.SC-08 (Govern),"Relevant suppliers and other third parties are included in incident planning, response, and recovery activities",Outcome (subcategory),Yes - voluntary benchmark selected for the group profile,Group (holding company and SCSP),GV.SC-08,IR-4; SR-8,SA-4; SA-9; SR-2; SR-3; SR-8; CP-1; IR-1,NIST official CSF 2.0 to SP 800-53 Rev. 5.2.0 informative references (00_universal/crosswalks/csf2_to_sp800-53r5.csv); key controls selected by the author,"The MSP, ERP vendor, bank, and insurer are named in the P08 runbook (2026-09-25) but have never taken part in an exercise",P08,2,Medium,Partially met,Suppliers not in incident exercises,Moderate,Include the MSP and insurer in the first tabletop,IT Manager,2026-11-30,None
G-030,NIST CSF 2.0 group profile,CSF 2.0 group profile GV.SC-09 (voluntary benchmark),CSWP 29 GV.SC-09 (Govern),"Supply chain security practices are integrated into cybersecurity and enterprise risk management programs, and their performance is monitored throughout the technology product and service life cycle",Outcome (subcategory),Yes - voluntary benchmark selected for the group profile,Group (holding company and SCSP),GV.SC-09,SR-6; PM-30,PM-9; PM-19; PM-28; PM-30; PM-31; RA-3; RA-7; SA-4; SA-9; SR-2; SR-3; SR-5; SR-6,NIST official CSF 2.0 to SP 800-53 Rev. 5.2.0 informative references (00_universal/crosswalks/csf2_to_sp800-53r5.csv); key controls selected by the author,No monitoring of supplier security performance,None,1,Low,Not met,Supplier performance not monitored,Low,Track vendor review status as a KPI,IT Manager,2027-06-30,None
G-031,NIST CSF 2.0 group profile,CSF 2.0 group profile GV.SC-10 (voluntary benchmark),CSWP 29 GV.SC-10 (Govern),Cybersecurity supply chain risk management plans include provisions for activities that occur after the conclusion of a partnership or service agreement,Outcome (subcategory),Yes - voluntary benchmark selected for the group profile,Group (holding company and SCSP),GV.SC-10,SA-9; SR-12,PM-31; RA-3; RA-5; RA-7; SA-4; SA-9; SR-2; SR-3; SR-5; SR-6,NIST official CSF 2.0 to SP 800-53 Rev. 5.2.0 informative references (00_universal/crosswalks/csf2_to_sp800-53r5.csv); key controls selected by the author,SaaS contracts have no data return or deletion terms; the payroll provider replaced in 2024 still holds employee data,Contracts; former provider account,1,Low,Not met,No end-of-relationship provisions,Low,Deletion certificate from the former payroll provider; exit terms in new contracts,CFO,2027-03-31,None
G-032,NIST CSF 2.0 group profile,CSF 2.0 group profile ID.AM-01 (voluntary benchmark),CSWP 29 ID.AM-01 (Identify),Inventories of hardware managed by the organization are maintained,Outcome (subcategory),Yes - voluntary benchmark selected for the group profile,Group (holding company and SCSP),ID.AM-01,CM-8,CM-8; PM-5,NIST official CSF 2.0 to SP 800-53 Rev. 5.2.0 informative references (00_universal/crosswalks/csf2_to_sp800-53r5.csv); key controls selected by the author,Endpoints are inventoried automatically in device management; network devices are on an outdated MSP spreadsheet,Device inventory; MSP spreadsheet,3,Medium,Partially met,Network device inventory outdated,Low,Add network devices to the inventory tool,IT Manager,2026-12-31,None
G-033,NIST CSF 2.0 group profile,CSF 2.0 group profile ID.AM-02 (voluntary benchmark),CSWP 29 ID.AM-02 (Identify),"Inventories of software, services, and systems managed by the organization are maintained",Outcome (subcategory),Yes - voluntary benchmark selected for the group profile,Group and each subsidiary,ID.AM-02,CM-8; SA-9,AC-20; CM-8; PM-5; SA-5; SA-9,NIST official CSF 2.0 to SP 800-53 Rev. 5.2.0 informative references (00_universal/crosswalks/csf2_to_sp800-53r5.csv); key controls selected by the author,"No inventory of SaaS across subsidiaries. An expense review found 16 SaaS applications, 5 unknown to IT",Expense review 2026-08,2,High,Partially met,Software and services inventory incomplete,Moderate,"SaaS inventory with owner, data type, and SSO status",IT Manager,2026-11-30,None
G-034,NIST CSF 2.0 group profile,CSF 2.0 group profile ID.AM-04 (voluntary benchmark),CSWP 29 ID.AM-04 (Identify),Inventories of services provided by suppliers are maintained,Outcome (subcategory),Yes - voluntary benchmark selected for the group profile,Group (holding company and SCSP),ID.AM-04,SA-9; SR-2,AC-20; SA-9; SR-2,NIST official CSF 2.0 to SP 800-53 Rev. 5.2.0 informative references (00_universal/crosswalks/csf2_to_sp800-53r5.csv); key controls selected by the author,No inventory of services provided by suppliers,None,1,High,Not met,Supplier services not inventoried,Moderate,Service provider inventory (shared with GV.SC-04),IT Manager,2026-11-30,None
G-035,NIST CSF 2.0 group profile,CSF 2.0 group profile ID.AM-05 (voluntary benchmark),CSWP 29 ID.AM-05 (Identify),"Assets are prioritized based on classification, criticality, resources, and impact on the mission",Outcome (subcategory),Yes - voluntary benchmark selected for the group profile,Group (holding company and SCSP),ID.AM-05,RA-2; CP-2,RA-3; RA-9; RA-2,NIST official CSF 2.0 to SP 800-53 Rev. 5.2.0 informative references (00_universal/crosswalks/csf2_to_sp800-53r5.csv); key controls selected by the author,The BIA and SSP categorization rank assets by criticality (2026-09-25),P05; P02 section 6,3,Medium,Partially met,Priorities not yet tagged in the inventory,Low,Tag criticality in the asset inventory,IT Manager,2026-12-31,None
G-036,NIST CSF 2.0 group profile,CSF 2.0 group profile ID.AM-07 (voluntary benchmark),CSWP 29 ID.AM-07 (Identify),Inventories of data and corresponding metadata for designated data types are maintained,Outcome (subcategory),Yes - voluntary benchmark selected for the group profile,Group and each subsidiary,ID.AM-07,CM-12; SI-12,CM-12; CM-13; SI-12,NIST official CSF 2.0 to SP 800-53 Rev. 5.2.0 informative references (00_universal/crosswalks/csf2_to_sp800-53r5.csv); key controls selected by the author,"No inventory of where Finance customer information and employee SSNs are stored. Fieldwork found them in email, 3 collaboration sites, the SFTP server, and backups",Fieldwork 2026-08,1,High,Not met,Data locations unknown,Moderate,Data inventory for Restricted data (POL-04),IT Manager,2026-12-31,None
G-037,NIST CSF 2.0 group profile,CSF 2.0 group profile ID.RA-01 (voluntary benchmark),CSWP 29 ID.RA-01 (Identify),"Vulnerabilities in assets are identified, validated, and recorded",Outcome (subcategory),Yes - voluntary benchmark selected for the group profile,Group (holding company and SCSP),ID.RA-01,RA-5; CA-7,CA-2; CA-7; CA-8; RA-3; RA-5; SA-11(2); SA-15(7); SA-15(8); SI-4; SI-5,NIST official CSF 2.0 to SP 800-53 Rev. 5.2.0 informative references (00_universal/crosswalks/csf2_to_sp800-53r5.csv); key controls selected by the author,No vulnerability scanning; Home Services firewall firmware two major versions behind,Firewall console; MSP interview,1,High,Not met,Vulnerabilities not identified,Moderate,Monthly authenticated scans; annual penetration test,IT Manager,2026-11-30,None
G-038,NIST CSF 2.0 group profile,CSF 2.0 group profile ID.RA-03 (voluntary benchmark),CSWP 29 ID.RA-03 (Identify),Internal and external threats to the organization are identified and recorded,Outcome (subcategory),Yes - voluntary benchmark selected for the group profile,Group (holding company and SCSP),ID.RA-03,RA-3; PM-16,PM-12; PM-16; RA-3; SI-5,NIST official CSF 2.0 to SP 800-53 Rev. 5.2.0 informative references (00_universal/crosswalks/csf2_to_sp800-53r5.csv); key controls selected by the author,Threats were identified in the 2026 risk assessment (P01); no threat intelligence source,P01,3,Low,Partially met,No threat intelligence,Low,Subscribe to free government and sector advisories,IT Manager,2027-03-31,None
G-039,NIST CSF 2.0 group profile,CSF 2.0 group profile ID.RA-05 (voluntary benchmark),CSWP 29 ID.RA-05 (Identify),"Threats, vulnerabilities, likelihoods, and impacts are used to understand inherent risk and inform risk response prioritization",Outcome (subcategory),Yes - voluntary benchmark selected for the group profile,Group (holding company and SCSP),ID.RA-05,RA-3; PM-9,PM-16; RA-2; RA-3; RA-7,NIST official CSF 2.0 to SP 800-53 Rev. 5.2.0 informative references (00_universal/crosswalks/csf2_to_sp800-53r5.csv); key controls selected by the author,Inherent risk was determined with SP 800-30 Tables G-5 and I-2 and used to set the 2026 Q4 budget,P01; Board minutes,4,High,Met,None,Very Low,None,IT Manager,,None
G-040,NIST CSF 2.0 group profile,CSF 2.0 group profile ID.RA-06 (voluntary benchmark),CSWP 29 ID.RA-06 (Identify),"Risk responses are chosen, prioritized, planned, tracked, and communicated",Outcome (subcategory),Yes - voluntary benchmark selected for the group profile,Group (holding company and SCSP),ID.RA-06,RA-7; CA-5,PM-9; PM-18; PM-30; RA-7,NIST official CSF 2.0 to SP 800-53 Rev. 5.2.0 informative references (00_universal/crosswalks/csf2_to_sp800-53r5.csv); key controls selected by the author,Risk responses have owners and dates in P01 and the POA&M; the CFO reviews them monthly,P01; P07 POA&M,4,High,Met,None,Very Low,None,IT Manager,,None
G-041,NIST CSF 2.0 group profile,CSF 2.0 group profile ID.RA-07 (voluntary benchmark),CSWP 29 ID.RA-07 (Identify),"Changes and exceptions are managed, assessed for risk impact, recorded, and tracked",Outcome (subcategory),Yes - voluntary benchmark selected for the group profile,Group (holding company and SCSP),ID.RA-07,CM-3; CM-4,CA-7; CM-3; CM-4,NIST official CSF 2.0 to SP 800-53 Rev. 5.2.0 informative references (00_universal/crosswalks/csf2_to_sp800-53r5.csv); key controls selected by the author,No change management; the exceptions process in POL-01 is new and unused,Interviews; P07 CM-3,1,High,Not met,Changes and exceptions not managed,Moderate,Change log and approval (P07 POAM-017),IT Manager,2026-12-31,None
G-042,NIST CSF 2.0 group profile,CSF 2.0 group profile ID.IM-01 (voluntary benchmark),CSWP 29 ID.IM-01 (Identify),Improvements are identified from evaluations,Outcome (subcategory),Yes - voluntary benchmark selected for the group profile,Group (holding company and SCSP),ID.IM-01,CA-2; CA-5,AC-1; AT-1; AU-1; CA-1; CM-1; CP-1; IA-1; IR-1; MA-1; MP-1; PE-1; PL-1; PM-1; PS-1; PT-1; RA-1; SA-1; SC-1; SI-1; SR-1; CA-2; CA-5; CA-7; CA-8; CP-2; IR-4; IR-8; PL-2; RA-3; RA-5; RA-7; SA-8; SA-11; SA-17(6); SI-2; SI-4; SR-5,NIST official CSF 2.0 to SP 800-53 Rev. 5.2.0 informative references (00_universal/crosswalks/csf2_to_sp800-53r5.csv); key controls selected by the author,Findings from the first control assessment (P07) feed the POA&M,P07,3,Medium,Partially met,Improvement cycle has run once,Low,Annual assessment each September,IT Manager,2027-03-31,None
G-043,NIST CSF 2.0 group profile,CSF 2.0 group profile ID.IM-04 (voluntary benchmark),CSWP 29 ID.IM-04 (Identify),"Incident response plans and other cybersecurity plans that affect operations are established, communicated, maintained, and improved",Outcome (subcategory),Yes - voluntary benchmark selected for the group profile,Group and each subsidiary,ID.IM-04,IR-8; CP-2,CP-2; IR-8; PL-2; SR-2,NIST official CSF 2.0 to SP 800-53 Rev. 5.2.0 informative references (00_universal/crosswalks/csf2_to_sp800-53r5.csv); key controls selected by the author,POL-03 and the P08 runbook were approved on 2026-09-25 but are not yet distributed to subsidiaries or tested; no contingency plan,POL-03; P08,2,High,Partially met,Plans not communicated or tested,Moderate,Distribute to subsidiary Presidents; tabletop,IT Manager,2026-11-30,None
G-044,NIST CSF 2.0 group profile,CSF 2.0 group profile PR.AA-01 (voluntary benchmark),CSWP 29 PR.AA-01 (Protect),"Identities and credentials for authorized users, services, and hardware are managed by the organization",Outcome (subcategory),Yes - voluntary benchmark selected for the group profile,Group and each subsidiary,PR.AA-01,AC-2; IA-2; IA-5,AC-1; AC-2; AC-14; IA-1; IA-2; IA-3; IA-4; IA-5; IA-6; IA-7; IA-8; IA-9; IA-10; IA-11,NIST official CSF 2.0 to SP 800-53 Rev. 5.2.0 informative references (00_universal/crosswalks/csf2_to_sp800-53r5.csv); key controls selected by the author,One identity provider serves all four entities. Gaps: SYS-11 local accounts; a shared account on 3 Supply counter desktops; late terminations,IdP export; P07 tests,3,High,Partially met,Identities outside central management,Moderate,Move SYS-11 to SSO; named counter accounts; same-day disable,IT Manager,2026-12-31,None
G-045,NIST CSF 2.0 group profile,CSF 2.0 group profile PR.AA-03 (voluntary benchmark),CSWP 29 PR.AA-03 (Protect),"Users, services, and hardware are authenticated",Outcome (subcategory),Yes - voluntary benchmark selected for the group profile,Group and each subsidiary,PR.AA-03,IA-2(1); IA-2(2); AC-7,AC-7; AC-12; IA-2; IA-3; IA-5; IA-7; IA-8; IA-9; IA-10; IA-11,NIST official CSF 2.0 to SP 800-53 Rev. 5.2.0 informative references (00_universal/crosswalks/csf2_to_sp800-53r5.csv); key controls selected by the author,"MFA is required on every SSO application, but by push, which phishing can defeat; SYS-11 has no MFA",Conditional access policy; sign-in sample,3,High,Partially met,MFA not phishing-resistant for high-risk roles,High,Hardware security keys for 22 high-risk users; device-based conditional access,IT Manager,2026-12-31,None
G-046,NIST CSF 2.0 group profile,CSF 2.0 group profile PR.AA-05 (voluntary benchmark),CSWP 29 PR.AA-05 (Protect),"Access permissions, entitlements, and authorizations are defined in a policy, managed, enforced, and reviewed, and incorporate the principles of least privilege and separation of duties",Outcome (subcategory),Yes - voluntary benchmark selected for the group profile,Group and each subsidiary,PR.AA-05,AC-2; AC-6; AC-6(5),AC-1; AC-2; AC-3; AC-5; AC-6; AC-10; AC-16; AC-17; AC-18; AC-19; AC-24; IA-13,NIST official CSF 2.0 to SP 800-53 Rev. 5.2.0 informative references (00_universal/crosswalks/csf2_to_sp800-53r5.csv); key controls selected by the author,Seven standing global administrators; 3 all-employee collaboration sites (loan archive fixed 2026-08-13); no access reviews,IdP role report; site permission report,2,High,Partially met,Excess privilege and over-broad sharing across entities,High,2 standing admins plus break-glass; quarterly access and site permission reviews,IT Manager,2026-11-30,None
G-047,NIST CSF 2.0 group profile,CSF 2.0 group profile PR.AT-01 (voluntary benchmark),CSWP 29 PR.AT-01 (Protect),Personnel are provided with awareness and training so that they possess the knowledge and skills to perform general tasks with cybersecurity risks in mind,Outcome (subcategory),Yes - voluntary benchmark selected for the group profile,Group and each subsidiary,PR.AT-01,AT-2,AT-2; AT-3,NIST official CSF 2.0 to SP 800-53 Rev. 5.2.0 informative references (00_universal/crosswalks/csf2_to_sp800-53r5.csv); key controls selected by the author,Annual online training (57 of 60 completed in 2026); no phishing simulations; no content on payment fraud or AI use,Training report,3,High,Partially met,Training not tied to top risks,Moderate,Quarterly phishing simulations; payment fraud and AI modules,IT Manager,2026-11-30,None
G-048,NIST CSF 2.0 group profile,CSF 2.0 group profile PR.AT-02 (voluntary benchmark),CSWP 29 PR.AT-02 (Protect),Individuals in specialized roles are provided with awareness and training so that they possess the knowledge and skills to perform relevant tasks with cybersecurity risks in mind,Outcome (subcategory),Yes - voluntary benchmark selected for the group profile,Group (holding company and SCSP),PR.AT-02,AT-3; AT-2(3),AT-3,NIST official CSF 2.0 to SP 800-53 Rev. 5.2.0 informative references (00_universal/crosswalks/csf2_to_sp800-53r5.csv); key controls selected by the author,Payables and treasury staff have no fraud-specific training; IT staff training is informal,Interviews,2,High,Partially met,Specialized roles not trained on their risks,High,Payment fraud training for payables and treasury; training plan for IT staff,CFO,2026-10-31,None
G-049,NIST CSF 2.0 group profile,CSF 2.0 group profile PR.DS-01 (voluntary benchmark),CSWP 29 PR.DS-01 (Protect),"The confidentiality, integrity, and availability of data-at-rest are protected",Outcome (subcategory),Yes - voluntary benchmark selected for the group profile,Group and each subsidiary,PR.DS-01,SC-28; SC-13,CA-3; CP-9; MP-8; SC-4; SC-7; SC-12; SC-13; SC-28; SC-32; SC-39; SC-43; SI-3; SI-4; SI-7,NIST official CSF 2.0 to SP 800-53 Rev. 5.2.0 informative references (00_universal/crosswalks/csf2_to_sp800-53r5.csv); key controls selected by the author,Full-disk encryption on all laptops and desktops; provider encryption on SaaS and cloud storage. ACH files on the SFTP server are readable by every IT administrator and kept indefinitely,Encryption report; SFTP review,3,High,Partially met,Restricted files over-retained and broadly readable,Moderate,Customer-managed key and restricted access on SFTP; 90-day deletion,IT Manager,2026-11-30,None
G-050,NIST CSF 2.0 group profile,CSF 2.0 group profile PR.DS-02 (voluntary benchmark),CSWP 29 PR.DS-02 (Protect),"The confidentiality, integrity, and availability of data-in-transit are protected",Outcome (subcategory),Yes - voluntary benchmark selected for the group profile,Group (holding company and SCSP),PR.DS-02,SC-8; SC-13,AU-16; CA-3; SC-4; SC-7; SC-8; SC-11; SC-12; SC-13; SC-16; SC-40; SC-43; SI-3; SI-4; SI-7,NIST official CSF 2.0 to SP 800-53 Rev. 5.2.0 informative references (00_universal/crosswalks/csf2_to_sp800-53r5.csv); key controls selected by the author,TLS 1.2 or later on all SaaS and SFTP; IPsec site-to-site VPN; enforced TLS with the bank and benefits carrier,TLS scan 2026-09-09,4,Medium,Met,None,Very Low,None,IT Manager,,None
G-051,NIST CSF 2.0 group profile,CSF 2.0 group profile PR.DS-11 (voluntary benchmark),CSWP 29 PR.DS-11 (Protect),"Backups of data are created, protected, maintained, and tested",Outcome (subcategory),Yes - voluntary benchmark selected for the group profile,Group (holding company and SCSP),PR.DS-11,CP-9; CP-4,CP-6; CP-9,NIST official CSF 2.0 to SP 800-53 Rev. 5.2.0 informative references (00_universal/crosswalks/csf2_to_sp800-53r5.csv); key controls selected by the author,Daily cloud workload backups in the same account and region; no backup of email and files; no restore ever tested,Backup reports,1,High,Not met,Backups exposed and untested,High,Immutable separate-account backups in a second region; third-party email and file backup; quarterly restore tests,IT Manager,2027-01-31,None
G-052,NIST CSF 2.0 group profile,CSF 2.0 group profile PR.PS-01 (voluntary benchmark),CSWP 29 PR.PS-01 (Protect),Configuration management practices are established and applied,Outcome (subcategory),Yes - voluntary benchmark selected for the group profile,Group (holding company and SCSP),PR.PS-01,CM-2; CM-6,CM-1; CM-2; CM-3; CM-4; CM-5; CM-6; CM-7; CM-8; CM-9; CM-10; CM-11,NIST official CSF 2.0 to SP 800-53 Rev. 5.2.0 informative references (00_universal/crosswalks/csf2_to_sp800-53r5.csv); key controls selected by the author,"Endpoint baselines enforced; no baseline for firewalls, the identity tenant, or cloud workloads",Device profiles,2,Medium,Partially met,Configuration baselines incomplete,Moderate,"Baselines for tenant, firewall, and cloud settings",IT Manager,2026-12-31,None
G-053,NIST CSF 2.0 group profile,CSF 2.0 group profile PR.PS-02 (voluntary benchmark),CSWP 29 PR.PS-02 (Protect),"Software is maintained, replaced, and removed commensurate with risk",Outcome (subcategory),Yes - voluntary benchmark selected for the group profile,Group (holding company and SCSP),PR.PS-02,SI-2,CM-11; MA-3(6); SA-10(1); SI-2; SI-7,NIST official CSF 2.0 to SP 800-53 Rev. 5.2.0 informative references (00_universal/crosswalks/csf2_to_sp800-53r5.csv); key controls selected by the author,Endpoints patch automatically; MSP patches VMs monthly; Home Services firewall firmware out of date,Patch reports,3,Medium,Partially met,Network device patching lags,Moderate,Quarterly firmware updates tracked in the change log,IT Manager,2026-11-30,None
G-054,NIST CSF 2.0 group profile,CSF 2.0 group profile PR.PS-04 (voluntary benchmark),CSWP 29 PR.PS-04 (Protect),Log records are generated and made available for continuous monitoring,Outcome (subcategory),Yes - voluntary benchmark selected for the group profile,Group (holding company and SCSP),PR.PS-04,AU-2; AU-11; AU-12,AU-2; AU-3; AU-6; AU-7; AU-11; AU-12; SA-15(13),NIST official CSF 2.0 to SP 800-53 Rev. 5.2.0 informative references (00_universal/crosswalks/csf2_to_sp800-53r5.csv); key controls selected by the author,Logs are generated by providers but kept 30 days and not centralized,License terms,2,High,Partially met,Logs not retained or centralized,Moderate,Log workspace with 1-year retention,IT Manager,2026-12-31,None
G-055,NIST CSF 2.0 group profile,CSF 2.0 group profile PR.IR-01 (voluntary benchmark),CSWP 29 PR.IR-01 (Protect),Networks and environments are protected from unauthorized logical access and usage,Outcome (subcategory),Yes - voluntary benchmark selected for the group profile,Group (holding company and SCSP),PR.IR-01,SC-7; AC-17,AC-3; AC-4; SC-4; SC-5; SC-7,NIST official CSF 2.0 to SP 800-53 Rev. 5.2.0 informative references (00_universal/crosswalks/csf2_to_sp800-53r5.csv); key controls selected by the author,Firewalls at 3 sites; VPN to the cloud; SFTP limited to the bank's addresses. Warehouse desktops share a flat network with handheld scanners,Firewall configs,3,Low,Partially met,Flat site networks,Low,Segment warehouse devices,IT Manager,2027-03-31,None
G-056,NIST CSF 2.0 group profile,CSF 2.0 group profile PR.IR-03 (voluntary benchmark),CSWP 29 PR.IR-03 (Protect),Mechanisms are implemented to achieve resilience requirements in normal and adverse situations,Outcome (subcategory),Yes - voluntary benchmark selected for the group profile,Group (holding company and SCSP),PR.IR-03,CP-2; CP-8,CP family; IR family; SA-8; SA-24; SC-6; SC-24; SC-36; SC-39; SI-13,NIST official CSF 2.0 to SP 800-53 Rev. 5.2.0 informative references (00_universal/crosswalks/csf2_to_sp800-53r5.csv); key controls selected by the author,Mostly SaaS; single internet circuit per site; no break-glass accounts,P05,2,Medium,Partially met,Single points of failure,Moderate,Break-glass accounts; cellular failover at the warehouse,IT Manager,2027-03-31,None
G-057,NIST CSF 2.0 group profile,CSF 2.0 group profile DE.CM-01 (voluntary benchmark),CSWP 29 DE.CM-01 (Detect),Networks and network services are monitored to find potentially adverse events,Outcome (subcategory),Yes - voluntary benchmark selected for the group profile,Group (holding company and SCSP),DE.CM-01,SI-4; AU-12,AC-2; AU-12; CA-7; CM-3; SC-5; SC-7; SI-4,NIST official CSF 2.0 to SP 800-53 Rev. 5.2.0 informative references (00_universal/crosswalks/csf2_to_sp800-53r5.csv); key controls selected by the author,Firewalls log locally; nobody monitors network traffic,Firewall consoles,1,Medium,Not met,Network not monitored,Moderate,Firewall logs to the log workspace; alerting through managed detection and response,IT Manager,2027-01-31,None
G-058,NIST CSF 2.0 group profile,CSF 2.0 group profile DE.CM-03 (voluntary benchmark),CSWP 29 DE.CM-03 (Detect),Personnel activity and technology usage are monitored to find potentially adverse events,Outcome (subcategory),Yes - voluntary benchmark selected for the group profile,Group and each subsidiary,DE.CM-03,AU-6; SI-4; AC-2,AC-2; AU-12; AU-13; CA-7; CM-10; CM-11,NIST official CSF 2.0 to SP 800-53 Rev. 5.2.0 informative references (00_universal/crosswalks/csf2_to_sp800-53r5.csv); key controls selected by the author,Identity risk detections exist but are seldom reviewed; no alert on mass download of customer information,IdP risk report,2,High,Partially met,User activity on customer information not monitored,Moderate,Weekly review; mass-download alerts on Finance sites and SYS-12,IT Manager,2026-12-31,None
G-059,NIST CSF 2.0 group profile,CSF 2.0 group profile DE.CM-06 (voluntary benchmark),CSWP 29 DE.CM-06 (Detect),External service provider activities and services are monitored to find potentially adverse events,Outcome (subcategory),Yes - voluntary benchmark selected for the group profile,Group (holding company and SCSP),DE.CM-06,SA-9; SI-4,CA-7; PS-7; SA-4; SA-9; SI-4,NIST official CSF 2.0 to SP 800-53 Rev. 5.2.0 informative references (00_universal/crosswalks/csf2_to_sp800-53r5.csv); key controls selected by the author,MSP remote sessions are not logged or reviewed,MSP tool settings,1,High,Not met,Service provider activity not monitored,Moderate,Session logging and monthly review of MSP activity,IT Manager,2026-12-31,None
G-060,NIST CSF 2.0 group profile,CSF 2.0 group profile DE.CM-09 (voluntary benchmark),CSWP 29 DE.CM-09 (Detect),"Computing hardware and software, runtime environments, and their data are monitored to find potentially adverse events",Outcome (subcategory),Yes - voluntary benchmark selected for the group profile,Group (holding company and SCSP),DE.CM-09,SI-3; SI-4,AC-4; AC-9; AU-12; CA-7; CM-3; CM-6; CM-10; CM-11; SC-34; SC-35; SI-4; SI-7,NIST official CSF 2.0 to SP 800-53 Rev. 5.2.0 informative references (00_universal/crosswalks/csf2_to_sp800-53r5.csv); key controls selected by the author,"EDR on all laptops and desktops, monitored only in business hours",EDR console,3,High,Partially met,No after-hours monitoring,Moderate,24x7 managed detection and response,IT Manager,2027-01-31,None
G-061,NIST CSF 2.0 group profile,CSF 2.0 group profile DE.AE-02 (voluntary benchmark),CSWP 29 DE.AE-02 (Detect),Potentially adverse events are analyzed to better understand associated activities,Outcome (subcategory),Yes - voluntary benchmark selected for the group profile,Group (holding company and SCSP),DE.AE-02,AU-6; IR-4,AU-6; CA-7; IR-4; SI-4,NIST official CSF 2.0 to SP 800-53 Rev. 5.2.0 informative references (00_universal/crosswalks/csf2_to_sp800-53r5.csv); key controls selected by the author,EDR alerts are triaged in business hours; identity alerts are rarely analyzed,EDR and IdP alert logs,2,Medium,Partially met,Events not consistently analyzed,Moderate,Triage runbook; managed detection and response,IT Manager,2027-01-31,None
G-062,NIST CSF 2.0 group profile,CSF 2.0 group profile DE.AE-08 (voluntary benchmark),CSWP 29 DE.AE-08 (Detect),Incidents are declared when adverse events meet the defined incident criteria,Outcome (subcategory),Yes - voluntary benchmark selected for the group profile,Group (holding company and SCSP),DE.AE-08,IR-4; IR-8,IR-4; IR-8,NIST official CSF 2.0 to SP 800-53 Rev. 5.2.0 informative references (00_universal/crosswalks/csf2_to_sp800-53r5.csv); key controls selected by the author,Incident declaration criteria were first written in P08 (2026-09-25) and are untested,P08 section 2,2,Medium,Partially met,Criteria untested,Low,Test in the first tabletop,IT Manager,2026-11-30,None
G-063,NIST CSF 2.0 group profile,CSF 2.0 group profile RS.MA-01 (voluntary benchmark),CSWP 29 RS.MA-01 (Respond),The incident response plan is executed in coordination with relevant third parties once an incident is declared,Outcome (subcategory),Yes - voluntary benchmark selected for the group profile,Group and each subsidiary,RS.MA-01,IR-4; IR-8,IR-6; IR-7; IR-8; SR-3; SR-8,NIST official CSF 2.0 to SP 800-53 Rev. 5.2.0 informative references (00_universal/crosswalks/csf2_to_sp800-53r5.csv); key controls selected by the author,The incident plan has never been exercised; the insurer's breach hotline is the only outside resource arranged,Insurance policy,1,High,Not met,Plan never executed or exercised,Moderate,"Tabletop with subsidiary Presidents, MSP, and insurer",IT Manager,2026-11-30,None
G-064,NIST CSF 2.0 group profile,CSF 2.0 group profile RS.MA-04 (voluntary benchmark),CSWP 29 RS.MA-04 (Respond),Incidents are escalated or elevated as needed,Outcome (subcategory),Yes - voluntary benchmark selected for the group profile,Group and each subsidiary,RS.MA-04,IR-4; IR-6,IR-4; IR-5; IR-6; IR-7,NIST official CSF 2.0 to SP 800-53 Rev. 5.2.0 informative references (00_universal/crosswalks/csf2_to_sp800-53r5.csv); key controls selected by the author,Subsidiary staff do not know how to escalate (5 of 12 interviewed could not name the reporting line),Interview notes,1,High,Not met,No escalation path at subsidiaries,Moderate,Publish the incident line at every site; include in training,IT Manager,2026-10-31,None
G-065,NIST CSF 2.0 group profile,CSF 2.0 group profile RS.CO-02 (voluntary benchmark),CSWP 29 RS.CO-02 (Respond),Internal and external stakeholders are notified of incidents,Outcome (subcategory),Yes - voluntary benchmark selected for the group profile,Group and each subsidiary,RS.CO-02,IR-6; IR-7,IR-4; IR-6; IR-7; SR-3; SR-8,NIST official CSF 2.0 to SP 800-53 Rev. 5.2.0 informative references (00_universal/crosswalks/csf2_to_sp800-53r5.csv); key controls selected by the author,"The P08 notification matrix now covers the FTC, Florida, other states, the lender, the insurer, and the card processor; not yet tested",P08 notification matrix,2,High,Partially met,Notification process untested,Moderate,Walk through the FTC 30-day notice in the tabletop,IT Manager,2026-11-30,None
G-066,NIST CSF 2.0 group profile,CSF 2.0 group profile RS.CO-03 (voluntary benchmark),CSWP 29 RS.CO-03 (Respond),Information is shared with designated internal and external stakeholders,Outcome (subcategory),Yes - voluntary benchmark selected for the group profile,Group (holding company and SCSP),RS.CO-03,IR-4; PM-15,IR-4; IR-6; IR-7; SR-3; SR-8,NIST official CSF 2.0 to SP 800-53 Rev. 5.2.0 informative references (00_universal/crosswalks/csf2_to_sp800-53r5.csv); key controls selected by the author,No arrangements for sharing information with peers or the bank's fraud team beyond ad hoc calls,Interviews,2,Low,Partially met,Information sharing ad hoc,Low,Named contacts at the bank fraud team and the insurer in P08,CFO,2026-12-31,None
G-067,NIST CSF 2.0 group profile,CSF 2.0 group profile RS.MI-01 (voluntary benchmark),CSWP 29 RS.MI-01 (Respond),Incidents are contained,Outcome (subcategory),Yes - voluntary benchmark selected for the group profile,Group (holding company and SCSP),RS.MI-01,IR-4; AC-2,IR-4,NIST official CSF 2.0 to SP 800-53 Rev. 5.2.0 informative references (00_universal/crosswalks/csf2_to_sp800-53r5.csv); key controls selected by the author,IT can isolate endpoints through EDR and revoke sessions in business hours; no after-hours containment authority,EDR console; interviews,2,High,Partially met,Containment depends on business hours,Moderate,Managed detection and response with authority to isolate hosts and disable accounts,IT Manager,2027-01-31,None
G-068,NIST CSF 2.0 group profile,CSF 2.0 group profile RC.RP-01 (voluntary benchmark),CSWP 29 RC.RP-01 (Recover),The recovery portion of the incident response plan is executed once initiated from the incident response process,Outcome (subcategory),Yes - voluntary benchmark selected for the group profile,Group (holding company and SCSP),RC.RP-01,CP-2; CP-10; IR-4,CP-10; IR-4; IR-8,NIST official CSF 2.0 to SP 800-53 Rev. 5.2.0 informative references (00_universal/crosswalks/csf2_to_sp800-53r5.csv); key controls selected by the author,No contingency plan; recovery would be improvised,None,1,High,Not met,No recovery plan,Moderate,Contingency plan from the BIA (P05),CFO,2026-12-31,None
G-069,NIST CSF 2.0 group profile,CSF 2.0 group profile RC.RP-03 (voluntary benchmark),CSWP 29 RC.RP-03 (Recover),The integrity of backups and other restoration assets is verified before using them for restoration,Outcome (subcategory),Yes - voluntary benchmark selected for the group profile,Group (holding company and SCSP),RC.RP-03,CP-9; CP-4,CP-2; CP-4; CP-9,NIST official CSF 2.0 to SP 800-53 Rev. 5.2.0 informative references (00_universal/crosswalks/csf2_to_sp800-53r5.csv); key controls selected by the author,Backups have never been restored or verified,Backup reports,1,High,Not met,Backup integrity never verified,Moderate,First restore test with integrity check,IT Manager,2026-10-30,None
G-070,NIST CSF 2.0 group profile,CSF 2.0 group profile RC.CO-03 (voluntary benchmark),CSWP 29 RC.CO-03 (Recover),Recovery activities and progress in restoring operational capabilities are communicated to designated internal and external stakeholders,Outcome (subcategory),Yes - voluntary benchmark selected for the group profile,Group (holding company and SCSP),RC.CO-03,CP-2; IR-4,IR-4; IR-6; SR-8,NIST official CSF 2.0 to SP 800-53 Rev. 5.2.0 informative references (00_universal/crosswalks/csf2_to_sp800-53r5.csv); key controls selected by the author,"No plan for telling subsidiaries, customers, or the lender about recovery progress",None,1,Low,Not met,Recovery communications not planned,Low,Recovery communication templates in the contingency plan,CFO,2026-12-31,None
G-071,FTC Safeguards Rule,16 CFR 314.3(a) (Finance),16 CFR 314.3(a),"Develop, implement, and maintain a comprehensive written information security program with safeguards appropriate to size, complexity, activities, and sensitivity of customer information",Mandatory element,"Yes - Finance maintains customer information on about 8,600 consumers (314.6 exception needs fewer than 5,000)",Finance (reaches the holding company as affiliate and service provider),GV.PO-01,PM-1; PL-2,,Author mapping (not an official NIST mapping),Finance's 2023 WISP exists but is out of date. Group policies POL-01 to POL-05 and this SSP now cover the shared platform; a Finance supplement is pending,Finance WISP 2023; P06; P02,,High,Partially met,Written program out of date and split between documents,Moderate,Finance supplement to the group policy set replaces the WISP,IT Manager,2026-12-31,"None (last amended 88 FR 77508, Nov. 13, 2023)"
G-072,FTC Safeguards Rule,16 CFR 314.4(a) (Finance),16 CFR 314.4(a),"Designate a Qualified Individual to oversee, implement, and enforce the program; may be employed by an affiliate or service provider",Mandatory element,"Yes - Finance maintains customer information on about 8,600 consumers (314.6 exception needs fewer than 5,000)",Finance (reaches the holding company as affiliate and service provider),GV.RR-02,PM-2,,Author mapping (not an official NIST mapping),The holding company's IT Manager has been the written Qualified Individual since 2023,Designation memo 2023,,High,Met,None,Very Low,None,Finance President,,"None (last amended 88 FR 77508, Nov. 13, 2023)"
G-073,FTC Safeguards Rule,16 CFR 314.4(a)(1) (Finance),16 CFR 314.4(a)(1),"When the Qualified Individual works for an affiliate, retain responsibility for compliance",Mandatory element,"Yes - Finance maintains customer information on about 8,600 consumers (314.6 exception needs fewer than 5,000)",Finance (reaches the holding company as affiliate and service provider),GV.RR-01,PM-2; PM-9,,Author mapping (not an official NIST mapping),Finance's Board of Managers resolved on 2026-09-25 that Finance retains responsibility for compliance,Finance board minutes 2026-09-25,,High,Met,None,Very Low,None,Finance President,,"None (last amended 88 FR 77508, Nov. 13, 2023)"
G-074,FTC Safeguards Rule,16 CFR 314.4(a)(2) (Finance),16 CFR 314.4(a)(2),Designate a senior member of Finance's personnel to direct and oversee the Qualified Individual,Mandatory element,"Yes - Finance maintains customer information on about 8,600 consumers (314.6 exception needs fewer than 5,000)",Finance (reaches the holding company as affiliate and service provider),GV.RR-02,PM-2,,Author mapping (not an official NIST mapping),The Finance President was designated on 2026-09-25; no oversight has been exercised yet,Finance board minutes 2026-09-25,,High,Partially met,Oversight role new and not yet exercised,Low,Quarterly oversight meeting between the Finance President and the Qualified Individual,Finance President,2026-12-31,"None (last amended 88 FR 77508, Nov. 13, 2023)"
G-075,FTC Safeguards Rule,16 CFR 314.4(a)(3) (Finance),16 CFR 314.4(a)(3),Require the affiliate to maintain an information security program that protects Finance as the rule requires,Mandatory element,"Yes - Finance maintains customer information on about 8,600 consumers (314.6 exception needs fewer than 5,000)",Finance (reaches the holding company as affiliate and service provider),GV.SC-05; GV.OC-05,SA-9; PM-1,,Author mapping (not an official NIST mapping),The intercompany services agreement has no information security requirement,Intercompany services agreement (2022),,High,Not met,No written requirement on the holding company,Moderate,Add a security schedule to the intercompany services agreement referencing the group program,CFO,2026-12-31,"None (last amended 88 FR 77508, Nov. 13, 2023)"
G-076,FTC Safeguards Rule,16 CFR 314.4(b) (Finance),16 CFR 314.4(b),Base the program on a risk assessment of reasonably foreseeable internal and external risks to customer information and the sufficiency of safeguards,Mandatory element,"Yes - Finance maintains customer information on about 8,600 consumers (314.6 exception needs fewer than 5,000)",Finance (reaches the holding company as affiliate and service provider),ID.RA-05; GV.RM-06,RA-3,,Author mapping (not an official NIST mapping),The 2026 group risk assessment (P01) covers Finance customer information on the shared platform and Finance systems,P01,,High,Met,None,Very Low,None,IT Manager,,"None (last amended 88 FR 77508, Nov. 13, 2023)"
G-077,FTC Safeguards Rule,16 CFR 314.4(b)(1) (Finance),16 CFR 314.4(b)(1),"The risk assessment is written and includes criteria for evaluating risks, criteria for assessing confidentiality, integrity, and availability including adequacy of controls, and how risks will be mitigated or accepted",Mandatory element,"Yes - Finance maintains customer information on about 8,600 consumers (314.6 exception needs fewer than 5,000)",Finance (reaches the holding company as affiliate and service provider),ID.RA-04; ID.RA-05,RA-3; PM-9,,Author mapping (not an official NIST mapping),"P01 uses SP 800-30 scales (criteria), rates existing controls per risk, and POL-01 and P01 set mitigation and acceptance authority",P01; POL-01,,High,Met,None,Very Low,None,IT Manager,,"None (last amended 88 FR 77508, Nov. 13, 2023)"
G-078,FTC Safeguards Rule,16 CFR 314.4(b)(2) (Finance),16 CFR 314.4(b)(2),Periodically perform additional risk assessments,Mandatory element,"Yes - Finance maintains customer information on about 8,600 consumers (314.6 exception needs fewer than 5,000)",Finance (reaches the holding company as affiliate and service provider),ID.RA-05; GV.OV-02,RA-3,,Author mapping (not an official NIST mapping),No risk assessment was performed in 2024 or 2025; POL-01 now requires one each year,Finance WISP 2023; POL-01,,High,Partially met,Two-year lapse; annual cycle not yet proven,Moderate,Annual assessment each August and after major changes,IT Manager,2027-08-31,"None (last amended 88 FR 77508, Nov. 13, 2023)"
G-079,FTC Safeguards Rule,16 CFR 314.4(c)(1)(i) (Finance),16 CFR 314.4(c)(1)(i),Implement and periodically review access controls to authenticate and permit access only to authorized users,Mandatory element,"Yes - Finance maintains customer information on about 8,600 consumers (314.6 exception needs fewer than 5,000)",Finance (reaches the holding company as affiliate and service provider),PR.AA-01; PR.AA-03,AC-2; IA-2; PS-4,,Author mapping (not an official NIST mapping),"SSO with MFA for SYS-12, email, and files. Terminations take about 3 business days; no periodic review",IdP export; termination sample,,High,Partially met,Late disablement; no review,Moderate,Same-day disable; quarterly access review,HR Director,2026-11-30,"None (last amended 88 FR 77508, Nov. 13, 2023)"
G-080,FTC Safeguards Rule,16 CFR 314.4(c)(1)(ii) (Finance),16 CFR 314.4(c)(1)(ii),Limit authorized users' access to only the customer information they need,Mandatory element,"Yes - Finance maintains customer information on about 8,600 consumers (314.6 exception needs fewer than 5,000)",Finance (reaches the holding company as affiliate and service provider),PR.AA-05,AC-3; AC-6,,Author mapping (not an official NIST mapping),Finance's loan archive was open to all group employees until 2026-08-13; all Finance users can bulk-export from SYS-12,Site permission report; SYS-12 role report,,High,Partially met,Excess access to customer information,Moderate,Restrict export rights; labels on Finance sites; quarterly review,Finance President,2026-10-31,"None (last amended 88 FR 77508, Nov. 13, 2023)"
G-081,FTC Safeguards Rule,16 CFR 314.4(c)(2) (Finance),16 CFR 314.4(c)(2),"Identify and manage the data, personnel, devices, systems, and facilities that enable business purposes",Mandatory element,"Yes - Finance maintains customer information on about 8,600 consumers (314.6 exception needs fewer than 5,000)",Finance (reaches the holding company as affiliate and service provider),ID.AM-01; ID.AM-02; ID.AM-07,CM-8; CM-12,,Author mapping (not an official NIST mapping),Endpoints inventoried; no data inventory or SaaS inventory,Device inventory,,High,Partially met,Data and service inventories missing,Moderate,Data and SaaS inventories (POL-04),IT Manager,2026-12-31,"None (last amended 88 FR 77508, Nov. 13, 2023)"
G-082,FTC Safeguards Rule,16 CFR 314.4(c)(3) (Finance),16 CFR 314.4(c)(3),"Encrypt customer information in transit over external networks and at rest, or use compensating controls approved by the Qualified Individual",Mandatory element,"Yes - Finance maintains customer information on about 8,600 consumers (314.6 exception needs fewer than 5,000)",Finance (reaches the holding company as affiliate and service provider),PR.DS-01; PR.DS-02,SC-8; SC-28; SC-13,,Author mapping (not an official NIST mapping),TLS in transit; full-disk encryption on endpoints; provider encryption at rest. ACH files use provider-default keys and are readable by all IT administrators; no Qualified Individual record of approved alternatives,TLS scan; encryption report; SFTP review,,High,Partially met,Key protection and access for ACH files not adequate,Moderate,Customer-managed key and restricted access for SFTP files,IT Manager,2026-11-30,"None (last amended 88 FR 77508, Nov. 13, 2023)"
G-083,FTC Safeguards Rule,16 CFR 314.4(c)(4) (Finance),16 CFR 314.4(c)(4),Adopt secure development practices for in-house applications and procedures to evaluate externally developed applications that handle customer information,Mandatory element,"Yes - Finance maintains customer information on about 8,600 consumers (314.6 exception needs fewer than 5,000)",Finance (reaches the holding company as affiliate and service provider),PR.PS-06; GV.SC-06,SA-8; SA-4,,Author mapping (not an official NIST mapping),In-house scripts move ACH files without code review; externally developed applications (the AI assistant) were adopted without evaluation,Script repository; purchase approvals,,High,Not met,No secure development or application evaluation procedure,Moderate,Code review for the file transfer scripts; security review step in purchasing,IT Manager,2026-12-31,"None (last amended 88 FR 77508, Nov. 13, 2023)"
G-084,FTC Safeguards Rule,16 CFR 314.4(c)(5) (Finance),16 CFR 314.4(c)(5),"Implement MFA for any individual accessing any information system, unless the Qualified Individual approves equivalent controls in writing",Mandatory element,"Yes - Finance maintains customer information on about 8,600 consumers (314.6 exception needs fewer than 5,000)",Finance (reaches the holding company as affiliate and service provider),PR.AA-03,IA-2(1); IA-2(2),,Author mapping (not an official NIST mapping),MFA on all SSO systems. SYS-11 and the Supply counter desktops use passwords only and connect to the group network (314.2(j) covers systems connected to a system containing customer information),Conditional access policy; P07 tests,,High,Partially met,MFA gaps on connected systems,Moderate,SYS-11 to SSO; named counter accounts with MFA,IT Manager,2026-12-31,"None (last amended 88 FR 77508, Nov. 13, 2023)"
G-085,FTC Safeguards Rule,16 CFR 314.4(c)(6)(i) (Finance),16 CFR 314.4(c)(6)(i),"Securely dispose of customer information no later than two years after last use, unless an exception applies",Mandatory element,"Yes - Finance maintains customer information on about 8,600 consumers (314.6 exception needs fewer than 5,000)",Finance (reaches the holding company as affiliate and service provider),PR.DS-01; ID.AM-08,SI-12; MP-6,,Author mapping (not an official NIST mapping),ACH files are kept indefinitely; the loan archive holds files back to 2019 with no disposal,SFTP listing; site inventory,,High,Not met,No disposal procedure,Moderate,Retention schedule in POL-04; 90-day ACH file deletion; archive clean-up,Finance President,2026-11-30,"None (last amended 88 FR 77508, Nov. 13, 2023)"
G-086,FTC Safeguards Rule,16 CFR 314.4(c)(6)(ii) (Finance),16 CFR 314.4(c)(6)(ii),Periodically review the data retention policy to minimize unnecessary retention,Mandatory element,"Yes - Finance maintains customer information on about 8,600 consumers (314.6 exception needs fewer than 5,000)",Finance (reaches the holding company as affiliate and service provider),GV.PO-02,SI-12,,Author mapping (not an official NIST mapping),No retention policy exists to review,None,,High,Not met,No retention review,Low,Annual retention review with the policy review,Finance President,2027-09-30,"None (last amended 88 FR 77508, Nov. 13, 2023)"
G-087,FTC Safeguards Rule,16 CFR 314.4(c)(7) (Finance),16 CFR 314.4(c)(7),Adopt procedures for change management,Mandatory element,"Yes - Finance maintains customer information on about 8,600 consumers (314.6 exception needs fewer than 5,000)",Finance (reaches the holding company as affiliate and service provider),ID.RA-07; PR.PS-01,CM-3,,Author mapping (not an official NIST mapping),No change management,P07 CM-3 results,,High,Not met,No change procedure,Moderate,Change log and approval (POAM-017),IT Manager,2026-12-31,"None (last amended 88 FR 77508, Nov. 13, 2023)"
G-088,FTC Safeguards Rule,16 CFR 314.4(c)(8) (Finance),16 CFR 314.4(c)(8),"Monitor and log authorized users' activity and detect unauthorized access, use, or tampering with customer information",Mandatory element,"Yes - Finance maintains customer information on about 8,600 consumers (314.6 exception needs fewer than 5,000)",Finance (reaches the holding company as affiliate and service provider),DE.CM-03; PR.PS-04,AU-6; AU-11; SI-4,,Author mapping (not an official NIST mapping),Logs kept 30 days and not reviewed; no alert on bulk access,License terms; P07 AU-6,,High,Not met,No user activity monitoring,Moderate,Log workspace; weekly review; bulk access alerts,IT Manager,2026-12-31,"None (last amended 88 FR 77508, Nov. 13, 2023)"
G-089,FTC Safeguards Rule,16 CFR 314.4(d)(1) (Finance),16 CFR 314.4(d)(1),"Regularly test or monitor the effectiveness of key controls, including detection of attacks",Mandatory element,"Yes - Finance maintains customer information on about 8,600 consumers (314.6 exception needs fewer than 5,000)",Finance (reaches the holding company as affiliate and service provider),ID.IM-01,CA-2; CA-7,,Author mapping (not an official NIST mapping),First independent control assessment in September 2026 (P07),P07,,High,Partially met,Testing new; no ongoing monitoring,Low,Annual assessment; KPIs,IT Manager,2027-09-30,"None (last amended 88 FR 77508, Nov. 13, 2023)"
G-090,FTC Safeguards Rule,16 CFR 314.4(d)(2) (Finance),16 CFR 314.4(d)(2),"Continuous monitoring, or annual penetration testing and vulnerability assessments at least every six months",Mandatory element,"Yes - Finance maintains customer information on about 8,600 consumers (314.6 exception needs fewer than 5,000)",Finance (reaches the holding company as affiliate and service provider),ID.RA-01; DE.CM-09,RA-5; CA-8,,Author mapping (not an official NIST mapping),Neither continuous monitoring nor penetration testing nor vulnerability assessments,P07 RA-5,,High,Not met,Required testing not performed,Moderate,Scans monthly (exceeds six-month minimum); annual penetration test,IT Manager,2026-12-31,"None (last amended 88 FR 77508, Nov. 13, 2023)"
G-091,FTC Safeguards Rule,16 CFR 314.4(e)(1) (Finance),16 CFR 314.4(e)(1),Security awareness training updated to reflect risks from the risk assessment,Mandatory element,"Yes - Finance maintains customer information on about 8,600 consumers (314.6 exception needs fewer than 5,000)",Finance (reaches the holding company as affiliate and service provider),PR.AT-01,AT-2,,Author mapping (not an official NIST mapping),Annual generic training; not updated for payment fraud or AI risks,Training report,,High,Partially met,Content not risk-based,Moderate,Update training from P01 top risks,IT Manager,2026-11-30,"None (last amended 88 FR 77508, Nov. 13, 2023)"
G-092,FTC Safeguards Rule,16 CFR 314.4(e)(2) (Finance),16 CFR 314.4(e)(2),"Use qualified information security personnel (own, affiliate, or service provider) sufficient to manage risks",Mandatory element,"Yes - Finance maintains customer information on about 8,600 consumers (314.6 exception needs fewer than 5,000)",Finance (reaches the holding company as affiliate and service provider),GV.RR-03,PM-13,,Author mapping (not an official NIST mapping),Three generalist IT staff at the affiliate; no after-hours coverage,Org chart,,High,Partially met,Capacity gap after hours,Moderate,24x7 managed detection and response,CFO,2027-01-31,"None (last amended 88 FR 77508, Nov. 13, 2023)"
G-093,FTC Safeguards Rule,16 CFR 314.4(e)(3) (Finance),16 CFR 314.4(e)(3),Provide security personnel with security updates and training,Mandatory element,"Yes - Finance maintains customer information on about 8,600 consumers (314.6 exception needs fewer than 5,000)",Finance (reaches the holding company as affiliate and service provider),PR.AT-02,AT-3,,Author mapping (not an official NIST mapping),Vendor training only; no plan,Certificates for 2 of 3 IT staff,,High,Partially met,No training plan,Low,Annual training plan and budget for IT staff,IT Manager,2027-03-31,"None (last amended 88 FR 77508, Nov. 13, 2023)"
G-094,FTC Safeguards Rule,16 CFR 314.4(e)(4) (Finance),16 CFR 314.4(e)(4),Verify that key security personnel maintain current knowledge of threats and countermeasures,Mandatory element,"Yes - Finance maintains customer information on about 8,600 consumers (314.6 exception needs fewer than 5,000)",Finance (reaches the holding company as affiliate and service provider),PR.AT-02,AT-3,,Author mapping (not an official NIST mapping),No verification,None,,High,Not met,Not verified,Low,Finance President confirms training record each year in the oversight meeting,Finance President,2027-03-31,"None (last amended 88 FR 77508, Nov. 13, 2023)"
G-095,FTC Safeguards Rule,16 CFR 314.4(f)(1) (Finance),16 CFR 314.4(f)(1),Take reasonable steps to select and retain service providers capable of appropriate safeguards,Mandatory element,"Yes - Finance maintains customer information on about 8,600 consumers (314.6 exception needs fewer than 5,000)",Finance (reaches the holding company as affiliate and service provider),GV.SC-06,SA-4; SR-6,,Author mapping (not an official NIST mapping),"SOC 2 reports obtained for the ERP, HRIS, and loan servicing vendors; MSP and AI assistant not evaluated",SOC 2 reports,,High,Partially met,Selection due diligence inconsistent,Moderate,Security questionnaire in purchasing,CFO,2026-10-31,"None (last amended 88 FR 77508, Nov. 13, 2023)"
G-096,FTC Safeguards Rule,16 CFR 314.4(f)(2) (Finance),16 CFR 314.4(f)(2),Require service providers by contract to implement and maintain safeguards,Mandatory element,"Yes - Finance maintains customer information on about 8,600 consumers (314.6 exception needs fewer than 5,000)",Finance (reaches the holding company as affiliate and service provider),GV.SC-05,SA-9,,Author mapping (not an official NIST mapping),Loan servicing and ERP contracts include safeguards; MSP and intercompany agreements do not,Contracts,,High,Partially met,Two key contracts lack safeguards,Moderate,MSP and intercompany security schedules,CFO,2026-12-31,"None (last amended 88 FR 77508, Nov. 13, 2023)"
G-097,FTC Safeguards Rule,16 CFR 314.4(f)(3) (Finance),16 CFR 314.4(f)(3),Periodically assess service providers based on risk and adequacy of safeguards,Mandatory element,"Yes - Finance maintains customer information on about 8,600 consumers (314.6 exception needs fewer than 5,000)",Finance (reaches the holding company as affiliate and service provider),GV.SC-07,SA-9; SR-6,,Author mapping (not an official NIST mapping),No assessments before 2026. The holding company was first assessed through the P09 self-benchmark (presented 2026-09-25); the loan servicing vendor and the MSP have not been assessed,P09 summary,,High,Partially met,Most providers not yet assessed,Moderate,Annual review of critical providers (P09),IT Manager,2026-12-31,"None (last amended 88 FR 77508, Nov. 13, 2023)"
G-098,FTC Safeguards Rule,16 CFR 314.4(g) (Finance),16 CFR 314.4(g),"Evaluate and adjust the program in light of testing, material changes, risk assessments, and other circumstances",Mandatory element,"Yes - Finance maintains customer information on about 8,600 consumers (314.6 exception needs fewer than 5,000)",Finance (reaches the holding company as affiliate and service provider),GV.OV-01; ID.IM-01,CA-5; PM-9,,Author mapping (not an official NIST mapping),The program was not adjusted for the 2025 AI assistant or new SaaS; this cycle is the first adjustment,P01; P07 POA&M,,High,Partially met,Adjustment not routine,Low,Change triggers in POL-01,IT Manager,2026-12-31,"None (last amended 88 FR 77508, Nov. 13, 2023)"
G-099,FTC Safeguards Rule,16 CFR 314.4(h) (Finance),16 CFR 314.4(h),"Written incident response plan covering goals, internal processes, roles and decision authority, communications, remediation, documentation, and post-event review ((h)(1)-(7))",Mandatory element,"Yes - Finance maintains customer information on about 8,600 consumers (314.6 exception needs fewer than 5,000)",Finance (reaches the holding company as affiliate and service provider),ID.IM-04; RS.MA-01,IR-8; IR-4,,Author mapping (not an official NIST mapping),POL-03 and the P08 runbook (2026-09-25) address all seven areas for shared-platform compromise; other event types are not yet covered and the plan is untested,POL-03; P08,,High,Partially met,Plan untested and limited to one incident type,Moderate,Tabletop; add lost-device and vendor-breach playbooks,IT Manager,2027-03-31,"None (last amended 88 FR 77508, Nov. 13, 2023)"
G-100,FTC Safeguards Rule,16 CFR 314.4(i) (Finance),16 CFR 314.4(i),"Qualified Individual reports in writing, at least annually, to the board or equivalent governing body on program status and material matters",Mandatory element,"Yes - Finance maintains customer information on about 8,600 consumers (314.6 exception needs fewer than 5,000)",Finance (reaches the holding company as affiliate and service provider),GV.OV-01,PM-9,,Author mapping (not an official NIST mapping),Reports delivered in 2024 and on 2026-09-25; none in 2025,Finance board minutes 2024 and 2026,,High,Partially met,2025 report missed,Moderate,Report each September on the Finance board calendar,IT Manager,2027-09-30,"None (last amended 88 FR 77508, Nov. 13, 2023)"
G-101,FTC Safeguards Rule,16 CFR 314.4(j) (Finance),16 CFR 314.4(j),Notify the FTC as soon as possible and no later than 30 days after discovery of a notification event involving at least 500 consumers,Mandatory element,"Yes - Finance maintains customer information on about 8,600 consumers (314.6 exception needs fewer than 5,000)",Finance (reaches the holding company as affiliate and service provider),RS.CO-02,IR-6,,Author mapping (not an official NIST mapping),No procedure before 2026-09-25; the P08 runbook and matrix now include the FTC notice and discovery rule,P08 notification matrix,,High,Partially met,Procedure untested,Moderate,Walk through the FTC notice in the tabletop,IT Manager,2026-11-30,"None (last amended 88 FR 77508, Nov. 13, 2023)"
G-102,SEC Regulation S-K Item 106,N55-R01,17 CFR 229.106,"Annual disclosure of cybersecurity risk management, strategy, and governance by registrants",Applicability check,"No - Regulation S-K governs the content of registration statements and Exchange Act reports (17 CFR 229.10(a)); the company has no registered securities and files no reports; 5 holders of record, so section 12(g) registration is not required (17 CFR 240.12g-1)",Group,,,,Not mapped (not applicable),Applicability confirmed from primary text (see report section 1),Regulation text on eCFR 2026-09-23; scenario facts section 1,,,Not applicable,None,Very Low,None,CFO,,"Recheck before any securities offering, registration, or sale to a public company"
G-103,SEC Form 8-K Item 1.05,N55-R02,Form 8-K Item 1.05 (88 FR 51896),Disclose a material cybersecurity incident within four business days after determining materiality,Applicability check,No - applies to SEC registrants; the company is not one,Group,,,,Not mapped (not applicable),Applicability confirmed from primary text (see report section 1),Regulation text on eCFR 2026-09-23; scenario facts section 1,,,Not applicable,None,Very Low,None,CFO,,Recheck with N55-R01
G-104,SOX section 404,N55-R03,15 U.S.C. 7262,Management assessment of internal control over financial reporting,Applicability check,No - applies to issuers filing Exchange Act reports; the company is not an issuer. The lender's audit requirements are contractual,Group,,,,Not mapped (not applicable),Applicability confirmed from primary text (see report section 1),Regulation text on eCFR 2026-09-23; scenario facts section 1,,,Not applicable,None,Very Low,None,CFO,,Recheck with N55-R01
G-105,Federal Reserve computer-security incident notification,N55-R04,12 CFR 225.300-225.303,Notify the Federal Reserve within 36 hours of a notification incident,Applicability check,No - applies to bank holding companies and others listed in 12 CFR 225.300(c); the company controls no bank (12 CFR 225.2(b)-(c)); Finance takes no deposits,Group,,,,Not mapped (not applicable),Applicability confirmed from primary text (see report section 1),Regulation text on eCFR 2026-09-23; scenario facts section 1,,,Not applicable,None,Very Low,None,CFO,,Recheck if the group acquires a bank or savings association
G-106,Interagency Guidelines Establishing Information Security Standards,N55-R05,"12 CFR Part 225, Appendix F",Board-approved information security program for bank holding companies,Applicability check,No - not a bank holding company. The FTC Safeguards Rule covers Finance instead (rows above),Group,,,,Not mapped (not applicable),Applicability confirmed from primary text (see report section 1),Regulation text on eCFR 2026-09-23; scenario facts section 1,,,Not applicable,None,Very Low,None,CFO,,Recheck with N55-R04
G-107,HIPAA (sponsored group health plan),N55-R06,45 CFR 164.504(f); 164.530(k); 164.314(b),Plan sponsor safeguards and firewall for PHI,Applicability check,"Limited - the plan (about 52 participants) is a group health plan under 45 CFR 160.103, but it is fully insured and the sponsor receives only enrollment and summary health information, so 164.530(k) relief applies and 164.314(b) plan-document security terms are not triggered",Group,,,,Not mapped (not applicable),Applicability confirmed from primary text (see report section 1),Regulation text on eCFR 2026-09-23; scenario facts section 1,,,Not applicable,None,Very Low,None,CFO,,Recheck if the plan becomes self-insured or the sponsor starts receiving claims data
G-108,CIRCIA (proposed),N55-R07,6 U.S.C. 681-681g; proposed 6 CFR Part 226,Report covered cyber incidents within 72 hours and ransom payments within 24 hours,Applicability check,No - proposed only; no final rule published as of 2026-09-25,Group,,,,Not mapped (not applicable),Applicability confirmed from primary text (see report section 1),Regulation text on eCFR 2026-09-23; scenario facts section 1,,,Not applicable,None,Very Low,None,CFO,,Final rule pending; recheck applicability criteria when published
