control_id,control_name,baseline,implementation_status,inheritance,provider_if_inherited,responsible_role,implementation_statement,evidence,csf2_subcategories,regulatory_driver,scope
AC-1,Policy and Procedures,Moderate,Implemented,System-specific,,Security Manager,"POL-02 Access Control (P06, approved 2026-09-17, replacing the 2024 policy) sets access rules for the corporate PDPP and the CPE; account, review, and remote access procedures are owned by IT and reviewed yearly.",POL-02; procedure index (P06 standards-index.md),GV.OC-03; GV.PO-01; GV.PO-02; GV.OV-01,N23-R03 (DFARS 252.204-7012(b)(2) via SP 800-171 Rev. 2 program requirement),Corporate PDPP and CPE
AC-2,Account Management,Moderate,Partially implemented,Hybrid,"Identity provider vendor (SOC 2 Type 2); Government-community cloud provider (FedRAMP Moderate or higher, CRM on file)",IT Director,"Corporate accounts are provisioned in SYS-04 from the HR system feed and federated to SYS-01, SYS-02, SYS-03, and SYS-05; CPE accounts are created separately in the enclave identity tenant after FC-4 Project Executive approval (52 accounts). Terminations disable SYS-04 automatically. Gaps: reviews are semiannual, not quarterly; 31 external SYS-01 accounts remain on closed projects; 3 of 25 sampled field terminations were disabled 2 to 6 days late (P07).",SYS-04 export 2026-07-14; CPE user list; P07 AC-2 results,PR.AA-01; PR.AA-05; PR.DS-10; DE.CM-01,"N23-R03 (SP 800-171 Rev. 2 3.1.1, 3.13.3)",Corporate PDPP and CPE
AC-2(3),Disable Accounts,Moderate,Implemented,Common/Inherited,"Identity provider vendor (SOC 2 Type 2); Government-community cloud provider (FedRAMP Moderate or higher, CRM on file)",IT Director,SYS-04 and the enclave identity tenant disable accounts after 45 days of inactivity; the setting is inherited from each tenant's policy engine and confirmed in configuration exports.,Inactivity policy screenshots 2026-07-14,PR.AA-01; PR.AA-05; PR.DS-10; DE.CM-01,"N23-R03 (SP 800-171 Rev. 2 3.1.1, 3.13.3)",Corporate PDPP and CPE
AC-2(5),Inactivity Logout,Moderate,Implemented,Hybrid,"Identity provider vendor (SOC 2 Type 2); Government-community cloud provider (FedRAMP Moderate or higher, CRM on file)",IT Director,Sessions end after 12 hours of inactivity in corporate SaaS and after 30 minutes on enclave virtual desktops; enclave users sign out at end of shift (POL-02).,Session policy exports,PR.AA-01; PR.AA-05; PR.DS-10; DE.CM-01,"N23-R03 (SP 800-171 Rev. 2 3.1.1, 3.13.3)",Corporate PDPP and CPE
AC-3,Access Enforcement,Moderate,Partially implemented,Hybrid,"Project management platform vendor (SOC 2 Type 2); ERP vendor (SOC 2 Type 2); Government-community cloud provider (FedRAMP Moderate or higher, CRM on file)",IT Director,"Role-based permissions in SYS-01 (project roles), SYS-02 (48 ERP roles), and the CPE (FC-4 folders by discipline). Gap: in SYS-01, FC-4 project folders that hold CUI-marked sheets are readable by all 230 FC-4 external users because the folder template grants project-wide read (P03 G-002).",SYS-01 permission export; ERP role catalog; CPE folder ACL export,PR.AA-05; PR.DS-10; PR.IR-01,"N23-R03 (SP 800-171 Rev. 2 3.1.2, 3.13.3)",Corporate PDPP and CPE
AC-4,Information Flow Enforcement,Moderate,Partially implemented,System-specific,,Security Manager,"The CPE blocks external sharing except to 9 allow-listed partner domains (A&E firm and Army Corps). Gap: nothing stops CUI from leaving the CPE through copy and paste on the virtual desktops or through download to enclave laptops and then into SYS-01; 1,140 CUI items were found in SYS-01 (P03 G-003).",CPE sharing policy; SYS-01 content search 2026-07-22,ID.AM-03; PR.DS-10; PR.IR-01; DE.CM-09,"N23-R03 (SP 800-171 Rev. 2 3.1.3, 3.13.3)",CPE only
AC-5,Separation of Duties,Moderate,Partially implemented,System-specific,,Controller,"Vendor-master bank changes in SYS-02 require a second approver who did not enter the change, and ACH batches need two approvers in SYS-10. Gaps: 2 of 25 sampled bank changes had no call-back record because the second approver accepted an 'urgent' override; CPE administrators also review their own logs.",SYS-02 change log sample; bank portal approval report,PR.AA-05,"N23-R03 (SP 800-171 Rev. 2 3.1.4, 3.13.3); Company risk (P01 R-002)",Corporate PDPP and CPE
AC-6,Least Privilege,Moderate,Partially implemented,System-specific,,IT Director,Least privilege is applied through role design in each SaaS and CPE folder groups. Gaps: 9 Project Managers hold SYS-01 company-administrator rights to speed project setup; privileged access management covers cloud accounts only (P07).,SYS-01 admin list; cloud role export,PR.AA-05,"N23-R03 (SP 800-171 Rev. 2 3.1.5, 3.4.9, 3.13.3)",Corporate PDPP and CPE
AC-6(1),Authorize Access to Security Functions,Moderate,Implemented,System-specific,,IT Director,"Security functions (identity, logging, cloud guardrails, CPE administration) are restricted to 22 named administrators in the corporate tenant and 3 in the CPE.",Admin role exports,PR.AA-05,"N23-R03 (SP 800-171 Rev. 2 3.1.5, 3.4.9, 3.13.3)",Corporate PDPP and CPE
AC-6(2),Non-privileged Access for Nonsecurity Functions,Moderate,Implemented,System-specific,,IT Director,"Administrators use separate administrative accounts with FIDO2 keys for privileged work in SYS-04, SYS-06, and the CPE; daily work uses standard accounts.",Admin account list; P07 AC-6(2) results,PR.AA-05,"N23-R03 (SP 800-171 Rev. 2 3.1.6, 3.4.9, 3.13.3)",Corporate PDPP and CPE
AC-6(9),Log Use of Privileged Functions,Moderate,Partially implemented,Hybrid,MSSP (SOC 2 Type 2),Security Manager,"Privileged actions in SYS-04, SYS-05, and SYS-06 are logged to the SIEM. Gap: CPE administrator actions are logged in the enclave's native log store and reviewed weekly by hand, not monitored (gap 5).",SIEM source list; CPE weekly review records,PR.AA-05,"N23-R03 (SP 800-171 Rev. 2 3.1.7, 3.4.9, 3.13.3)",Corporate PDPP and CPE
AC-7,Unsuccessful Logon Attempts,Moderate,Implemented,Common/Inherited,"Identity provider vendor (SOC 2 Type 2); Government-community cloud provider (FedRAMP Moderate or higher, CRM on file)",IT Director,Both identity tenants lock an account for 15 minutes after 10 failed attempts and apply risk-based sign-in blocking.,Lockout policy exports,PR.AA-03,N23-R03 (SP 800-171 Rev. 2 3.1.8),Corporate PDPP and CPE
AC-11,Device Lock,Moderate,Implemented,System-specific,,IT Director,"Managed endpoints and enclave laptops lock after 15 minutes; enclave virtual desktops lock after 10 minutes, with a pattern-hiding screen.",Device configuration profiles,PR.AA-03,N23-R03 (SP 800-171 Rev. 2 3.1.10),Corporate PDPP and CPE
AC-12,Session Termination,Moderate,Implemented,Common/Inherited,"Government-community cloud provider (FedRAMP Moderate or higher, CRM on file)",IT Director,Enclave virtual desktop sessions terminate after 30 minutes idle or 12 hours total; inherited from the provider's session host configuration.,CPE session policy,PR.AA-03,N23-R03 (SP 800-171 Rev. 2 3.1.11),CPE only
AC-17,Remote Access,Moderate,Partially implemented,Hybrid,Commercial cloud provider (SOC 2 Type 2),IT Director,Remote access to corporate cloud workloads uses the SD-WAN or the client VPN with MFA; CPE access is only through the enclave virtual desktop gateway with phishing-resistant MFA. Gap: 7 of 22 jobsite cellular routers expose remote administration to the internet (gap 6).,VPN configuration; router audit 2026-08-12,PR.AA-05,"N23-R03 (SP 800-171 Rev. 2 3.1.12, 3.1.13, 3.1.14, 3.1.15, 3.13.7)",Corporate PDPP and CPE
AC-17(2),Protection of Confidentiality and Integrity Using Encryption,Moderate,Implemented,Common/Inherited,"Government-community cloud provider (FedRAMP Moderate or higher, CRM on file); Commercial cloud provider (SOC 2 Type 2)",IT Director,Remote sessions are encrypted with TLS 1.2 or higher; the CPE gateway uses the provider's FIPS-validated modules (CRM item).,CRM; VPN cipher configuration,PR.AA-05,"N23-R03 (SP 800-171 Rev. 2 3.8.6, 3.13.8, 3.13.16)",Corporate PDPP and CPE
AC-18,Wireless Access,Moderate,Partially implemented,System-specific,,IT Director,Office and yard Wi-Fi use enterprise authentication with certificates. Gap: jobsite trailer Wi-Fi uses shared passphrases set by each superintendent.,Wi-Fi controller configuration; trailer walkthroughs,PR.AA-05,N23-R01 (52.204-21(b)(1) program support),Corporate PDPP (FCI scope)
AC-19,Access Control for Mobile Devices,Moderate,Partially implemented,System-specific,,IT Director,"420 laptops and desktops, 380 smartphones, and 110 rugged tablets are in device management with encryption, passcode, and remote wipe. Gap: 40 rugged tablets are unmanaged and 26 FC-4 tablets hold offline CUI sets (gaps 1 and 6).",Device management inventory 2026-07-20,PR.AA-05,"N23-R03 (SP 800-171 Rev. 2 3.1.18, 3.1.19)",Corporate PDPP and CPE
AC-20,Use of External Systems,Moderate,Partially implemented,System-specific,,Security Manager,"POL-04 lists approved external systems for FCI (SYS-01, owners' portals, federal portals) and for CUI (the CPE and partner systems named in the FC-4 CUI distribution list). Gap: CUI reached SYS-01, which is not approved for CUI (P03 G-020).",POL-04; FC-4 distribution list,ID.AM-02; ID.AM-04,"N23-R03 (SP 800-171 Rev. 2 3.1.20, 3.1.21); N23-R01 (52.204-21(b)(1)(iii))",Corporate PDPP and CPE
AC-20(1),Limits on Authorized Use,Moderate,Partially implemented,System-specific,,Director of Contracts and Compliance,Subcontractors receiving CUI must hold DFARS 252.204-7012 terms and a current SPRS score. Gap: only the A&E subcontract has the clause; 3 of 15 SPRS scores verified (gap 3).,Subcontract review; SPRS checks,ID.AM-02; ID.AM-04,"N23-R03 (SP 800-171 Rev. 2 3.1.20, 3.1.21)",CPE only
AC-22,Publicly Accessible Content,Moderate,Implemented,System-specific,,Director of Contracts and Compliance,"Website and social media posts with project photos are approved by Marketing and, for federal jobs, by the Director of Contracts and Compliance; the 2026 quarterly review found no FCI or CUI posted.",Posting approvals; quarterly review 2026-06-30,GV.PO-01,N23-R01 (52.204-21(b)(1)(iv)),Corporate PDPP (FCI scope)
AT-1,Policy and Procedures,Moderate,Implemented,System-specific,,HR Director,POL-01 sets training duties; the training standard defines courses by role.,POL-01; training standard,GV.OC-03; GV.PO-01; GV.PO-02; GV.OV-01,N23-R03 (DFARS 252.204-7012(b)(2) via SP 800-171 Rev. 2 program requirement),Corporate PDPP and CPE
AT-2,Literacy Training and Awareness,Moderate,Implemented,System-specific,,HR Director,Annual awareness training for all employees with email accounts (completion 96% in 2026); quarterly phishing simulations (June 2026 click rate 6.4%); toolbox-talk version for craft.,Training records; phishing reports,PR.AT-01,"N23-R03 (SP 800-171 Rev. 2 3.2.1, 3.2.3)",Corporate PDPP and CPE
AT-2(2),Insider Threat,Moderate,Partially implemented,System-specific,,Security Manager,Insider threat awareness is a 5-minute module in the annual course. Gap: no specific module for CPE users on recognizing and reporting insider indicators.,Course outline,PR.AT-01,"N23-R03 (SP 800-171 Rev. 2 3.2.1, 3.2.3)",CPE only
AT-2(3),Social Engineering and Mining,Moderate,Implemented,System-specific,,Controller,"Accounting staff and Project Managers complete payment-fraud training each year, covering bank-change requests, spoofed owners, and call-back rules.",Training roster 2026,PR.AT-01,"Company risk (P01 R-001, R-002)",Corporate PDPP (FCI scope)
AT-3,Role-based Training,Moderate,Partially implemented,System-specific,,Security Manager,"Administrators receive vendor training. Gap: CPE users received a 2025 CUI handling briefing only; no annual role-based CUI training, and FC-4 field staff never received it.",Briefing roster 2025-03,PR.AT-01; PR.AT-02,N23-R03 (SP 800-171 Rev. 2 3.2.2),CPE only
AU-1,Policy and Procedures,Moderate,Implemented,System-specific,,Security Manager,"POL-01 and the logging standard set log sources, retention, and review duties.",Logging standard,GV.OC-03; GV.PO-01; GV.PO-02; GV.OV-01,N23-R03 (DFARS 252.204-7012(b)(2) via SP 800-171 Rev. 2 program requirement),Corporate PDPP and CPE
AU-2,Event Logging,Moderate,Partially implemented,Hybrid,MSSP (SOC 2 Type 2),Security Manager,"Event types are defined in the logging standard for identity, email, cloud, endpoints, and the CPE. Gap: SYS-01 audit logs and SYS-02 vendor-master changes are not collected (gap 5).",Logging standard; SIEM source list,PR.PS-04,N23-R03 (SP 800-171 Rev. 2 3.3.1),Corporate PDPP and CPE
AU-3,Content of Audit Records,Moderate,Implemented,Common/Inherited,"MSSP (SOC 2 Type 2); Government-community cloud provider (FedRAMP Moderate or higher, CRM on file)",Security Manager,"Collected records include time, source, user, event type, and outcome, as provided by each platform's log schema.",Sample records,PR.PS-04,N23-R03 (SP 800-171 Rev. 2 3.3.2),Corporate PDPP and CPE
AU-6,"Audit Record Review, Analysis, and Reporting",Moderate,Partially implemented,Hybrid,MSSP (SOC 2 Type 2),Security Manager,The MSSP reviews corporate alerts 24x7. Gap: the CPE is reviewed weekly by hand by the Security Manager; SYS-01 and SYS-02 are not reviewed at all (gap 5).,MSSP monthly report; CPE review records,PR.PS-04; DE.AE-02; DE.AE-03,N23-R03 (SP 800-171 Rev. 2 3.3.5),Corporate PDPP and CPE
AU-6(3),Correlate Audit Record Repositories,Moderate,Planned,System-specific,,Security Manager,"Planned (not in place today): CPE logs are not correlated with corporate identity and endpoint logs, so a corporate account takeover that leads to an enclave desktop session would not be linked.",Gap analysis P03 G-030,PR.PS-04; DE.AE-02; DE.AE-03,N23-R03 (SP 800-171 Rev. 2 3.3.5),CPE only
AU-9,Protection of Audit Information,Moderate,Implemented,Common/Inherited,"Government-community cloud provider (FedRAMP Moderate or higher, CRM on file); MSSP (SOC 2 Type 2)",Security Manager,Log stores are append-only and restricted to the security team; CPE native logs are protected by the provider.,Log store permissions,PR.DS-10,"N23-R03 (SP 800-171 Rev. 2 3.3.8, 3.3.9)",Corporate PDPP and CPE
AU-11,Audit Record Retention,Moderate,Partially implemented,Hybrid,"MSSP (SOC 2 Type 2); Government-community cloud provider (FedRAMP Moderate or higher, CRM on file)",Security Manager,The SIEM keeps 1 year searchable; CPE native logs keep 180 days. Gap: CPE retention is shorter than the 1 year in the logging standard.,SIEM contract; CPE retention setting,PR.PS-04,N23-R03 (SP 800-171 Rev. 2 3.3.3),Corporate PDPP and CPE
AU-12,Audit Record Generation,Moderate,Partially implemented,Hybrid,MSSP (SOC 2 Type 2),Security Manager,"Logging is enabled on SYS-04, SYS-05, SYS-06, endpoints, and the CPE. Gap: jobsite routers do not log centrally.",Source list,PR.PS-04; DE.CM-01; DE.CM-03; DE.CM-09,N23-R03 (SP 800-171 Rev. 2 3.3.3),Corporate PDPP and CPE
CA-1,Policy and Procedures,Moderate,Implemented,System-specific,,vCISO,POL-01 sets assessment and authorization duties; this SSP and the POA&M are reviewed yearly.,POL-01,GV.OC-03; GV.PO-01; GV.PO-02; GV.OV-01,N23-R03 (DFARS 252.204-7012(b)(2) via SP 800-171 Rev. 2 program requirement),Corporate PDPP and CPE
CA-2,Control Assessments,Moderate,Partially implemented,System-specific,,GRC analyst,The co-sourced internal audit firm assessed 34 controls in 2026-08 (P07). Gap: the CPE has not had a full SP 800-171A self-assessment since 2025-02; the 2025 SPRS score did not test field locations.,P07 assessment plan; 2025 self-assessment,ID.RA-01; ID.IM-01; ID.IM-02; ID.IM-03,N23-R03 (SP 800-171 Rev. 2 3.12.1); N23-R03 (DFARS 252.204-7019(b)),Corporate PDPP and CPE
CA-3,Information Exchange,Moderate,Partially implemented,System-specific,,IT Director,"Interconnections with the bank, payroll vendor, and federal portals are under signed agreements. Gap: the file-transfer portal exchanges with 31 design firms run under project agreements without security terms.",Agreement register,ID.AM-03; PR.DS-01; PR.DS-02; PR.DS-10,N23-R01 (52.204-21(b)(1) program support),Corporate PDPP (FCI scope)
CA-5,Plan of Action and Milestones,Moderate,Implemented,System-specific,,GRC analyst,A single POA&M (P07 poam.csv) tracks control weaknesses with owners and dates; reviewed monthly by the Security Manager and quarterly by the audit committee.,POA&M; committee minutes,ID.IM-01; ID.IM-02; ID.IM-03,N23-R03 (SP 800-171 Rev. 2 3.12.2),Corporate PDPP and CPE
CA-6,Authorization,Moderate,Implemented,System-specific,,COO,"The COO, as system owner, accepted operation of the PDPP with conditions on 2026-09-17 (section 4.2).",Decision record 2026-09-17,GV.PO-01,N23-R03 (DFARS 252.204-7012(b)(2) via SP 800-171 Rev. 2 program requirement),Corporate PDPP and CPE
CA-7,Continuous Monitoring,Moderate,Partially implemented,Hybrid,MSSP (SOC 2 Type 2),Security Manager,"Continuous monitoring covers MSSP alerts, monthly vulnerability metrics, and quarterly access reviews (target). Gap: no monitoring metrics for the CPE or field devices.",Monitoring strategy,ID.RA-01; ID.RA-07; ID.IM-01; ID.IM-02,"N23-R03 (SP 800-171 Rev. 2 3.4.9, 3.12.3)",Corporate PDPP and CPE
CM-1,Policy and Procedures,Moderate,Implemented,System-specific,,IT Director,POL-01 and the configuration standard set baseline and change rules.,Configuration standard,GV.OC-03; GV.PO-01; GV.PO-02; GV.OV-01,N23-R03 (DFARS 252.204-7012(b)(2) via SP 800-171 Rev. 2 program requirement),Corporate PDPP and CPE
CM-2,Baseline Configuration,Moderate,Partially implemented,System-specific,,IT Director,"Documented baselines exist for corporate laptops, cloud servers, and enclave laptops and virtual desktops. Gap: no baseline for jobsite cellular routers, rugged tablets, or trailer Wi-Fi (gap 6).",Baseline documents,PR.PS-01,N23-R03 (SP 800-171 Rev. 2 3.4.1),Corporate PDPP and CPE
CM-3,Configuration Change Control,Moderate,Implemented,System-specific,,IT Director,Changes to SYS-06 and the CPE go through the change board (weekly) with tickets; 20 of 20 sampled changes had approval (P07).,Change tickets 2026 Q2,ID.RA-07; PR.PS-01; DE.CM-01; DE.CM-09,N23-R03 (SP 800-171 Rev. 2 3.4.3),Corporate PDPP and CPE
CM-4,Impact Analyses,Moderate,Implemented,System-specific,,IT Director,Change tickets include a security impact field reviewed by a security analyst before approval.,Change tickets,ID.RA-07; PR.PS-01,N23-R03 (SP 800-171 Rev. 2 3.4.4),Corporate PDPP and CPE
CM-5,Access Restrictions for Change,Moderate,Implemented,System-specific,,IT Director,Only the cloud and CPE administrator groups can change production configurations; changes are logged.,Role exports,PR.PS-01,N23-R03 (SP 800-171 Rev. 2 3.4.5),Corporate PDPP and CPE
CM-6,Configuration Settings,Moderate,Partially implemented,System-specific,,IT Director,Hardening settings are enforced by device management and cloud policy. Gap: 7 jobsite routers with internet-facing administration; 40 tablets without enforced settings.,Configuration compliance report; router audit,PR.PS-01; DE.CM-09,"N23-R03 (SP 800-171 Rev. 2 3.4.2, 3.13.7)",Corporate PDPP and CPE
CM-7,Least Functionality,Moderate,Partially implemented,System-specific,,IT Director,Unneeded services are disabled on cloud servers and enclave laptops; enclave laptops block USB storage. Gap: field devices not hardened.,Hardening scripts; device policy,PR.PS-01,"N23-R03 (SP 800-171 Rev. 2 3.4.6, 3.4.7, 3.13.7, 3.13.14)",Corporate PDPP and CPE
CM-8,System Component Inventory,Moderate,Partially implemented,System-specific,,IT Director,"Asset inventory in device management and the cloud console. Gap: 40 tablets and 22 jobsite routers are tracked on a spreadsheet, and the CMMC asset categories (32 CFR 170.19(c)) are not yet recorded (P03 G-125).",Inventory exports,ID.AM-01; ID.AM-02; PR.PS-01,N23-R04 (32 CFR 170.19(c)),Corporate PDPP and CPE
CM-12,Information Location,Moderate,Partially implemented,System-specific,,FC-4 Project Executive,"The CUI data flow diagram (section 8) shows where CUI is approved to live. Gap: SYS-01, tablets, and the FC-4 trailer held CUI outside the documented locations.",Data flow diagram,ID.AM-07,N23-R03 (DFARS 252.204-7012(b)(2) via SP 800-171 Rev. 2 program requirement),CPE only
CP-1,Policy and Procedures,Moderate,Implemented,System-specific,,IT Director,POL-01 sets contingency planning duties; the contingency plan standard follows the BIA (P05).,POL-01,GV.OC-03; GV.PO-01; GV.PO-02; GV.OV-01,N23-R03 (DFARS 252.204-7012(b)(2) via SP 800-171 Rev. 2 program requirement),Corporate PDPP and CPE
CP-2,Contingency Plan,Moderate,Partially implemented,System-specific,,IT Director,"An IT contingency plan (2024) covers corporate SaaS and cloud workloads. Gap: it predates the BIA and does not cover the CPE, MBSS, or billing week targets.",Contingency plan 2024,ID.IM-01; ID.IM-02; ID.IM-03; ID.IM-04,N23-R03 (DFARS 252.204-7012(b)(2) via SP 800-171 Rev. 2 program requirement),Corporate PDPP and CPE
CP-4,Contingency Plan Testing,Moderate,Partially implemented,System-specific,,IT Director,"Estimating database and BIM/CAD server restores were tested 2026-03 (10 hours). Gap: no test of the CPE, SYS-01 export, or ERP recovery.",Restore test report 2026-03,ID.IM-02; RC.RP-03,N23-R03 (DFARS 252.204-7012(b)(2) via SP 800-171 Rev. 2 program requirement),Corporate PDPP and CPE
CP-6,Alternate Storage Site,Moderate,Implemented,Common/Inherited,Commercial cloud provider (SOC 2 Type 2),IT Director,"Corporate backups are stored in a separate backup account in a second region, with separate administrator credentials.",Backup account configuration,PR.DS-11; PR.IR-04,N23-R01 (52.204-21(b)(1) program support),Corporate PDPP (FCI scope)
CP-9,System Backup,Moderate,Partially implemented,Hybrid,"Commercial cloud provider (SOC 2 Type 2); Government-community cloud provider (FedRAMP Moderate or higher, CRM on file)",IT Director,"Daily immutable backups of corporate workloads with 35-day write-once retention. Gap: the CPE relies on provider versioning only, and there is no independent export of SYS-01 project records (gap 9).",Backup job reports,PR.DS-01; PR.DS-10; PR.DS-11; RC.RP-03,N23-R03 (SP 800-171 Rev. 2 3.8.9),Corporate PDPP and CPE
CP-10,System Recovery and Reconstitution,Moderate,Partially implemented,System-specific,,IT Director,Recovery procedures exist for corporate cloud workloads. Gap: none for the CPE or for restoring SYS-01 data from an export.,Recovery runbooks,RC.RP-01; RC.RP-02; RC.RP-05,N23-R03 (DFARS 252.204-7012(b)(2) via SP 800-171 Rev. 2 program requirement),Corporate PDPP and CPE
IA-1,Policy and Procedures,Moderate,Implemented,System-specific,,IT Director,POL-02 and the authentication standard set identifier and authenticator rules.,Authentication standard,GV.OC-03; GV.PO-01; GV.PO-02; GV.OV-01,N23-R03 (DFARS 252.204-7012(b)(2) via SP 800-171 Rev. 2 program requirement),Corporate PDPP and CPE
IA-2,Identification and Authentication (Organizational Users),Moderate,Implemented,Hybrid,"Identity provider vendor (SOC 2 Type 2); Government-community cloud provider (FedRAMP Moderate or higher, CRM on file)",IT Director,Every user has a unique identity in SYS-04 or the enclave tenant; shared jobsite trailer accounts were retired in 2025.,Identity exports,PR.AA-01; PR.AA-03,N23-R03 (SP 800-171 Rev. 2 3.5.1); N23-R01 (52.204-21(b)(1)(v)-(vi)),Corporate PDPP and CPE
IA-2(1),Multi-factor Authentication to Privileged Accounts,Moderate,Implemented,Common/Inherited,"Identity provider vendor (SOC 2 Type 2); Government-community cloud provider (FedRAMP Moderate or higher, CRM on file)",IT Director,MFA is required for all privileged accounts in both tenants (FIDO2 security keys).,Conditional access policies,PR.AA-01; PR.AA-03,N23-R03 (SP 800-171 Rev. 2 3.5.3),Corporate PDPP and CPE
IA-2(2),Multi-factor Authentication to Non-privileged Accounts,Moderate,Partially implemented,Hybrid,"Identity provider vendor (SOC 2 Type 2); Government-community cloud provider (FedRAMP Moderate or higher, CRM on file)",IT Director,"MFA is required for all corporate and CPE users. Gap: corporate users use push with number matching, which is not phishing-resistant; the CPE uses phishing-resistant authenticators.",Conditional access policies,PR.AA-01; PR.AA-03,N23-R03 (SP 800-171 Rev. 2 3.5.3); Company risk (P01 R-001),Corporate PDPP and CPE
IA-2(8),Access to Accounts — Replay Resistant,Moderate,Partially implemented,Hybrid,"Identity provider vendor (SOC 2 Type 2); Government-community cloud provider (FedRAMP Moderate or higher, CRM on file)",IT Director,"The CPE and administrator sign-ins use replay-resistant FIDO2 authenticators. Gap: corporate push MFA can be relayed by an adversary-in-the-middle page; phishing-resistant MFA for Project Managers, accounting, and executives is due 2026-12-31.",Authenticator report,PR.AA-01; PR.AA-03,N23-R03 (SP 800-171 Rev. 2 3.5.4); Company risk (P01 R-001),Corporate PDPP and CPE
IA-3,Device Identification and Authentication,Moderate,Partially implemented,System-specific,,IT Director,Device certificates authenticate managed laptops to Wi-Fi and the VPN; enclave virtual desktops accept only compliant enclave laptops and managed tablets. Gap: 40 unmanaged tablets connect to SYS-01 without device authentication.,Certificate authority report,PR.AA-01; PR.AA-03,N23-R03 (SP 800-171 Rev. 2 3.5.2),Corporate PDPP and CPE
IA-4,Identifier Management,Moderate,Implemented,System-specific,,IT Director,Identifiers are assigned from HR records and never reused; guest accounts for A&E staff are tied to named individuals.,Identity naming standard,PR.AA-01,"N23-R03 (SP 800-171 Rev. 2 3.5.5, 3.5.6)",Corporate PDPP and CPE
IA-5,Authenticator Management,Moderate,Partially implemented,Hybrid,"Identity provider vendor (SOC 2 Type 2); Government-community cloud provider (FedRAMP Moderate or higher, CRM on file)",IT Director,Passwords of at least 14 characters with breached-password screening. Gap: 7 jobsite routers kept default or shared administrator passwords.,Password policy; router audit,PR.AA-01; PR.AA-03,N23-R03 (DFARS 252.204-7012(b)(2) via SP 800-171 Rev. 2 program requirement),Corporate PDPP and CPE
IA-5(1),Password-based Authentication,Moderate,Implemented,Common/Inherited,"Identity provider vendor (SOC 2 Type 2); Government-community cloud provider (FedRAMP Moderate or higher, CRM on file)",IT Director,"Password composition, history, and breached-password checks are enforced by both tenants.",Policy exports,PR.AA-01; PR.AA-03,"N23-R03 (SP 800-171 Rev. 2 3.5.7, 3.5.8, 3.5.9, 3.5.10)",Corporate PDPP and CPE
IA-11,Re-authentication,Moderate,Implemented,Common/Inherited,"Identity provider vendor (SOC 2 Type 2); Government-community cloud provider (FedRAMP Moderate or higher, CRM on file)",IT Director,Re-authentication is required for privileged role activation and after session expiry.,Session policies,PR.AA-01; PR.AA-03,N23-R03 (SP 800-171 Rev. 2 3.5.1),Corporate PDPP and CPE
IR-1,Policy and Procedures,Moderate,Implemented,System-specific,,Security Manager,"POL-03 Incident Response (P06) sets roles, reporting, and the DFARS 72-hour reporting duty.",POL-03,GV.OC-03; GV.PO-01; GV.PO-02; GV.OV-01,N23-R03 (DFARS 252.204-7012(b)(2) via SP 800-171 Rev. 2 program requirement),Corporate PDPP and CPE
IR-2,Incident Response Training,Moderate,Partially implemented,System-specific,,Security Manager,The incident team and MSSP liaisons were trained in 2025. Gap: the Director of Contracts and Compliance and the FC-4 Project Executive have not been trained on CUI incident duties.,Training roster,GV.PO-01,N23-R03 (DFARS 252.204-7012(b)(2) via SP 800-171 Rev. 2 program requirement),Corporate PDPP and CPE
IR-3,Incident Response Testing,Moderate,Partially implemented,System-specific,,Security Manager,A ransomware tabletop was held in 2025. Gap: no CUI incident or DIBNet reporting exercise (gap 8); BEC tabletop scheduled 2026-11-18.,Tabletop report 2025,ID.IM-02,N23-R03 (SP 800-171 Rev. 2 3.6.3),Corporate PDPP and CPE
IR-4,Incident Handling,Moderate,Partially implemented,Hybrid,MSSP (SOC 2 Type 2),Security Manager,The MSSP contains corporate endpoint and identity threats 24x7 and calls the Security Manager within 30 minutes of a high-severity alert. Gap: CPE incidents depend on business-hours detection.,MSSP contract; incident tickets,ID.IM-01; ID.IM-02; ID.IM-03; DE.AE-02,N23-R03 (SP 800-171 Rev. 2 3.6.1),Corporate PDPP and CPE
IR-5,Incident Monitoring,Moderate,Implemented,System-specific,,Security Manager,Incidents are tracked in the security ticket queue; 17 incidents were recorded in the 12 months to 2026-06-30.,Incident log,DE.AE-03; RS.MA-02; RS.MA-03; RS.MA-04,N23-R03 (SP 800-171 Rev. 2 3.6.2),Corporate PDPP and CPE
IR-6,Incident Reporting,Moderate,Partially implemented,System-specific,,Director of Contracts and Compliance,POL-03 and the P08 notification matrix set the DFARS 252.204-7012(c) and FAR 52.204-25(d) reporting duties. Gap: the only medium assurance certificate expired 2026-05-20 (gap 8).,Certificate record; P08 matrix,RS.MA-01; RS.MA-02; RS.MA-03; RS.MA-04,N23-R03 (SP 800-171 Rev. 2 3.6.2); N23-R03 (252.204-7012(c)); N23-R02 (52.204-25(d)),Corporate PDPP and CPE
IR-7,Incident Response Assistance,Moderate,Implemented,Hybrid,MSSP (SOC 2 Type 2),Security Manager,The MSSP and the insurer's panel forensics firm provide incident assistance; contacts are in the P08 runbooks.,Contracts; insurer panel list,RS.MA-01; RS.MA-04; RS.CO-02; RS.CO-03,N23-R03 (SP 800-171 Rev. 2 3.6.2),Corporate PDPP and CPE
IR-8,Incident Response Plan,Moderate,Partially implemented,System-specific,,Security Manager,Incident response plan (2024) updated with the P08 runbooks in 2026-09. Gap: CUI incident runbook approved but not yet exercised.,P08 runbooks,ID.IM-01; ID.IM-02; ID.IM-03; ID.IM-04,N23-R03 (DFARS 252.204-7012(b)(2) via SP 800-171 Rev. 2 program requirement),Corporate PDPP and CPE
MA-2,Controlled Maintenance,Moderate,Implemented,Hybrid,"Government-community cloud provider (FedRAMP Moderate or higher, CRM on file)",IT Director,Maintenance of enclave laptops and corporate equipment is done by IT staff and logged in tickets; provider maintenance is inherited.,Maintenance tickets,ID.AM-08,N23-R03 (SP 800-171 Rev. 2 3.7.1),Corporate PDPP and CPE
MA-4,Nonlocal Maintenance,Moderate,Implemented,System-specific,,IT Director,Remote maintenance of servers uses the privileged access broker with MFA and session recording.,Broker session logs,PR.PS-01,N23-R03 (SP 800-171 Rev. 2 3.7.5),Corporate PDPP and CPE
MP-1,Policy and Procedures,Moderate,Implemented,System-specific,,Security Manager,POL-04 Data Classification and Handling sets media handling rules for FCI and CUI.,POL-04,GV.OC-03; GV.PO-01; GV.PO-02; GV.OV-01,N23-R03 (DFARS 252.204-7012(b)(2) via SP 800-171 Rev. 2 program requirement),Corporate PDPP and CPE
MP-2,Media Access,Moderate,Partially implemented,System-specific,,FC-4 Project Executive,Enclave laptops block removable storage. Gap: printed CUI drawing sets in the FC-4 trailer are kept on an open plan table (gap 1).,Walkthrough 2026-08-12,GV.PO-01,N23-R03 (SP 800-171 Rev. 2 3.8.2),CPE only
MP-3,Media Marking,Moderate,Partially implemented,System-specific,,FC-4 Project Executive,Government-furnished drawings arrive marked. Gap: printed sets and CUI design packages produced by the A&E firm are not consistently marked (P07).,Sample of 20 FC-4 sheets,GV.PO-01,N23-R03 (SP 800-171 Rev. 2 3.8.4),CPE only
MP-4,Media Storage,Moderate,Partially implemented,System-specific,,FC-4 Project Executive,A locked plan cabinet was installed in the FC-4 trailer on 2026-08-20. Gap: storage rules not yet followed by all crews.,Cabinet photo; walkthrough,GV.PO-01,N23-R03 (SP 800-171 Rev. 2 3.8.1),CPE only
MP-5,Media Transport,Moderate,Planned,System-specific,,FC-4 Project Executive,"Planned (not in place today): printed CUI moves between the A&E office, headquarters, and the FC-4 jobsite in project managers' vehicles without a transport rule.",Interviews 2026-07-22,GV.PO-01,N23-R03 (SP 800-171 Rev. 2 3.8.5),CPE only
MP-6,Media Sanitization,Moderate,Partially implemented,Hybrid,Certified destruction vendor,IT Director,Retired laptops are wiped and destroyed by a certified vendor with certificates. Gap: printed CUI in the FC-4 trailer went to ordinary recycling until 2026-08-20.,Destruction certificates; walkthrough,GV.PO-01,"N23-R03 (SP 800-171 Rev. 2 3.7.3, 3.8.3); N23-R01 (52.204-21(b)(1)(vii))",Corporate PDPP and CPE
PE-1,Policy and Procedures,Moderate,Implemented,System-specific,,Vice President of Operations,"POL-01 and the physical security standard set rules for offices, the yard, and trailers.",Physical security standard,GV.OC-03; GV.PO-01; GV.PO-02; GV.OV-01,N23-R03 (DFARS 252.204-7012(b)(2) via SP 800-171 Rev. 2 program requirement),Corporate PDPP and CPE
PE-2,Physical Access Authorizations,Moderate,Partially implemented,System-specific,,Vice President of Operations,"Badge lists for headquarters, the regional office, and the yard are approved by managers. Gap: the FC-4 trailer has no authorized-access list.",Badge list review,PR.AA-06,N23-R03 (SP 800-171 Rev. 2 3.10.1); N23-R01 (52.204-21(b)(1)(viii)),Corporate PDPP and CPE
PE-3,Physical Access Control,Moderate,Partially implemented,System-specific,,Vice President of Operations,Badge access at offices and the yard; trailers are locked after hours. Gap: the FC-4 trailer is open to all trades during the day.,Walkthroughs 2026-08-11 to 2026-08-13,PR.AA-06; DE.CM-02,"N23-R03 (SP 800-171 Rev. 2 3.10.3, 3.10.4, 3.10.5); N23-R01 (52.204-21(b)(1)(viii)-(ix))",Corporate PDPP and CPE
PE-5,Access Control for Output Devices,Moderate,Implemented,System-specific,,IT Director,"Printers for the CPE are in the FC-4 project office at headquarters, which is badge-controlled.",Floor plan,PR.AA-06,"N23-R03 (SP 800-171 Rev. 2 3.10.3, 3.10.4, 3.10.5)",CPE only
PE-8,Visitor Access Records,Moderate,Partially implemented,System-specific,,Vice President of Operations,Reception visitor logs and badge logs at offices are kept 1 year. Gap: the FC-4 trailer visitor log missed 14 of 41 visitors recorded by the installation gate in July.,Visitor log comparison,PR.AA-06,N23-R01 (52.204-21(b)(1)(ix)),Corporate PDPP and CPE
PL-1,Policy and Procedures,Moderate,Implemented,System-specific,,vCISO,POL-01 sets planning duties; this SSP is reviewed yearly and after major change.,POL-01,GV.OC-03; GV.PO-01; GV.PO-02; GV.OV-01,N23-R03 (DFARS 252.204-7012(b)(2) via SP 800-171 Rev. 2 program requirement),Corporate PDPP and CPE
PL-2,System Security and Privacy Plans,Moderate,Partially implemented,System-specific,,Security Manager,"This SSP (v1.0, 2026-09-17) covers the PDPP and the CPE subsystem. Gap: the 2025 enclave SSP (v0.3) did not describe field use of CUI; the requirement-level descriptions must be verified in the 2027 readiness check.",SSP versions,ID.AM-03; ID.AM-08; ID.IM-01; ID.IM-02,N23-R03 (SP 800-171 Rev. 2 3.12.4); N23-R03 (3.12.4),Corporate PDPP and CPE
PL-4,Rules of Behavior,Moderate,Implemented,System-specific,,HR Director,Rules of behavior (POL-05 Acceptable Use) are acknowledged at hire and yearly; CPE users sign an additional CUI acknowledgment.,Acknowledgment records,GV.PO-01,N23-R03 (DFARS 252.204-7012(b)(2) via SP 800-171 Rev. 2 program requirement),Corporate PDPP and CPE
PM-1,Information Security Program Plan,Not in Moderate baseline (added by tailoring),Implemented,System-specific,,vCISO,The security program plan (POL-01 and the FY2027 plan) is approved by the CEO.,Program plan,GV.OC-03; GV.PO-01; GV.PO-02; GV.OV-01,N23-R03 (DFARS 252.204-7012(b)(2) via SP 800-171 Rev. 2 program requirement),Corporate PDPP and CPE
PM-2,Information Security Program Leadership Role,Not in Moderate baseline (added by tailoring),Implemented,System-specific,,COO,The Security Manager leads the program day to day; the vCISO sets strategy; the COO is executive sponsor.,POL-01 section 4,GV.RR-01; GV.RR-02,N23-R03 (DFARS 252.204-7012(b)(2) via SP 800-171 Rev. 2 program requirement),Corporate PDPP and CPE
PM-9,Risk Management Strategy,Not in Moderate baseline (added by tailoring),Implemented,System-specific,,CEO,The risk appetite and acceptance authorities (P01) were approved by the CEO on 2026-09-17.,Risk appetite statement,GV.OC-02; GV.RM-01; GV.RM-02; GV.RM-03,N23-R03 (DFARS 252.204-7012(b)(2) via SP 800-171 Rev. 2 program requirement),Corporate PDPP and CPE
PS-1,Policy and Procedures,Moderate,Implemented,System-specific,,HR Director,POL-01 sets personnel security duties.,POL-01,GV.OC-03; GV.RR-04; GV.PO-01; GV.PO-02,N23-R03 (DFARS 252.204-7012(b)(2) via SP 800-171 Rev. 2 program requirement),Corporate PDPP and CPE
PS-3,Personnel Screening,Moderate,Implemented,System-specific,,HR Director,Background checks for all salaried hires and for craft assigned to federal sites; CPE users are checked before enclave access.,Screening records,GV.PO-01,N23-R03 (SP 800-171 Rev. 2 3.9.1),Corporate PDPP and CPE
PS-4,Personnel Termination,Moderate,Partially implemented,System-specific,,HR Director,Terminations trigger automatic SYS-04 disable. Gap: field terminations are entered late by superintendents (3 of 25 sampled late); CPE accounts are removed by hand.,Termination sample,GV.PO-01,N23-R03 (SP 800-171 Rev. 2 3.9.2),Corporate PDPP and CPE
PS-5,Personnel Transfer,Moderate,Partially implemented,System-specific,,HR Director,Transfers trigger a manager review. Gap: 2 of 15 sampled transfers off FC-4 kept enclave access for more than 30 days.,Transfer sample,GV.PO-01,N23-R03 (SP 800-171 Rev. 2 3.9.2),CPE only
PS-7,External Personnel Security,Moderate,Partially implemented,System-specific,,Director of Contracts and Compliance,"Contractor staff with access (MSSP, A&E guest users) are bound by agreements. Gap: A&E guest users' departures are not reported to the company.",Agreements,GV.RR-04; DE.CM-06,N23-R03 (DFARS 252.204-7012(b)(2) via SP 800-171 Rev. 2 program requirement),Corporate PDPP and CPE
RA-1,Policy and Procedures,Moderate,Implemented,System-specific,,vCISO,POL-01 sets risk assessment duties using NIST SP 800-30 Rev. 1.,POL-01,GV.OC-03; GV.PO-01; GV.PO-02; GV.OV-01,N23-R03 (DFARS 252.204-7012(b)(2) via SP 800-171 Rev. 2 program requirement),Corporate PDPP and CPE
RA-3,Risk Assessment,Moderate,Implemented,System-specific,,GRC analyst,The 2026 risk assessment (P01) covers the PDPP and CPE with 52 risks scored on SP 800-30 tables.,P01 register,GV.RM-06; GV.RM-07; GV.SC-03; GV.SC-09,N23-R03 (SP 800-171 Rev. 2 3.11.1),Corporate PDPP and CPE
RA-3(1),Supply Chain Risk Assessment,Moderate,Partially implemented,System-specific,,Director of Contracts and Compliance,Supply chain risks for subcontractors and SaaS vendors are in P01. Gap: subcontractor cyber posture is not assessed for CUI holders (gap 3).,P01 R-004,GV.RM-06; GV.RM-07; GV.SC-03; GV.SC-09,N23-R03 (SP 800-171 Rev. 2 3.11.1),Corporate PDPP and CPE
RA-5,Vulnerability Monitoring and Scanning,Moderate,Partially implemented,Hybrid,MSSP (SOC 2 Type 2),Security Manager,"Quarterly authenticated scans of cloud workloads and office networks; findings tracked in tickets. Gap: enclave laptops and jobsite routers are not scanned; scanning is quarterly, not monthly.",Scan reports Q1-Q2 2026,GV.SC-10; ID.RA-01; ID.RA-08; ID.IM-01,"N23-R03 (SP 800-171 Rev. 2 3.11.2, 3.11.3)",Corporate PDPP and CPE
RA-5(2),Update Vulnerabilities to Be Scanned,Moderate,Implemented,Hybrid,MSSP (SOC 2 Type 2),Security Manager,Scanner signatures update automatically before each scan.,Scanner configuration,GV.SC-10; ID.RA-01; ID.RA-08; ID.IM-01,"N23-R03 (SP 800-171 Rev. 2 3.11.2, 3.11.3)",Corporate PDPP and CPE
SA-4,Acquisition Process,Moderate,Partially implemented,System-specific,,Director of Contracts and Compliance,Federal subcontract templates were updated in 2025 with FAR 52.204-21 and 52.204-25 substance. Gap: DFARS 252.204-7012 and 252.204-7021 riders are not in the templates.,Templates 2025,GV.SC-05; GV.SC-06; GV.SC-07; GV.SC-08,N23-R01 (52.204-21(c)); N23-R02 (52.204-25(e)),Corporate PDPP and CPE
SA-9,External System Services,Moderate,Partially implemented,System-specific,,Security Manager,9 critical SaaS SOC 2 reports are reviewed each year. Gap: no tiering for about 210 vendors; the MSSP has no CRM for CMMC purposes.,Vendor review records,GV.OC-05; GV.SC-04; GV.SC-05; GV.SC-06,N23-R03 (DFARS 252.204-7012(b)(2) via SP 800-171 Rev. 2 program requirement),Corporate PDPP and CPE
SA-22,Unsupported System Components,Moderate,Implemented,System-specific,,IT Director,No unsupported operating systems in the PDPP; 2 old jobsite routers past support were replaced in 2026-06.,Inventory report,ID.AM-08,N23-R03 (DFARS 252.204-7012(b)(2) via SP 800-171 Rev. 2 program requirement),Corporate PDPP and CPE
SC-1,Policy and Procedures,Moderate,Implemented,System-specific,,IT Director,POL-01 and the network and encryption standards set communications protection rules.,Standards,GV.OC-03; GV.PO-01; GV.PO-02; GV.OV-01,N23-R03 (DFARS 252.204-7012(b)(2) via SP 800-171 Rev. 2 program requirement),Corporate PDPP and CPE
SC-7,Boundary Protection,Moderate,Partially implemented,Hybrid,"Commercial cloud provider (SOC 2 Type 2); Government-community cloud provider (FedRAMP Moderate or higher, CRM on file)",IT Director,Cloud firewalls and the SD-WAN control boundaries; the file-transfer portal sits in its own public subnet since 2025; the CPE is a separate tenant with no network path from corporate systems. Gap: 7 jobsite routers with open administration.,Network diagrams; router audit,PR.DS-01; PR.DS-02; PR.DS-10; PR.IR-01,"N23-R03 (SP 800-171 Rev. 2 3.13.1, 3.13.5, 3.13.14); N23-R01 (52.204-21(b)(1)(x)-(xi))",Corporate PDPP and CPE
SC-7(5),Deny by Default — Allow by Exception,Moderate,Implemented,System-specific,,IT Director,Cloud security groups and office firewalls deny by default; exceptions are ticketed.,Rule exports,PR.DS-01; PR.DS-02; PR.DS-10; PR.IR-01,N23-R03 (SP 800-171 Rev. 2 3.13.6),Corporate PDPP and CPE
SC-8,Transmission Confidentiality and Integrity,Moderate,Implemented,Hybrid,"Commercial cloud provider (SOC 2 Type 2); Government-community cloud provider (FedRAMP Moderate or higher, CRM on file)",IT Director,TLS 1.2 or higher for all SaaS and cloud traffic; SD-WAN tunnels are encrypted.,Configuration exports,PR.DS-02,"N23-R03 (SP 800-171 Rev. 2 3.8.6, 3.13.8, 3.13.16)",Corporate PDPP and CPE
SC-8(1),Cryptographic Protection,Moderate,Partially implemented,Hybrid,"Government-community cloud provider (FedRAMP Moderate or higher, CRM on file)",IT Director,The CPE uses the provider's FIPS-validated modules; enclave laptops run in FIPS mode. Gap: CUI on 26 tablets and in SYS-01 was not protected by FIPS-validated cryptography (P03 G-098).,CRM; laptop configuration,PR.DS-02,"N23-R03 (SP 800-171 Rev. 2 3.8.6, 3.13.8, 3.13.16)",CPE only
SC-12,Cryptographic Key Establishment and Management,Moderate,Implemented,Common/Inherited,"Government-community cloud provider (FedRAMP Moderate or higher, CRM on file); Commercial cloud provider (SOC 2 Type 2)",IT Director,Keys are managed by each provider's key management service.,CRM,PR.DS-01; PR.DS-02,N23-R03 (SP 800-171 Rev. 2 3.13.10),Corporate PDPP and CPE
SC-13,Cryptographic Protection,Moderate,Partially implemented,Hybrid,"Government-community cloud provider (FedRAMP Moderate or higher, CRM on file)",IT Director,FIPS-validated cryptography in the CPE. Gap: same as SC-8(1) for spilled CUI.,CRM,PR.DS-01; PR.DS-02; PR.DS-10,N23-R03 (SP 800-171 Rev. 2 3.13.11),CPE only
SC-28,Protection of Information at Rest,Moderate,Implemented,Hybrid,"Commercial cloud provider (SOC 2 Type 2); Government-community cloud provider (FedRAMP Moderate or higher, CRM on file)",IT Director,"Encryption at rest on all cloud storage, SaaS tenants, and managed laptops and smartphones.",Encryption reports,PR.DS-01,"N23-R03 (SP 800-171 Rev. 2 3.8.6, 3.13.8, 3.13.16)",Corporate PDPP and CPE
SC-28(1),Cryptographic Protection,Moderate,Partially implemented,Hybrid,"Government-community cloud provider (FedRAMP Moderate or higher, CRM on file)",IT Director,Enclave storage and laptops use FIPS-validated encryption. Gap: unmanaged tablets with CUI.,Device reports,PR.DS-01,"N23-R03 (SP 800-171 Rev. 2 3.8.6, 3.13.8, 3.13.16)",CPE only
SI-1,Policy and Procedures,Moderate,Implemented,System-specific,,Security Manager,POL-01 sets flaw remediation and monitoring duties.,POL-01,GV.OC-03; GV.PO-01; GV.PO-02; GV.OV-01,N23-R03 (DFARS 252.204-7012(b)(2) via SP 800-171 Rev. 2 program requirement),Corporate PDPP and CPE
SI-2,Flaw Remediation,Moderate,Partially implemented,Hybrid,MSSP (SOC 2 Type 2),IT Director,Endpoints patch automatically (98% current); cloud servers monthly; critical flaws within 15 days. Gap: jobsite router firmware is not tracked.,Patch reports,ID.IM-01; ID.IM-02; ID.IM-03; PR.PS-02,N23-R03 (SP 800-171 Rev. 2 3.14.1); N23-R01 (52.204-21(b)(1)(xii)),Corporate PDPP and CPE
SI-3,Malicious Code Protection,Moderate,Implemented,Hybrid,MSSP (SOC 2 Type 2),Security Manager,"EDR with real-time and scheduled scanning on all managed endpoints, enclave laptops, and cloud servers; email attachment scanning in both suites.",EDR console export,PR.DS-01; PR.DS-02; PR.DS-10,"N23-R03 (SP 800-171 Rev. 2 3.14.2, 3.14.4, 3.14.5); N23-R01 (52.204-21(b)(1)(xiii)-(xv))",Corporate PDPP and CPE
SI-4,System Monitoring,Moderate,Partially implemented,Hybrid,MSSP (SOC 2 Type 2),Security Manager,"24x7 MSSP monitoring of the corporate environment. Gap: CPE, SYS-01, SYS-02 vendor master, and jobsite routers are not monitored (gap 5).",SIEM source list,ID.RA-01; ID.IM-01; ID.IM-02; ID.IM-03,"N23-R03 (SP 800-171 Rev. 2 3.14.6, 3.14.7)",Corporate PDPP and CPE
SI-5,"Security Alerts, Advisories, and Directives",Moderate,Implemented,System-specific,,Security Manager,The security team receives CISA advisories and vendor bulletins and opens tickets for relevant items.,Advisory log,ID.RA-01; ID.RA-02; ID.RA-03,N23-R03 (SP 800-171 Rev. 2 3.14.3),Corporate PDPP and CPE
SI-7,"Software, Firmware, and Information Integrity",Moderate,Partially implemented,System-specific,,Controller,Integrity checks on payment data: positive pay; daily vendor-master change report reviewed by the Controller. Gap: the report is not reviewed on days the Controller is out.,Change reports,ID.RA-09; PR.DS-01; PR.DS-02; PR.DS-10,Company risk (P01 R-002),Corporate PDPP (FCI scope)
SR-2,Supply Chain Risk Management Plan,Moderate,Partially implemented,System-specific,,Director of Contracts and Compliance,A supply chain risk management plan covers Section 889 screening. Gap: it does not cover CUI subcontractors or SaaS concentration.,SCRM plan 2025,GV.RM-01; GV.RM-03; GV.RM-04; GV.SC-01,N23-R03 (DFARS 252.204-7012(b)(2) via SP 800-171 Rev. 2 program requirement),Corporate PDPP and CPE
SR-3,Supply Chain Controls and Processes,Moderate,Partially implemented,System-specific,,Director of Technology and Security Systems,Submittal screening rejects covered manufacturers on federal jobs. Gap: rented jobsite equipment and private-label products are not screened (P07 FC-2 finding).,Submittal logs,GV.OC-02; GV.SC-01; GV.SC-02; GV.SC-03,N23-R02 (52.204-25(b)),Corporate PDPP and CPE
SR-5,"Acquisition Strategies, Tools, and Methods",Moderate,Partially implemented,System-specific,,Director of Technology and Security Systems,An approved-manufacturer list applies to federal installations. Gap: no OEM confirmation for private-label cameras and recorders.,Approved list,GV.OC-02; GV.OC-05; GV.SC-02; GV.SC-05,N23-R02 (52.204-25(b)),Corporate PDPP and CPE
SR-6,Supplier Assessments and Reviews,Moderate,Partially implemented,System-specific,,Security Manager,Critical SaaS vendors are reviewed through SOC 2 reports. Gap: CUI subcontractors are not assessed.,Review records,GV.OC-02; GV.OV-01; GV.OV-02; GV.OV-03,N23-R03 (SP 800-171 Rev. 2 3.11.1),Corporate PDPP and CPE
