policy_id,statement_id,statement_summary,sp800_53_controls,csf2_subcategories,regulatory_driver,assessed_in_P07
POL-01,4.1,Maintain a documented security program,PM-1,GV.PO-01,N44-45-R01 (Req 12.1),No
POL-01,4.2,Owner designated security and privacy lead and PCI DSS contact in writing,PM-2,GV.RR-02,N44-45-R01 (Req 12.1),No
POL-01,4.3,"Annual risk assessment using SP 800-30, before each SAQ and after major change",RA-3; PM-9,ID.RA-01,N44-45-R01 (Req 12.3),No
POL-01,4.4,Risk decision rules; High risks and exposed card data never accepted as they are,PM-9,GV.RM-01,N44-45-R02 (45(n)),No
POL-01,4.5,Annual control check and SAQs with evidence; outside review every second year,CA-2,ID.IM-02,N44-45-R01 (Req 11.1),No
POL-01,4.6,Annual policy review,PL-1,GV.PO-02,N44-45-R01 (Req 12.1),No
POL-01,4.7,One-page PCI scope note confirmed every year,PL-2; CM-8,ID.AM-01,N44-45-R01 (Req 12.5),No
POL-01,5.1,Sanctions for helpers and any future employee,PS-8,GV.RR-04,N44-45-R01 (Req 12.1),No
POL-01,5.4,"Written, time-limited exceptions",PL-1,GV.PO-02,N44-45-R01 (Req 12.1),No
POL-01,6.1,Card data only with providers that show current PCI DSS compliance,SA-9,GV.SC-05,N44-45-R01 (Req 12.8),Yes
POL-01,6.2,Provider list with data handled and PCI DSS responsibilities,SA-9,GV.SC-05,N44-45-R01 (Req 12.8),Yes
POL-01,6.3,Annual check of the processor AOC and website builder SOC 2 report,SA-9,GV.SC-07,N44-45-R01 (Req 12.8),Yes
POL-01,6.4,"Owner-started, watched remote support; unattended access off",AC-17,PR.AA-05,N44-45-R02 (45(n)),No
POL-01,6.5,No customer data to any service whose terms allow reuse or training,SA-9; PT-5,GV.SC-05,N44-45-R02 (45(a)(1); 45(n)),Yes
POL-01,7.1,Own accounts; separate cashier-level POS user; no shared credentials,IA-2; AC-2,PR.AA-01,N44-45-R01 (Req 7.2; 8.2),No
POL-01,7.2,MFA on every service that offers it,IA-2(1),PR.AA-03,N44-45-R01 (Req 8.4),Yes
POL-01,7.3,Unique 14-character passphrases; vendor defaults changed before first use,IA-5; CM-6,PR.AA-01,N44-45-R01 (Req 2.2; 8.3),Yes
POL-01,7.4,Quarterly review of users and add-ons,AC-2,PR.AA-05,N44-45-R01 (Req 7.2; 8.6),No
POL-01,7.5,Device lock (laptop 5 minutes; tablet 2; phone 1),AC-11,PR.AA-05,N44-45-R02 (45(n)),No
POL-01,7.6,Sealed emergency access codes,AC-2; CP-2,PR.AA-05,N44-45-R01 (Req 12.10),No
POL-01,7.7,Change log for store and router settings; no code on checkout; monthly activity check,CM-3; AU-6,DE.AE-02,N44-45-R01 (Req 6.5); N44-45-R02 (45(n)),Yes
POL-01,7.8,Terminal recorded and inspected daily; call-back before service; no camera on keypad,CM-8; PE-3,ID.AM-01,N44-45-R01 (Req 9.5),Yes
POL-01,7.9,Guest Wi-Fi for customers; terminal on a separated network,SC-7; AC-18,PR.IR-01,N44-45-R01 (Req 1.3; 2.3),Yes
POL-01,8.1,Three-level data classification,RA-2,ID.AM-07,N44-45-R01 (Req 3.1),No
POL-01,8.2,Restricted data only in approved places; customer exports deleted within 30 days,SI-12; SA-9,PR.DS-01,N44-45-R02 (45(n)); Fla. Stat. 501.171(2),No
POL-01,8.3,Card data never written down; security code never stored,MP-4,PR.DS-01,N44-45-R01 (Req 3.2; 3.3),Yes
POL-01,8.4,"No card numbers by email, text, or chat",SC-8,PR.DS-02,N44-45-R01 (Req 4.2),No
POL-01,8.5,Full-disk encryption on every device,SC-28,PR.DS-01,N44-45-R02 (45(n)); Fla. Stat. 501.171(2),No
POL-01,8.6,Cross-cut shredding; device wipe or certified destruction,MP-6,ID.AM-08,N44-45-R01 (Req 9.4); Fla. Stat. 501.171(8),Yes
POL-01,8.7,Business files in a plan with version history,CP-9,PR.DS-11,N44-45-R02 (45(n)),No
POL-01,8.8,Five-year retention of security records,SI-12,ID.AM-08,N44-45-R01 (Req 12.1),No
POL-01,8.9,Privacy notice and security statements match practice,PT-5,GV.OC-03,N44-45-R02 (45(a)(1)),No
POL-01,9.1,Separate standard accounts for family and daily work,PL-4,PR.AA-05,N44-45-R01 (Req 12.2),No
POL-01,9.3,Automatic updates and antivirus stay on,SI-2; SI-3,PR.PS-02,N44-45-R01 (Req 5.2; 6.3),No
POL-01,9.4,Firewall on; no store admin on public Wi-Fi,SC-7,PR.IR-01,N44-45-R01 (Req 1.5),No
POL-01,9.5,No Restricted data in AI tools; owner reviews every AI output; P10 price rules,PL-4; SA-9,GV.PO-01,N44-45-R02 (45(a)(1); 45(n)),No
POL-01,9.6,Annual training; terminal and scam basics for the family member,AT-2,PR.AT-01,N44-45-R01 (Req 12.6),No
POL-01,9.7,Reference check and policy acknowledgment for new helpers,PS-3,GV.RR-04,N44-45-R01 (Req 12.7),No
POL-01,9.8,Price and offer claims truthful and substantiated,PT-5,GV.OC-03,N44-45-R02 (45(a)(1)),No
POL-01,10.1,Incident runbook with printed contacts,IR-8,RS.MA-01,N44-45-R01 (Req 12.10),No
POL-01,10.2,Same-day incident log with the time noticed,IR-5; IR-6,RS.MA-02,N44-45-R01 (Req 12.10),No
POL-01,10.3,Processor notified within 24 hours of suspected card compromise,IR-6,RS.CO-02,N44-45-R01 (Req 12.10),No
POL-01,10.4,Meet notification deadlines in the P08 matrix,IR-6,RS.CO-02,Fla. Stat. 501.171(3)-(6),No
POL-01,10.5,Keep evidence; no extortion payment without counsel and an OFAC check,IR-4,RS.MA-01,N44-45-R01 (Req 12.10),No
POL-01,11.2,Cash-only selling during outages; never write card numbers,CP-2,RC.RP-01,N44-45-R01 (Req 3.3),No
POL-01,11.3,Hurricane steps; no emergency price increases,CP-2,RC.RP-01,Fla. Stat. 501.160,No
