control_id,objective_id,determination_statement_summary,method,assessment_object,evidence_ref,finding,finding_detail,risk_level,poam_id
AC-2,AC-02a.[01],account types allowed for use within the system are defined and documented;,Examine; Interview; Test,"Suite, records app, accounting, cold-chain dashboard, labeling PC, and smokehouse portal user lists; staff roster; March 2026 leaver record; Office Manager and MSP lead technician interviews",EV-AC-2,Other than satisfied,"Account types (named user, administrator, vendor, shared) are not documented",Moderate,POAM-001
AC-2,AC-02a.[02],account types specifically prohibited for use within the system are defined and documented;,Examine; Interview; Test,"Suite, records app, accounting, cold-chain dashboard, labeling PC, and smokehouse portal user lists; staff roster; March 2026 leaver record; Office Manager and MSP lead technician interviews",EV-AC-2,Other than satisfied,Shared accounts are not prohibited in any approved document at fieldwork (POL-02 B.1 was a draft) and five are in use,Moderate,POAM-001
AC-2,AC-02b.,account managers are assigned;,Examine; Interview; Test,"Suite, records app, accounting, cold-chain dashboard, labeling PC, and smokehouse portal user lists; staff roster; March 2026 leaver record; Office Manager and MSP lead technician interviews",EV-AC-2,Satisfied,"Office Manager manages accounting, records app, and dashboard accounts; MSP manages suite and PC accounts (interviews; MSP contract)",,
AC-2,AC-02c.,[organization-defined value] for group and role membership are required;,Examine; Interview; Test,"Suite, records app, accounting, cold-chain dashboard, labeling PC, and smokehouse portal user lists; staff roster; March 2026 leaver record; Office Manager and MSP lead technician interviews",EV-AC-2,Other than satisfied,The records app has one shared floor role; no conditions for role membership,Moderate,POAM-001
AC-2,AC-02d.01,authorized users of the system are specified;,Examine; Interview; Test,"Suite, records app, accounting, cold-chain dashboard, labeling PC, and smokehouse portal user lists; staff roster; March 2026 leaver record; Office Manager and MSP lead technician interviews",EV-AC-2,Satisfied,Staff roster lists the 7 authorized users,,
AC-2,AC-02d.02,group and role membership are specified;,Examine; Interview; Test,"Suite, records app, accounting, cold-chain dashboard, labeling PC, and smokehouse portal user lists; staff roster; March 2026 leaver record; Office Manager and MSP lead technician interviews",EV-AC-2,Other than satisfied,"Group and role membership not specified for floor users, who share one login",Moderate,POAM-001
AC-2,AC-02d.03[01],"access authorizations (i.e., privileges) are specified for each account;",Examine; Interview; Test,"Suite, records app, accounting, cold-chain dashboard, labeling PC, and smokehouse portal user lists; staff roster; March 2026 leaver record; Office Manager and MSP lead technician interviews",EV-AC-2,Other than satisfied,Privileges not specified per account; the shared labeling PC login is a local administrator,Moderate,POAM-001
AC-2,AC-02d.03[02],[organization-defined value] are specified for each account;,Examine; Interview; Test,"Suite, records app, accounting, cold-chain dashboard, labeling PC, and smokehouse portal user lists; staff roster; March 2026 leaver record; Office Manager and MSP lead technician interviews",EV-AC-2,Other than satisfied,No account attributes specified,Moderate,POAM-001
AC-2,AC-02e.,approvals are required by [organization-defined value] for requests to create accounts;,Examine; Interview; Test,"Suite, records app, accounting, cold-chain dashboard, labeling PC, and smokehouse portal user lists; staff roster; March 2026 leaver record; Office Manager and MSP lead technician interviews",EV-AC-2,Other than satisfied,No written approval for new accounts; the delivery driver was given the shared dashboard login by text message,Moderate,POAM-001
AC-2,AC-02f.[01],accounts are created in accordance with [organization-defined value];,Examine; Interview; Test,"Suite, records app, accounting, cold-chain dashboard, labeling PC, and smokehouse portal user lists; staff roster; March 2026 leaver record; Office Manager and MSP lead technician interviews",EV-AC-2,Other than satisfied,No defined procedure for creating accounts,Moderate,POAM-001
AC-2,AC-02f.[02],accounts are enabled in accordance with [organization-defined value];,Examine; Interview; Test,"Suite, records app, accounting, cold-chain dashboard, labeling PC, and smokehouse portal user lists; staff roster; March 2026 leaver record; Office Manager and MSP lead technician interviews",EV-AC-2,Other than satisfied,No defined procedure for enabling accounts,Moderate,POAM-001
AC-2,AC-02f.[03],accounts are modified in accordance with [organization-defined value];,Examine; Interview; Test,"Suite, records app, accounting, cold-chain dashboard, labeling PC, and smokehouse portal user lists; staff roster; March 2026 leaver record; Office Manager and MSP lead technician interviews",EV-AC-2,Other than satisfied,No defined procedure for modifying accounts,Moderate,POAM-001
AC-2,AC-02f.[04],accounts are disabled in accordance with [organization-defined value];,Examine; Interview; Test,"Suite, records app, accounting, cold-chain dashboard, labeling PC, and smokehouse portal user lists; staff roster; March 2026 leaver record; Office Manager and MSP lead technician interviews",EV-AC-2,Other than satisfied,"The March 2026 leaver's suite account was disabled the same day, but shared passwords and the smokehouse PIN he knew were unchanged until 2026-08-12",Moderate,POAM-001
AC-2,AC-02f.[05],accounts are removed in accordance with [organization-defined value];,Examine; Interview; Test,"Suite, records app, accounting, cold-chain dashboard, labeling PC, and smokehouse portal user lists; staff roster; March 2026 leaver record; Office Manager and MSP lead technician interviews",EV-AC-2,Other than satisfied,No defined procedure for removing accounts; a former worker's dashboard login still existed (removed 2026-08-12),Moderate,POAM-001
AC-2,AC-02g.,the use of accounts is monitored;,Examine; Interview; Test,"Suite, records app, accounting, cold-chain dashboard, labeling PC, and smokehouse portal user lists; staff roster; March 2026 leaver record; Office Manager and MSP lead technician interviews",EV-AC-2,Other than satisfied,Account use is not monitored; suite sign-in alerts are not read,Moderate,POAM-001
AC-2,AC-02h.01,account managers and [organization-defined value] are notified within [organization-defined value] when accounts are no longer required;,Examine; Interview; Test,"Suite, records app, accounting, cold-chain dashboard, labeling PC, and smokehouse portal user lists; staff roster; March 2026 leaver record; Office Manager and MSP lead technician interviews",EV-AC-2,Other than satisfied,No rule for notifying account managers when an account is no longer needed,Moderate,POAM-001
AC-2,AC-02h.02,account managers and [organization-defined value] are notified within [organization-defined value] when users are terminated or transferred;,Examine; Interview; Test,"Suite, records app, accounting, cold-chain dashboard, labeling PC, and smokehouse portal user lists; staff roster; March 2026 leaver record; Office Manager and MSP lead technician interviews",EV-AC-2,Satisfied,"The Office Manager handles departures and is the account manager, so she learns of every termination the same day (March 2026 record)",,
AC-2,AC-02h.03,account managers and [organization-defined value] are notified within [organization-defined value] when system usage or the need to know changes for an individual;,Examine; Interview; Test,"Suite, records app, accounting, cold-chain dashboard, labeling PC, and smokehouse portal user lists; staff roster; March 2026 leaver record; Office Manager and MSP lead technician interviews",EV-AC-2,Other than satisfied,No notification when a person's duties change,Moderate,POAM-001
AC-2,AC-02i.01,access to the system is authorized based on a valid access authorization;,Examine; Interview; Test,"Suite, records app, accounting, cold-chain dashboard, labeling PC, and smokehouse portal user lists; staff roster; March 2026 leaver record; Office Manager and MSP lead technician interviews",EV-AC-2,Other than satisfied,Access to the smokehouse portal is granted to unnamed manufacturer technicians without a valid authorization on file,Moderate,POAM-001
AC-2,AC-02i.02,access to the system is authorized based on intended system usage;,Examine; Interview; Test,"Suite, records app, accounting, cold-chain dashboard, labeling PC, and smokehouse portal user lists; staff roster; March 2026 leaver record; Office Manager and MSP lead technician interviews",EV-AC-2,Satisfied,"Office users' suite, accounting, and payroll access matches their duties (roster comparison)",,
AC-2,AC-02i.03,access to the system is authorized based on [organization-defined value];,Examine; Interview; Test,"Suite, records app, accounting, cold-chain dashboard, labeling PC, and smokehouse portal user lists; staff roster; March 2026 leaver record; Office Manager and MSP lead technician interviews",EV-AC-2,Other than satisfied,No other access conditions defined,Moderate,POAM-001
AC-2,AC-02j.,accounts are reviewed for compliance with account management requirements [organization-defined value];,Examine; Interview; Test,"Suite, records app, accounting, cold-chain dashboard, labeling PC, and smokehouse portal user lists; staff roster; March 2026 leaver record; Office Manager and MSP lead technician interviews",EV-AC-2,Other than satisfied,Accounts are never reviewed,Moderate,POAM-001
AC-2,AC-02k.[01],a process is established for changing shared or group account authenticators (if deployed) when individuals are removed from the group;,Examine; Interview; Test,"Suite, records app, accounting, cold-chain dashboard, labeling PC, and smokehouse portal user lists; staff roster; March 2026 leaver record; Office Manager and MSP lead technician interviews",EV-AC-2,Other than satisfied,No process for changing shared passwords when someone leaves,Moderate,POAM-001
AC-2,AC-02k.[02],a process is implemented for changing shared or group account authenticators (if deployed) when individuals are removed from the group;,Examine; Interview; Test,"Suite, records app, accounting, cold-chain dashboard, labeling PC, and smokehouse portal user lists; staff roster; March 2026 leaver record; Office Manager and MSP lead technician interviews",EV-AC-2,Other than satisfied,Not implemented: shared passwords unchanged for 5 months after the March 2026 departure,Moderate,POAM-001
AC-2,AC-02l.[01],account management processes are aligned with personnel termination processes;,Examine; Interview; Test,"Suite, records app, accounting, cold-chain dashboard, labeling PC, and smokehouse portal user lists; staff roster; March 2026 leaver record; Office Manager and MSP lead technician interviews",EV-AC-2,Other than satisfied,Account removal is not tied to a leaver checklist,Moderate,POAM-001
AC-2,AC-02l.[02],account management processes are aligned with personnel transfer processes.,Examine; Interview; Test,"Suite, records app, accounting, cold-chain dashboard, labeling PC, and smokehouse portal user lists; staff roster; March 2026 leaver record; Office Manager and MSP lead technician interviews",EV-AC-2,Satisfied,The one 2025 role change (production worker to delivery driver) had accounting access added the same day by the Office Manager,,
AC-17,AC-17a.[01],usage restrictions are established and documented for each type of remote access allowed;,Examine; Interview; Test,Smokehouse portal account page and connection status; remote desktop tool settings on the labeling PC; MSP remote management technician list; Maintenance and Sanitation Technician interview,EV-AC-17,Other than satisfied,No usage restrictions for any remote access type,High,POAM-002
AC-17,AC-17a.[02],configuration/connection requirements are established and documented for each type of remote access allowed;,Examine; Interview; Test,Smokehouse portal account page and connection status; remote desktop tool settings on the labeling PC; MSP remote management technician list; Maintenance and Sanitation Technician interview,EV-AC-17,Other than satisfied,No connection requirements: the smokehouse module was always on and the remote desktop tool accepted unattended sessions with a static password,High,POAM-002
AC-17,AC-17a.[03],implementation guidance is established and documented for each type of remote access allowed;,Examine; Interview; Test,Smokehouse portal account page and connection status; remote desktop tool settings on the labeling PC; MSP remote management technician list; Maintenance and Sanitation Technician interview,EV-AC-17,Other than satisfied,No implementation guidance for staff or vendors,High,POAM-002
AC-17,AC-17b.,each type of remote access to the system is authorized prior to allowing such connections.,Examine; Interview; Test,Smokehouse portal account page and connection status; remote desktop tool settings on the labeling PC; MSP remote management technician list; Maintenance and Sanitation Technician interview,EV-AC-17,Other than satisfied,Connections were not authorized before use; the portal log showed 6 manufacturer sessions in July 2026 that nobody at the plant requested or knew about. Both paths set to supervised on-request sessions on 2026-08-12,High,POAM-002
IA-2,IA-02[01],organizational users are uniquely identified and authenticated;,Examine; Test,Records app user list; labeling PC local accounts; smokehouse controller user settings; 15 lots of CCP records,EV-IA-2,Other than satisfied,Floor users share the records app login and the labeling PC login; the smokehouse uses one operator PIN,Moderate,POAM-003
IA-2,IA-02[02],the unique identification of authenticated organizational users is associated with processes acting on behalf of those users.,Examine; Test,Records app user list; labeling PC local accounts; smokehouse controller user settings; 15 lots of CCP records,EV-IA-2,Other than satisfied,"CCP entries, label template edits, and cycle changes cannot be tied to a person; typed initials only",Moderate,POAM-003
IA-2(1),IA-02(01),multi-factor authentication is implemented for access to privileged accounts.,Test,"Sign-in attempts to the firewall management page, backup console, records app administrator, and smokehouse portal without a second factor, with the MSP lead technician present",EV-IA-2(1),Other than satisfied,All four privileged logins accepted a password alone; MFA works on the named suite mailboxes and the accounting service,Moderate,POAM-004
AT-2,AT-02a.01[01],"security literacy training is provided to system users (including managers, senior executives, and contractors) as part of initial training for new users;",Examine; Interview,Training records (none); interviews with 5 of 7 employees; MSP contract,EV-AT-2,Other than satisfied,No security awareness training of any kind exists,Moderate,POAM-005
AT-2,AT-02a.01[02],"privacy literacy training is provided to system users (including managers, senior executives, and contractors) as part of initial training for new users;",Examine; Interview,Training records (none); interviews with 5 of 7 employees; MSP contract,EV-AT-2,Other than satisfied,No security awareness training of any kind exists,Moderate,POAM-005
AT-2,AT-02a.01[03],"security literacy training is provided to system users (including managers, senior executives, and contractors) [organization-defined value] thereafter;",Examine; Interview,Training records (none); interviews with 5 of 7 employees; MSP contract,EV-AT-2,Other than satisfied,No security awareness training of any kind exists,Moderate,POAM-005
AT-2,AT-02a.01[04],"privacy literacy training is provided to system users (including managers, senior executives, and contractors) [organization-defined value] thereafter;",Examine; Interview,Training records (none); interviews with 5 of 7 employees; MSP contract,EV-AT-2,Other than satisfied,No security awareness training of any kind exists,Moderate,POAM-005
AT-2,AT-02a.02[01],"security literacy training is provided to system users (including managers, senior executives, and contractors) when required by system changes or following [organization-defined value];",Examine; Interview,Training records (none); interviews with 5 of 7 employees; MSP contract,EV-AT-2,Other than satisfied,No security awareness training of any kind exists,Moderate,POAM-005
AT-2,AT-02a.02[02],"privacy literacy training is provided to system users (including managers, senior executives, and contractors) when required by system changes or following [organization-defined value];",Examine; Interview,Training records (none); interviews with 5 of 7 employees; MSP contract,EV-AT-2,Other than satisfied,No security awareness training of any kind exists,Moderate,POAM-005
AT-2,AT-02b.,[organization-defined value] are employed to increase the security and privacy awareness of system users;,Examine; Interview,Training records (none); interviews with 5 of 7 employees; MSP contract,EV-AT-2,Other than satisfied,No security awareness training of any kind exists,Moderate,POAM-005
AT-2,AT-02c.[01],literacy training and awareness content is updated [organization-defined value];,Examine; Interview,Training records (none); interviews with 5 of 7 employees; MSP contract,EV-AT-2,Other than satisfied,No security awareness training of any kind exists,Moderate,POAM-005
AT-2,AT-02c.[02],literacy training and awareness content is updated following [organization-defined value];,Examine; Interview,Training records (none); interviews with 5 of 7 employees; MSP contract,EV-AT-2,Other than satisfied,No security awareness training of any kind exists,Moderate,POAM-005
AT-2,AT-02d.,lessons learned from internal or external security incidents or breaches are incorporated into literacy training and awareness techniques.,Examine; Interview,Training records (none); interviews with 5 of 7 employees; MSP contract,EV-AT-2,Other than satisfied,No lessons learned are fed into training; the 2025 invoice fraud attempt was never shared with staff,Moderate,POAM-005
AU-9,AU-09a.,"audit information and audit logging tools are protected from unauthorized access, modification, and deletion;",Examine; Test,Records app administrator settings and edit history; cook-log export folder on the labeling PC; smokehouse controller log settings,EV-AU-9,Other than satisfied,The shared vendor default administrator can delete records app entries; cook-log exports are editable spreadsheets (a test edit on a copy was not detected); the controller log can be cleared from its web interface,High,POAM-006
AU-9,AU-09b.,"[organization-defined value] are alerted upon detection of unauthorized access, modification, or deletion of audit information.",Examine; Test,Records app administrator settings and edit history; cook-log export folder on the labeling PC; smokehouse controller log settings,EV-AU-9,Other than satisfied,Nobody is alerted to deletion or change of records or logs,High,POAM-006
CM-8,CM-08a.01,an inventory of system components that accurately reflects the system is developed and documented;,Examine; Test,MSP device list; walkthrough 2026-07-22; network scan by the assessor on 2026-08-11,EV-CM-8,Other than satisfied,"The only inventory is the MSP's list of 3 Windows PCs; the network scan found 17 devices, including the smokehouse controller, packager PLC, stuffer HMI, AI camera, and cold-chain gateway",Moderate,POAM-007
CM-8,CM-08a.02,an inventory of system components that includes all components within the system is developed and documented;,Examine; Test,MSP device list; walkthrough 2026-07-22; network scan by the assessor on 2026-08-11,EV-CM-8,Other than satisfied,"Machine controllers, tablets, phones, the gateway, and SaaS services are missing",Moderate,POAM-007
CM-8,CM-08a.03,an inventory of system components that does not include duplicate accounting of components or components assigned to any other system is developed and documented;,Examine; Test,MSP device list; walkthrough 2026-07-22; network scan by the assessor on 2026-08-11,EV-CM-8,Satisfied,The MSP list has no duplicate entries and no components from other systems,,
CM-8,CM-08a.04,an inventory of system components that is at the level of granularity deemed necessary for tracking and reporting is developed and documented;,Examine; Test,MSP device list; walkthrough 2026-07-22; network scan by the assessor on 2026-08-11,EV-CM-8,Other than satisfied,"No firmware versions, owners, or network connections recorded",Moderate,POAM-007
CM-8,CM-08a.05,an inventory of system components that includes [organization-defined value] is developed and documented;,Examine; Test,MSP device list; walkthrough 2026-07-22; network scan by the assessor on 2026-08-11,EV-CM-8,Other than satisfied,No organization-defined inventory content,Moderate,POAM-007
CM-8,CM-08b.,the system component inventory is reviewed and updated [organization-defined value].,Examine; Test,MSP device list; walkthrough 2026-07-22; network scan by the assessor on 2026-08-11,EV-CM-8,Other than satisfied,Never reviewed or updated,Moderate,POAM-007
CP-2,CP-02a.01,a contingency plan for the system is developed that identifies essential mission and business functions and associated contingency requirements;,Examine; Interview,"Request for a contingency plan (none exists); draft BIA (P05); interviews with the owner, Production Supervisor, and Maintenance and Sanitation Technician",EV-CP-2,Other than satisfied,No contingency plan; essential functions identified only in the draft BIA (P05),High,POAM-008
CP-2,CP-02a.02[01],a contingency plan for the system is developed that provides recovery objectives;,Examine; Interview,"Request for a contingency plan (none exists); draft BIA (P05); interviews with the owner, Production Supervisor, and Maintenance and Sanitation Technician",EV-CP-2,Other than satisfied,"Recovery objectives exist only in the draft BIA, not in a plan",High,POAM-008
CP-2,CP-02a.02[02],a contingency plan for the system is developed that provides restoration priorities;,Examine; Interview,"Request for a contingency plan (none exists); draft BIA (P05); interviews with the owner, Production Supervisor, and Maintenance and Sanitation Technician",EV-CP-2,Other than satisfied,No contingency plan exists; paper fallbacks are informal and unwritten,High,POAM-008
CP-2,CP-02a.02[03],a contingency plan for the system is developed that provides metrics;,Examine; Interview,"Request for a contingency plan (none exists); draft BIA (P05); interviews with the owner, Production Supervisor, and Maintenance and Sanitation Technician",EV-CP-2,Other than satisfied,No contingency plan exists; paper fallbacks are informal and unwritten,High,POAM-008
CP-2,CP-02a.03[01],a contingency plan for the system is developed that addresses contingency roles;,Examine; Interview,"Request for a contingency plan (none exists); draft BIA (P05); interviews with the owner, Production Supervisor, and Maintenance and Sanitation Technician",EV-CP-2,Other than satisfied,No contingency plan exists; paper fallbacks are informal and unwritten,High,POAM-008
CP-2,CP-02a.03[02],a contingency plan for the system is developed that addresses contingency responsibilities;,Examine; Interview,"Request for a contingency plan (none exists); draft BIA (P05); interviews with the owner, Production Supervisor, and Maintenance and Sanitation Technician",EV-CP-2,Other than satisfied,No contingency plan exists; paper fallbacks are informal and unwritten,High,POAM-008
CP-2,CP-02a.03[03],a contingency plan for the system is developed that addresses assigned individuals with contact information;,Examine; Interview,"Request for a contingency plan (none exists); draft BIA (P05); interviews with the owner, Production Supervisor, and Maintenance and Sanitation Technician",EV-CP-2,Other than satisfied,No contingency plan exists; paper fallbacks are informal and unwritten,High,POAM-008
CP-2,CP-02a.04,"a contingency plan for the system is developed that addresses maintaining essential mission and business functions despite a system disruption, compromise, or failure;",Examine; Interview,"Request for a contingency plan (none exists); draft BIA (P05); interviews with the owner, Production Supervisor, and Maintenance and Sanitation Technician",EV-CP-2,Other than satisfied,No written way to keep cooling monitored and CCPs recorded during an outage; staff described a manual log but none had been done in 2026,High,POAM-008
CP-2,CP-02a.05,"a contingency plan for the system is developed that addresses eventual, full-system restoration without deterioration of the controls originally planned and implemented;",Examine; Interview,"Request for a contingency plan (none exists); draft BIA (P05); interviews with the owner, Production Supervisor, and Maintenance and Sanitation Technician",EV-CP-2,Other than satisfied,No contingency plan exists; paper fallbacks are informal and unwritten,High,POAM-008
CP-2,CP-02a.06,a contingency plan for the system is developed that addresses the sharing of contingency information;,Examine; Interview,"Request for a contingency plan (none exists); draft BIA (P05); interviews with the owner, Production Supervisor, and Maintenance and Sanitation Technician",EV-CP-2,Other than satisfied,No contingency plan exists; paper fallbacks are informal and unwritten,High,POAM-008
CP-2,CP-02a.07[01],a contingency plan for the system is developed that is reviewed by [organization-defined value];,Examine; Interview,"Request for a contingency plan (none exists); draft BIA (P05); interviews with the owner, Production Supervisor, and Maintenance and Sanitation Technician",EV-CP-2,Other than satisfied,No contingency plan exists; paper fallbacks are informal and unwritten,High,POAM-008
CP-2,CP-02a.07[02],a contingency plan for the system is developed that is approved by [organization-defined value];,Examine; Interview,"Request for a contingency plan (none exists); draft BIA (P05); interviews with the owner, Production Supervisor, and Maintenance and Sanitation Technician",EV-CP-2,Other than satisfied,No contingency plan exists; paper fallbacks are informal and unwritten,High,POAM-008
CP-2,CP-02b.[01],copies of the contingency plan are distributed to [organization-defined value];,Examine; Interview,"Request for a contingency plan (none exists); draft BIA (P05); interviews with the owner, Production Supervisor, and Maintenance and Sanitation Technician",EV-CP-2,Other than satisfied,No contingency plan exists; paper fallbacks are informal and unwritten,High,POAM-008
CP-2,CP-02b.[02],copies of the contingency plan are distributed to [organization-defined value];,Examine; Interview,"Request for a contingency plan (none exists); draft BIA (P05); interviews with the owner, Production Supervisor, and Maintenance and Sanitation Technician",EV-CP-2,Other than satisfied,No contingency plan exists; paper fallbacks are informal and unwritten,High,POAM-008
CP-2,CP-02c.,contingency planning activities are coordinated with incident handling activities;,Examine; Interview,"Request for a contingency plan (none exists); draft BIA (P05); interviews with the owner, Production Supervisor, and Maintenance and Sanitation Technician",EV-CP-2,Other than satisfied,No contingency plan exists; paper fallbacks are informal and unwritten,High,POAM-008
CP-2,CP-02d.,the contingency plan for the system is reviewed [organization-defined value];,Examine; Interview,"Request for a contingency plan (none exists); draft BIA (P05); interviews with the owner, Production Supervisor, and Maintenance and Sanitation Technician",EV-CP-2,Other than satisfied,No contingency plan exists; paper fallbacks are informal and unwritten,High,POAM-008
CP-2,CP-02e.[01],"the contingency plan is updated to address changes to the organization, system, or environment of operation;",Examine; Interview,"Request for a contingency plan (none exists); draft BIA (P05); interviews with the owner, Production Supervisor, and Maintenance and Sanitation Technician",EV-CP-2,Other than satisfied,No contingency plan exists; paper fallbacks are informal and unwritten,High,POAM-008
CP-2,CP-02e.[02],"the contingency plan is updated to address problems encountered during contingency plan implementation, execution, or testing;",Examine; Interview,"Request for a contingency plan (none exists); draft BIA (P05); interviews with the owner, Production Supervisor, and Maintenance and Sanitation Technician",EV-CP-2,Other than satisfied,No contingency plan exists; paper fallbacks are informal and unwritten,High,POAM-008
CP-2,CP-02f.[01],contingency plan changes are communicated to [organization-defined value];,Examine; Interview,"Request for a contingency plan (none exists); draft BIA (P05); interviews with the owner, Production Supervisor, and Maintenance and Sanitation Technician",EV-CP-2,Other than satisfied,No contingency plan exists; paper fallbacks are informal and unwritten,High,POAM-008
CP-2,CP-02f.[02],contingency plan changes are communicated to [organization-defined value];,Examine; Interview,"Request for a contingency plan (none exists); draft BIA (P05); interviews with the owner, Production Supervisor, and Maintenance and Sanitation Technician",EV-CP-2,Other than satisfied,No contingency plan exists; paper fallbacks are informal and unwritten,High,POAM-008
CP-2,CP-02g.[01],lessons learned from contingency plan testing or actual contingency activities are incorporated into contingency testing;,Examine; Interview,"Request for a contingency plan (none exists); draft BIA (P05); interviews with the owner, Production Supervisor, and Maintenance and Sanitation Technician",EV-CP-2,Other than satisfied,No contingency plan exists; paper fallbacks are informal and unwritten,High,POAM-008
CP-2,CP-02g.[02],lessons learned from contingency plan training or actual contingency activities are incorporated into contingency testing and training;,Examine; Interview,"Request for a contingency plan (none exists); draft BIA (P05); interviews with the owner, Production Supervisor, and Maintenance and Sanitation Technician",EV-CP-2,Other than satisfied,No contingency plan exists; paper fallbacks are informal and unwritten,High,POAM-008
CP-2,CP-02h.[01],the contingency plan is protected from unauthorized disclosure;,Examine; Interview,"Request for a contingency plan (none exists); draft BIA (P05); interviews with the owner, Production Supervisor, and Maintenance and Sanitation Technician",EV-CP-2,Other than satisfied,No contingency plan exists; paper fallbacks are informal and unwritten,High,POAM-008
CP-2,CP-02h.[02],the contingency plan is protected from unauthorized modification.,Examine; Interview,"Request for a contingency plan (none exists); draft BIA (P05); interviews with the owner, Production Supervisor, and Maintenance and Sanitation Technician",EV-CP-2,Other than satisfied,No contingency plan exists; paper fallbacks are informal and unwritten,High,POAM-008
CP-4,CP-04a.[01],the contingency plan for the system is tested [organization-defined value];,Examine; Interview,MSP confirmation that no restore test has been run; request for test records,EV-CP-4,Other than satisfied,No contingency plan or backup test has ever been run,High,POAM-009
CP-4,CP-04a.[02],[organization-defined value] are used to determine the effectiveness of the plan;,Examine; Interview,MSP confirmation that no restore test has been run; request for test records,EV-CP-4,Other than satisfied,No contingency plan or backup test has ever been run,High,POAM-009
CP-4,CP-04a.[03],[organization-defined value] are used to determine the readiness to execute the plan;,Examine; Interview,MSP confirmation that no restore test has been run; request for test records,EV-CP-4,Other than satisfied,No contingency plan or backup test has ever been run,High,POAM-009
CP-4,CP-04b.,the contingency plan test results are reviewed;,Examine; Interview,MSP confirmation that no restore test has been run; request for test records,EV-CP-4,Other than satisfied,No contingency plan or backup test has ever been run,High,POAM-009
CP-4,CP-04c.,"corrective actions are initiated, if needed.",Examine; Interview,MSP confirmation that no restore test has been run; request for test records,EV-CP-4,Other than satisfied,No contingency plan or backup test has ever been run,High,POAM-009
CP-9,CP-09a.,backups of user-level information contained in [organization-defined value] are conducted [organization-defined value];,Examine; Test,"Backup job report (July 2026); retention settings; backup console; smokehouse controller, stuffer HMI, and packager settings",EV-CP-9,Satisfied,"Nightly backups of the office desktop, labeling PC, and productivity suite completed on 30 of 31 nights in July 2026",,
CP-9,CP-09b.,backups of system-level information contained in the system are conducted [organization-defined value];,Examine; Test,"Backup job report (July 2026); retention settings; backup console; smokehouse controller, stuffer HMI, and packager settings",EV-CP-9,Other than satisfied,"System-level information for the machines (smokehouse cycles, stuffer HMI settings, packager recipes) is not backed up at all",High,POAM-010
CP-9,CP-09c.,"backups of system documentation, including security- and privacy-related documentation are conducted [organization-defined value];",Examine; Test,"Backup job report (July 2026); retention settings; backup console; smokehouse controller, stuffer HMI, and packager settings",EV-CP-9,Satisfied,"System documentation (HACCP plans, SSOPs, this assessment's draft SSP) is in the suite, which is backed up nightly",,
CP-9,CP-09d.[01],the confidentiality of backup information is protected;,Examine; Test,"Backup job report (July 2026); retention settings; backup console; smokehouse controller, stuffer HMI, and packager settings",EV-CP-9,Satisfied,Backup vendor encrypts stored copies (vendor documentation),,
CP-9,CP-09d.[02],the integrity of backup information is protected;,Examine; Test,"Backup job report (July 2026); retention settings; backup console; smokehouse controller, stuffer HMI, and packager settings",EV-CP-9,Other than satisfied,Backups are not immutable; one MSP administrator login without MFA can change or delete them,High,POAM-010
CP-9,CP-09d.[03],the availability of backup information is protected.,Examine; Test,"Backup job report (July 2026); retention settings; backup console; smokehouse controller, stuffer HMI, and packager settings",EV-CP-9,Other than satisfied,30-day versions only; never restore-tested; one login can delete everything,High,POAM-010
SA-9,SA-09a.[01],providers of external system services comply with organizational security requirements;,Examine; Interview,"MSP contract; smokehouse and packaging machine purchase terms; records app, cold-chain, and AI camera SaaS terms; Office Manager interview",EV-SA-9,Other than satisfied,No security requirements in any vendor contract,Moderate,POAM-011
SA-9,SA-09a.[02],providers of external system services comply with organizational privacy requirements;,Examine; Interview,"MSP contract; smokehouse and packaging machine purchase terms; records app, cold-chain, and AI camera SaaS terms; Office Manager interview",EV-SA-9,Other than satisfied,No privacy requirements for the payroll service or suite beyond standard terms,Moderate,POAM-011
SA-9,SA-09a.[03],providers of external system services employ [organization-defined value];,Examine; Interview,"MSP contract; smokehouse and packaging machine purchase terms; records app, cold-chain, and AI camera SaaS terms; Office Manager interview",EV-SA-9,Other than satisfied,No controls required of vendors that reach plant machines,Moderate,POAM-011
SA-9,SA-09b.[01],organizational oversight with regard to external system services are defined and documented;,Examine; Interview,"MSP contract; smokehouse and packaging machine purchase terms; records app, cold-chain, and AI camera SaaS terms; Office Manager interview",EV-SA-9,Other than satisfied,No defined oversight of the MSP or equipment vendors,Moderate,POAM-011
SA-9,SA-09b.[02],user roles and responsibilities with regard to external system services are defined and documented;,Examine; Interview,"MSP contract; smokehouse and packaging machine purchase terms; records app, cold-chain, and AI camera SaaS terms; Office Manager interview",EV-SA-9,Satisfied,"The MSP contract scope document defines MSP and customer responsibilities, including the exclusion of plant equipment",,
SA-9,SA-09c.,[organization-defined value] are employed to monitor control compliance by external service providers on an ongoing basis.,Examine; Interview,"MSP contract; smokehouse and packaging machine purchase terms; records app, cold-chain, and AI camera SaaS terms; Office Manager interview",EV-SA-9,Other than satisfied,"No monitoring of vendor compliance; no SOC 2 report had been reviewed at fieldwork (the cold-chain report was reviewed on 2026-08-20, see P09)",Moderate,POAM-011
SC-7,SC-07a.[01],communications at external managed interfaces to the system are monitored;,Examine; Test,Firewall rule export; network scan 2026-08-11; walkthrough,EV-SC-7,Other than satisfied,The firewall keeps 7 days of logs and nobody reviews them,High,POAM-012
SC-7,SC-07a.[02],communications at external managed interfaces to the system are controlled;,Examine; Test,Firewall rule export; network scan 2026-08-11; walkthrough,EV-SC-7,Other than satisfied,"Unsolicited inbound traffic is blocked, but any outbound connection is allowed, including vendor remote tools that open sessions back into the plant",High,POAM-012
SC-7,SC-07a.[03],communications at key internal managed interfaces within the system are monitored;,Examine; Test,Firewall rule export; network scan 2026-08-11; walkthrough,EV-SC-7,Other than satisfied,No internal interfaces exist to monitor,High,POAM-012
SC-7,SC-07a.[04],communications at key internal managed interfaces within the system are controlled;,Examine; Test,Firewall rule export; network scan 2026-08-11; walkthrough,EV-SC-7,Other than satisfied,"One flat network: from the office desktop the assessor reached the smokehouse controller web interface, the packager HMI, and the AI camera",High,POAM-012
SC-7,SC-07b.,subnetworks for publicly accessible system components are [organization-defined value] separated from internal organizational networks;,Examine; Test,Firewall rule export; network scan 2026-08-11; walkthrough,EV-SC-7,Satisfied,No publicly accessible components; guest Wi-Fi for retail customers is separated from the staff network (tested),,
SC-7,SC-07c.,external networks or systems are only connected to through managed interfaces consisting of boundary protection devices arranged in accordance with an organizational security and privacy architecture.,Examine; Test,Firewall rule export; network scan 2026-08-11; walkthrough,EV-SC-7,Satisfied,One internet connection through the managed firewall; no other external connections found inside the boundary (the card terminal uses the provider's cellular link and is outside it),,
SI-3,SI-03a.[01],[organization-defined value] malicious code protection mechanisms are implemented at system entry and exit points to detect malicious code;,Examine; Test,Antivirus console export; harmless industry-standard test file on the labeling PC; after-hours test alert at 18:30 on 2026-08-11,EV-SI-3,Satisfied,Antivirus on all 3 Windows PCs and email filtering in the suite; the stuffer HMI cannot run antivirus and is compensated by the planned plant network,,
SI-3,SI-03a.[02],[organization-defined value] malicious code protection mechanisms are implemented at system entry and exit points to eradicate malicious code;,Examine; Test,Antivirus console export; harmless industry-standard test file on the labeling PC; after-hours test alert at 18:30 on 2026-08-11,EV-SI-3,Satisfied,Test file quarantined within seconds on the labeling PC,,
SI-3,SI-03b.,malicious code protection mechanisms are updated automatically as new releases are available in accordance with organizational configuration management policy and procedures;,Examine; Test,Antivirus console export; harmless industry-standard test file on the labeling PC; after-hours test alert at 18:30 on 2026-08-11,EV-SI-3,Satisfied,Signatures update automatically (console export),,
SI-3,SI-03c.01[01],malicious code protection mechanisms are configured to perform periodic scans of the system [organization-defined value];,Examine; Test,Antivirus console export; harmless industry-standard test file on the labeling PC; after-hours test alert at 18:30 on 2026-08-11,EV-SI-3,Satisfied,Weekly full scans configured,,
SI-3,SI-03c.01[02],"malicious code protection mechanisms are configured to perform real-time scans of files from external sources at [organization-defined value] as the files are downloaded, opened, or executed in accordance with organizational po...",Examine; Test,Antivirus console export; harmless industry-standard test file on the labeling PC; after-hours test alert at 18:30 on 2026-08-11,EV-SI-3,Satisfied,Real-time scanning on,,
SI-3,SI-03c.02[01],malicious code protection mechanisms are configured to [organization-defined value] in response to malicious code detection;,Examine; Test,Antivirus console export; harmless industry-standard test file on the labeling PC; after-hours test alert at 18:30 on 2026-08-11,EV-SI-3,Satisfied,Quarantine action configured,,
SI-3,SI-03c.02[02],malicious code protection mechanisms are configured to send alerts to [organization-defined value] in response to malicious code detection;,Examine; Test,Antivirus console export; harmless industry-standard test file on the labeling PC; after-hours test alert at 18:30 on 2026-08-11,EV-SI-3,Other than satisfied,The 18:30 test alert was not seen until 08:10 the next day; the MSP watches alerts in business hours only,Moderate,POAM-013
SI-3,SI-03d.,the receipt of false positives during malicious code detection and eradication and the resulting potential impact on the availability of the system are addressed.,Examine; Test,Antivirus console export; harmless industry-standard test file on the labeling PC; after-hours test alert at 18:30 on 2026-08-11,EV-SI-3,Satisfied,"MSP reviews and releases false positives (two in July 2026, both handled)",,
