obligation,citation,trigger,deadline,notify,applies_at_this_tier,clock_starts,owner,runbook,source_url,verified
E-ISAC notice of a Reportable Cyber Security Incident (low impact),"NERC CIP-003-9 R2, Attachment 1 Section 4.2","A Cyber Security Incident that compromised or disrupted a low impact BES Cyber System at Substation N, E, L, or H (NERC Glossary definition of Reportable Cyber Security Incident)",CIP-003-9 sets no fixed time; it requires the determination and then notification unless prohibited by law. Company target: within 1 hour of the determination (POL-03 4.4),E-ISAC,Yes - low impact BES Cyber Systems at 4 substations (P03 G-024),"Determination that the incident is Reportable, approved by the CIP Senior Manager",NERC Compliance Manager,A,https://www.nerc.com/globalassets/standards/reliability-standards/cip/cip-003-9.pdf,true
CIP-008-6 R4 Reportable Cyber Security Incident notification,"NERC CIP-008-6, Requirement R4 (Part 4.2)",Reportable incident or attempt to compromise involving high or medium impact BES Cyber Systems or their EACMS,Within 1 hour after determination of a Reportable Cyber Security Incident; by end of next calendar day for an attempt to compromise; updates within 7 calendar days of new information,E-ISAC and CISA (NCCIC successor),No today - CIP-008-6 applies only to high and medium impact systems (P03 G-043). Would apply to the ADMS load-shedding module if it goes live as designed (G-007),Determination,NERC Compliance Manager,A (watch item),https://www.nerc.com/globalassets/standards/reliability-standards/cip/cip-008-6.pdf,true
DOE-417 Emergency Alert (cyber),Form DOE-417 criteria 2 and 3; Federal Energy Administration Act of 1974 sec. 13(b) (15 U.S.C. 772(b)); OMB 1901-0288,"Criterion 2: a Reportable Cyber Security Incident. Criterion 3: a cyber event that is not a Reportable Cyber Security Incident but causes interruptions of electrical system operations (for example, unauthorized SCADA commands that open feeders)","Within 1 hour of the incident (telephone notice to the DOE Operations Center is acceptable when operations are critical, followed by the written form)","DOE (DOE-417 online system; DOE Operations Center by phone as backup). The form lets the filer share it with NERC, the E-ISAC, and CISA","Yes - electric utility. File directly unless the Balancing Authority files for the company (written agreement due 2026-11-30, POAM-016)",The incident (not its discovery),Director of System Operations,A; B if ransomware reaches OT or interrupts operations,https://www.reginfo.gov/public/do/PRAViewICR?ref_nbr=202402-1901-002,true
DOE-417 Normal Report,Form DOE-417 criteria 11 and 12,"Criterion 11: a cyber event that could potentially impact electric power system adequacy or reliability. Criterion 12: loss of electric service to more than 50,000 customers for 1 hour or more (and no Emergency Alert criterion applies)",Within 6 hours of the incident,DOE (DOE-417 online system),"Yes - about 265,000 meters, so a wide outage can meet criterion 12",The incident,Director of System Operations,A; B,https://www.reginfo.gov/public/do/PRAViewICR?ref_nbr=202402-1901-002,true
DOE-417 update and final report,Form DOE-417 instructions (Update Report; Final Report),Significant new information after an Emergency Alert or Normal Report; every filed report,Update when significant information becomes available; final report (updated Schedule 1 and all of Schedule 2) within 72 hours of the incident unless an interim update has been provided,DOE,Yes,The incident,NERC Compliance Manager,A; B,https://www.reginfo.gov/public/do/PRAViewICR?ref_nbr=202402-1901-002,true
NERC EOP-004-4 event report,NERC EOP-004-4 R2 and Attachment 1 (Distribution Provider events),Damage or destruction of a company Facility from actual or suspected intentional human action; physical threat or suspicious device or activity at a Facility; uncontrolled loss of 200 MW or more of firm load for 15 minutes or more resulting from a BES Emergency,By the later of 24 hours after recognizing the event met a threshold or the end of the next business day (4 p.m. local time),NERC and the parties in the Operating Plan (Reliability Coordinator; law enforcement where relevant). A DOE-417 form may be used as the report,Yes - the DP is a listed entity. A cyber intrusion is reported only if it causes one of these outcomes,Recognition that a threshold was met,NERC Compliance Manager,A,https://www.nerc.com/globalassets/standards/reliability-standards/eop/eop-004-4.pdf,true
"Operational notice to the transmission owners, Balancing Authority, and Reliability Coordinator",Interconnection and operating agreements (contract); regional operating procedures,"Any event that affects protection at Substations N, E, L, or H, the 230 kV or 115 kV lines, or load served from the BES; any change to UFLS availability",Immediately by phone from the DCC,Transmission Owner A or B control center; BA; RC,"Yes - contractual and operational, not a cyber reporting rule",Recognition by the DCC,Shift supervisor,A,,n/a
Notice to Utility Services client utilities (contract),Utility Services client contracts (security incident clause),"A security incident that affects, or may affect, client customer data or client services in the CIS partitions, AMI client tenant, CIS export, or contact center",Within 48 hours of the company becoming aware (contract); keep each client updated at least daily,Each affected client utility duty officer and contract manager,Yes - 4 client utilities,Awareness of a security incident,Director of Utility Services,B; A if client AMI or outage calls are affected,,n/a
Third-party agent breach notice to client utilities (statute),Fla. Stat. 501.171(6)(a),Breach of security of a system the company maintains for a client utility (the company is the client's third-party agent),"As expeditiously as practicable, but no later than 10 days after determination of the breach or reason to believe a breach occurred; give the client everything it needs for its own notices. The 48-hour contract clause is stricter and governs",Each affected client utility (a covered entity or governmental entity under 501.171),Yes - applies to the client utilities' customer data,Determination of the breach or reason to believe it occurred,General Counsel with the Director of Utility Services,B,http://www.leg.state.fl.us/statutes/index.cfm?App_mode=Display_Statute&URL=0500-0599/0501/Sections/0501.171.html,true
Florida breach notice to individuals,Fla. Stat. 501.171(4),"Breach of security of personal information of Florida residents (for example, name with SSN, driver license number, or bank account number with access code held in the CIS or CIS export; or portal user name with password)",As expeditiously as practicable and no later than 30 days after determination of the breach or reason to believe it occurred; 15 more days only if good cause is given in writing to the Department within 30 days; law enforcement delay on written request; written no-harm determination sent to the Department within 30 days,"Affected Florida residents (mail or email; substitute notice if cost exceeds $250,000 or more than 500,000 people)","Yes - for the company's own customers. For client utility customers, the client gives notice unless it asks the company to send notices as its agent (501.171(6)(b))",Determination of the breach or reason to believe it occurred,Vice President of Customer Operations with General Counsel,B,http://www.leg.state.fl.us/statutes/index.cfm?App_mode=Display_Statute&URL=0500-0599/0501/Sections/0501.171.html,true
Florida notice to the Department of Legal Affairs,Fla. Stat. 501.171(3),Breach affecting 500 or more individuals in Florida,As expeditiously as practicable and no later than 30 days after determination. The 15-day good-cause extension does not apply to this notice,"Florida Department of Legal Affairs (Attorney General), with the content listed in 501.171(3)(b)",Yes - for the company's own customers; each client utility files for its own customers,Determination,General Counsel,B,http://www.leg.state.fl.us/statutes/index.cfm?App_mode=Display_Statute&URL=0500-0599/0501/Sections/0501.171.html,true
Florida notice to consumer reporting agencies,Fla. Stat. 501.171(5),"Notice required to more than 1,000 individuals at a single time",Without unreasonable delay,"All nationwide consumer reporting agencies (timing, distribution, and content of the notices)",Yes,"Decision to notify more than 1,000 individuals",General Counsel,B,http://www.leg.state.fl.us/statutes/index.cfm?App_mode=Display_Statute&URL=0500-0599/0501/Sections/0501.171.html,true
Other states' breach laws,State breach notification statutes (each state where affected individuals reside),Affected customers who reside outside Florida (about 6% of residential accounts have out-of-state mailing addresses),Varies by state; follow the breach counsel playbook (due 2026-11-30),Residents and state regulators per each state's law,Yes - multi-state customer base,Per each state's law,General Counsel,B,https://www.ftc.gov/business-guidance/resources/data-breach-response-guide-business,true
Vendor breach notice to the company (inbound),Fla. Stat. 501.171(6)(a); vendor contracts (STD-03),"A third-party agent (for example, the CIS vendor, AMI vendor, collection agency, or contact center platform vendor) discovers a breach of company customer data",Statute: within 10 days after determination. STD-03 contract target: within 24 hours,The company (Vice President of Customer Operations),Yes - tracked through vendor contracts,Vendor's determination,Procurement Manager (contract); Vice President of Customer Operations (response),B,http://www.leg.state.fl.us/statutes/index.cfm?App_mode=Display_Statute&URL=0500-0599/0501/Sections/0501.171.html,true
Identity theft response for affected customers,16 CFR 681.1(d)(2)(iii) (Identity Theft Prevention Program response),Stolen data could be used to open or take over utility accounts,"Apply the Program response steps (heightened verification, account monitoring) from the time theft is suspected",Affected customers (with the breach notice); consumer reporting agencies if furnished data must be corrected,Yes - covered accounts,Suspicion of identity data theft,Vice President of Customer Operations,B,https://www.ecfr.gov/current/title-16/chapter-I/subchapter-F/part-681/section-681.1,true
OFAC sanctions check before any ransom payment,OFAC advisory (Sept. 21 2021); 31 CFR ch. V,Considering any payment to an extortionist,Before any payment; full and timely reporting to law enforcement or CISA is a mitigating factor,OFAC (license if a sanctioned party is involved); FBI or CISA,Yes - all U.S. persons,Any extortion demand,General Counsel,A; B,https://ofac.treasury.gov/recent-actions/20210921,true
Voluntary report to CISA and the FBI,CISA and FBI voluntary reporting,Any intrusion into OT; any ransomware or extortion,As soon as practicable (company target: same day),CISA (report.cisa.gov or CISA Central); FBI field office,Yes - voluntary; supports response help and OFAC mitigation,Declaration,Information Security Manager,A; B,https://www.cisa.gov/report,true
Cyber insurance claim notice,Cyber insurance policy (contract),Suspected security incident,Per policy: call the carrier hotline before hiring response vendors,"Carrier breach hotline ($25 million limit, $500,000 retention)","Yes - contractual, not legal",Suspicion,General Counsel,A; B,,n/a
CIRCIA covered cyber incident and ransom payment reports (PROPOSED - not yet in effect),6 U.S.C. 681b; proposed 6 CFR 226 (89 FR 23644),Covered cyber incident (reasonable belief) or ransom payment,Proposed: 72 hours (incident); 24 hours after ransom payment,CISA,"No - final rule not published as of 2026-09-25. If finalized as proposed, the company would likely be covered because it reports under DOE-417 and the NERC CIP standards",Proposed: reasonable belief,NERC Compliance Manager (watch item),A; B,https://www.cisa.gov/topics/cyber-threats-and-advisories/information-sharing/cyber-incident-reporting-critical-infrastructure-act-2022-circia,true
SEC Form 8-K Item 1.05 material cybersecurity incident,Form 8-K Item 1.05; Regulation S-K Item 106 (17 CFR 229.106) for annual disclosure,Material cybersecurity incident at a registrant,Within 4 business days after determining the incident is material,SEC (public filing),No - the company is privately held and has no registered securities,n/a,n/a,n/a,https://www.ecfr.gov/current/title-17/chapter-II/part-229/subpart-229.100/section-229.106,true
Covered telecommunications equipment or services discovered,FAR 52.204-25(d) (Section 889),Contractor identifies covered telecommunications equipment or services in use or delivered,Within 1 business day of identification (further report within 10 business days),Contracting officer,"No - the company holds no federal contracts or subcontracts (confirmed by the General Counsel, 2026-07-20)",n/a,n/a,n/a,https://www.ecfr.gov/current/title-48/chapter-1/subchapter-H/part-52/subpart-52.2/section-52.204-25,true
Kaspersky covered article discovered,FAR 52.204-23(c),"Contractor identifies a covered article (Kaspersky Lab hardware, software, or services) in use or delivered",Within 3 business days of identification (further report within 10 business days),Contracting officer,No - the company holds no federal contracts or subcontracts,n/a,n/a,n/a,https://www.ecfr.gov/current/title-48/chapter-1/subchapter-H/part-52/subpart-52.2/section-52.204-23,true
TSA pipeline cybersecurity incident reporting,"TSA SD Pipeline-2021-01G, Section II.C",Cybersecurity incident at a TSA-designated pipeline,No later than 72 hours after identification,CISA Central; CISA shares with TSA,No - the company operates no pipelines,n/a,n/a,n/a,https://www.tsa.gov/sites/default/files/signed_security-directive-pipeline-2021-01g-and-transmittal-memo_508c.pdf,true
NRC cyber security event notification,10 CFR 73.77,Cyber attack on a power reactor licensee's digital assets,1 hour / 4 hours / 8 hours depending on event,NRC Headquarters Operations Center,No - the company holds no NRC reactor license,n/a,n/a,n/a,https://www.ecfr.gov/current/title-10/section-73.77,true
