control_id,control_name,common_control_provider,provider_owner_role,inheriting_systems,brokerage_inheritance,mortgage_title_inheritance,homebuilding_inheritance,tmcc_inheritance,division_responsibility,evidence,assessed_in_P07
AC-1,Policy and Procedures,Group security governance office,Group CISO,All divisions,"Documented (Brokerage inheritance matrix, 2025)","Documented (Home Loans and Title inheritance matrix, 2025)",Not documented (scenario gap 5; POAM-014),Documented (P02 SSP),"Approve role requests; certify access to division applications each quarter; report joiners, movers, leavers, and agent departures the same day",POL-02; TMCC access runbook,No (2027 cycle)
AC-2,Account Management,SYS-G1 Group identity platform,Group identity director,"All divisions and the TMCC (every application federated to SYS-G1, including the contractor agent tier)","Documented (Brokerage inheritance matrix, 2025)","Documented (Home Loans and Title inheritance matrix, 2025)","Not documented (scenario gap 5; POAM-014). About 3,800 field and sales users are still on the legacy directory and email tenant (POAM-015)",Hybrid (P02 SSP),"Approve role requests; certify access to division applications each quarter; report joiners, movers, leavers, and agent departures the same day",Identity governance export; agent departure sample,"Yes (common control, assessed once)"
AC-2(1),Automated System Account Management,SYS-G1 Group identity platform,Group identity director,"All divisions and the TMCC (every application federated to SYS-G1, including the contractor agent tier)","Documented (Brokerage inheritance matrix, 2025)","Documented (Home Loans and Title inheritance matrix, 2025)","Not documented (scenario gap 5; POAM-014). About 3,800 field and sales users are still on the legacy directory and email tenant (POAM-015)",Documented (P02 SSP),"Approve role requests; certify access to division applications each quarter; report joiners, movers, leavers, and agent departures the same day",Identity governance workflow configuration,No (2027 cycle)
AC-2(2),Automated Temporary and Emergency Account Management,SYS-G1 Group identity platform,Group identity director,"All divisions and the TMCC (every application federated to SYS-G1, including the contractor agent tier)","Documented (Brokerage inheritance matrix, 2025)","Documented (Home Loans and Title inheritance matrix, 2025)","Not documented (scenario gap 5; POAM-014). About 3,800 field and sales users are still on the legacy directory and email tenant (POAM-015)",Documented (P02 SSP),"Approve role requests; certify access to division applications each quarter; report joiners, movers, leavers, and agent departures the same day",Identity governance policy,No (2027 cycle)
AC-2(3),Disable Accounts,SYS-G1 Group identity platform,Group identity director,"All divisions and the TMCC (every application federated to SYS-G1, including the contractor agent tier)","Documented (Brokerage inheritance matrix, 2025)","Documented (Home Loans and Title inheritance matrix, 2025)","Not documented (scenario gap 5; POAM-014). About 3,800 field and sales users are still on the legacy directory and email tenant (POAM-015)",Documented (P02 SSP),"Approve role requests; certify access to division applications each quarter; report joiners, movers, leavers, and agent departures the same day",Inactivity policy; disablement report,"Yes (common control, assessed once)"
AC-2(4),Automated Audit Actions,SYS-G1 Group identity platform,Group identity director,"All divisions and the TMCC (every application federated to SYS-G1, including the contractor agent tier)","Documented (Brokerage inheritance matrix, 2025)","Documented (Home Loans and Title inheritance matrix, 2025)","Not documented (scenario gap 5; POAM-014). About 3,800 field and sales users are still on the legacy directory and email tenant (POAM-015)",Documented (P02 SSP),"Approve role requests; certify access to division applications each quarter; report joiners, movers, leavers, and agent departures the same day",SIEM data source list,No (2027 cycle)
AC-2(5),Inactivity Logout,SYS-G1 Group identity platform,Group identity director,"All divisions and the TMCC (every application federated to SYS-G1, including the contractor agent tier)","Documented (Brokerage inheritance matrix, 2025)","Documented (Home Loans and Title inheritance matrix, 2025)","Not documented (scenario gap 5; POAM-014). About 3,800 field and sales users are still on the legacy directory and email tenant (POAM-015)",Documented (P02 SSP),"Approve role requests; certify access to division applications each quarter; report joiners, movers, leavers, and agent departures the same day",Session policy export,No (2027 cycle)
AC-2(12),Account Monitoring for Atypical Usage,SYS-G1 Group identity platform,Group identity director,"All divisions and the TMCC (every application federated to SYS-G1, including the contractor agent tier)","Documented (Brokerage inheritance matrix, 2025)","Documented (Home Loans and Title inheritance matrix, 2025)","Not documented (scenario gap 5; POAM-014). About 3,800 field and sales users are still on the legacy directory and email tenant (POAM-015)",Documented (P02 SSP),"Approve role requests; certify access to division applications each quarter; report joiners, movers, leavers, and agent departures the same day",Identity analytics configuration,"Yes (common control, assessed once)"
AC-2(13),Disable Accounts for High-risk Individuals,SYS-G1 Group identity platform,Group identity director,"All divisions and the TMCC (every application federated to SYS-G1, including the contractor agent tier)","Documented (Brokerage inheritance matrix, 2025)","Documented (Home Loans and Title inheritance matrix, 2025)","Not documented (scenario gap 5; POAM-014). About 3,800 field and sales users are still on the legacy directory and email tenant (POAM-015)",Documented (P02 SSP),"Approve role requests; certify access to division applications each quarter; report joiners, movers, leavers, and agent departures the same day",SOC playbook; case records,No (2027 cycle)
AC-3(2),Dual Authorization,SYS-G5 Group treasury and payments hub,Group Treasurer,"Title and brokerage escrow, property management, Homebuilding trade payments, commissions","Documented (Brokerage inheritance matrix, 2025)","Documented (Home Loans and Title inheritance matrix, 2025)",Not documented (scenario gap 5; POAM-014). Trade partner bank changes bypass payee verification (POAM-003),Hybrid (P02 SSP),"Approve role requests; certify access to division applications each quarter; report joiners, movers, leavers, and agent departures the same day",SYS-G5 approval policy; wire sample,"Yes (common control, assessed once)"
AC-5,Separation of Duties,SYS-G5 Group treasury and payments hub,Group Treasurer,"Title and brokerage escrow, property management, Homebuilding trade payments, commissions","Documented (Brokerage inheritance matrix, 2025)","Documented (Home Loans and Title inheritance matrix, 2025)",Not documented (scenario gap 5; POAM-014). Trade partner bank changes bypass payee verification (POAM-003),Hybrid (P02 SSP),"Approve role requests; certify access to division applications each quarter; report joiners, movers, leavers, and agent departures the same day",Role matrix; SYS-G5 role export,No (2027 cycle)
AC-6(1),Authorize Access to Security Functions,SYS-G1 Group identity platform,Group identity director,"All divisions and the TMCC (every application federated to SYS-G1, including the contractor agent tier)","Documented (Brokerage inheritance matrix, 2025)","Documented (Home Loans and Title inheritance matrix, 2025)","Not documented (scenario gap 5; POAM-014). About 3,800 field and sales users are still on the legacy directory and email tenant (POAM-015)",Documented (P02 SSP),"Approve role requests; certify access to division applications each quarter; report joiners, movers, leavers, and agent departures the same day",PAM role list,No (2027 cycle)
AC-6(2),Non-privileged Access for Nonsecurity Functions,SYS-G1 Group identity platform,Group identity director,"All divisions and the TMCC (every application federated to SYS-G1, including the contractor agent tier)","Documented (Brokerage inheritance matrix, 2025)","Documented (Home Loans and Title inheritance matrix, 2025)","Not documented (scenario gap 5; POAM-014). About 3,800 field and sales users are still on the legacy directory and email tenant (POAM-015)",Documented (P02 SSP),"Approve role requests; certify access to division applications each quarter; report joiners, movers, leavers, and agent departures the same day",Privileged account register,No (2027 cycle)
AC-6(5),Privileged Accounts,SYS-G1 Group identity platform,Group identity director,"All divisions and the TMCC (every application federated to SYS-G1, including the contractor agent tier)","Documented (Brokerage inheritance matrix, 2025)","Documented (Home Loans and Title inheritance matrix, 2025)","Not documented (scenario gap 5; POAM-014). About 3,800 field and sales users are still on the legacy directory and email tenant (POAM-015)",Documented (P02 SSP),"Approve role requests; certify access to division applications each quarter; report joiners, movers, leavers, and agent departures the same day",PAM policy; session recordings,No (2027 cycle)
AC-6(7),Review of User Privileges,SYS-G1 Group identity platform,Group identity director,"All divisions and the TMCC (every application federated to SYS-G1, including the contractor agent tier)","Documented (Brokerage inheritance matrix, 2025)","Documented (Home Loans and Title inheritance matrix, 2025)","Not documented (scenario gap 5; POAM-014). About 3,800 field and sales users are still on the legacy directory and email tenant (POAM-015)",Documented (P02 SSP),"Approve role requests; certify access to division applications each quarter; report joiners, movers, leavers, and agent departures the same day",Certification campaign results,No (2027 cycle)
AC-6(9),Log Use of Privileged Functions,SYS-G1 Group identity platform,Group identity director,"All divisions and the TMCC (every application federated to SYS-G1, including the contractor agent tier)","Documented (Brokerage inheritance matrix, 2025)","Documented (Home Loans and Title inheritance matrix, 2025)","Not documented (scenario gap 5; POAM-014). About 3,800 field and sales users are still on the legacy directory and email tenant (POAM-015)",Documented (P02 SSP),"Approve role requests; certify access to division applications each quarter; report joiners, movers, leavers, and agent departures the same day",PAM audit export,No (2027 cycle)
AC-7,Unsuccessful Logon Attempts,SYS-G1 Group identity platform,Group identity director,"All divisions and the TMCC (every application federated to SYS-G1, including the contractor agent tier)","Documented (Brokerage inheritance matrix, 2025)","Documented (Home Loans and Title inheritance matrix, 2025)","Not documented (scenario gap 5; POAM-014). About 3,800 field and sales users are still on the legacy directory and email tenant (POAM-015)",Documented (P02 SSP),"Approve role requests; certify access to division applications each quarter; report joiners, movers, leavers, and agent departures the same day",Lockout policy export,No (2027 cycle)
AC-11,Device Lock,SYS-G1 Group identity platform,Group identity director,"All divisions and the TMCC (every application federated to SYS-G1, including the contractor agent tier)","Documented (Brokerage inheritance matrix, 2025)","Documented (Home Loans and Title inheritance matrix, 2025)","Not documented (scenario gap 5; POAM-014). About 3,800 field and sales users are still on the legacy directory and email tenant (POAM-015)",Documented (P02 SSP),"Approve role requests; certify access to division applications each quarter; report joiners, movers, leavers, and agent departures the same day",Device configuration profile,No (2027 cycle)
AC-17,Remote Access,SYS-G1 Group identity platform,Group identity director,"All divisions and the TMCC (every application federated to SYS-G1, including the contractor agent tier)","Documented (Brokerage inheritance matrix, 2025)","Documented (Home Loans and Title inheritance matrix, 2025)","Not documented (scenario gap 5; POAM-014). About 3,800 field and sales users are still on the legacy directory and email tenant (POAM-015)",Documented (P02 SSP),"Approve role requests; certify access to division applications each quarter; report joiners, movers, leavers, and agent departures the same day",Conditional access policies,No (2027 cycle)
AC-17(2),Protection of Confidentiality and Integrity Using Encryption,SYS-G3 Group cloud platform,Group cloud platform director,TMCC; SYS-G5; SYS-H1 Homebuilding ERP; Group Data Platform,"Documented (Brokerage inheritance matrix, 2025)","Documented (Home Loans and Title inheritance matrix, 2025)",Not documented (scenario gap 5; POAM-014),Documented (P02 SSP),"Approve role requests; certify access to division applications each quarter; report joiners, movers, leavers, and agent departures the same day",TLS scan,No (2027 cycle)
AC-19,Access Control for Mobile Devices,SYS-G1 Group identity platform,Group identity director,"All divisions and the TMCC (every application federated to SYS-G1, including the contractor agent tier)","Documented (Brokerage inheritance matrix, 2025)","Documented (Home Loans and Title inheritance matrix, 2025)","Not documented (scenario gap 5; POAM-014). About 3,800 field and sales users are still on the legacy directory and email tenant (POAM-015)",Documented (P02 SSP),"Approve role requests; certify access to division applications each quarter; report joiners, movers, leavers, and agent departures the same day",Device management report,No (2027 cycle)
AC-20,Use of External Systems,SYS-G1 Group identity platform,Group identity director,"All divisions and the TMCC (every application federated to SYS-G1, including the contractor agent tier)","Documented (Brokerage inheritance matrix, 2025)","Documented (Home Loans and Title inheritance matrix, 2025)","Not documented (scenario gap 5; POAM-014). About 3,800 field and sales users are still on the legacy directory and email tenant (POAM-015)",Hybrid (P02 SSP),"Approve role requests; certify access to division applications each quarter; report joiners, movers, leavers, and agent departures the same day",Conditional access policy; device sign-in report,No (2027 cycle)
AC-21,Information Sharing,Group Chief Privacy Officer,Group Chief Privacy Officer,All divisions,"Documented (Brokerage inheritance matrix, 2025)","Documented (Home Loans and Title inheritance matrix, 2025)",Not documented (scenario gap 5; POAM-014),Hybrid (P02 SSP),"Approve role requests; certify access to division applications each quarter; report joiners, movers, leavers, and agent departures the same day",Data sharing register (draft),No (2027 cycle)
AT-1,Policy and Procedures,Group security governance office,Group CISO,All divisions,"Documented (Brokerage inheritance matrix, 2025)","Documented (Home Loans and Title inheritance matrix, 2025)",Not documented (scenario gap 5; POAM-014),Documented (P02 SSP),Make sure staff and contractor agents complete training; add division role training,POL-05,No (2027 cycle)
AT-2,Literacy Training and Awareness,Group HR,Group HR director,All divisions,"Documented (Brokerage inheritance matrix, 2025)","Documented (Home Loans and Title inheritance matrix, 2025)",Not documented (scenario gap 5; POAM-014),Documented (P02 SSP),Make sure staff and contractor agents complete training; add division role training,Training completion report,"Yes (common control, assessed once)"
AT-2(2),Insider Threat,Group HR,Group HR director,All divisions,"Documented (Brokerage inheritance matrix, 2025)","Documented (Home Loans and Title inheritance matrix, 2025)",Not documented (scenario gap 5; POAM-014),Documented (P02 SSP),Make sure staff and contractor agents complete training; add division role training,Training content,No (2027 cycle)
AT-2(3),Social Engineering and Mining,"SYS-G2 Group SOC, SIEM, and EDR",Group SOC director,All divisions and the TMCC,"Documented (Brokerage inheritance matrix, 2025)","Documented (Home Loans and Title inheritance matrix, 2025)",Not documented (scenario gap 5; POAM-014),Documented (P02 SSP),Make sure staff and contractor agents complete training; add division role training,Simulation results,No (2027 cycle)
AT-3,Role-based Training,Group HR,Group HR director,All divisions,"Documented (Brokerage inheritance matrix, 2025)","Documented (Home Loans and Title inheritance matrix, 2025)",Not documented (scenario gap 5; POAM-014),Documented (P02 SSP),Make sure staff and contractor agents complete training; add division role training,Role training records,No (2027 cycle)
AU-1,Policy and Procedures,Group security governance office,Group CISO,All divisions,"Documented (Brokerage inheritance matrix, 2025)","Documented (Home Loans and Title inheritance matrix, 2025)",Not documented (scenario gap 5; POAM-014),Documented (P02 SSP),Send division application audit logs to the SIEM and define division events (payee and bank changes),Logging standard,No (2027 cycle)
AU-2,Event Logging,"SYS-G2 Group SOC, SIEM, and EDR",Group SOC director,All divisions and the TMCC,"Documented (Brokerage inheritance matrix, 2025)","Documented (Home Loans and Title inheritance matrix, 2025)",Not documented (scenario gap 5; POAM-014),Hybrid (P02 SSP),Send division application audit logs to the SIEM and define division events (payee and bank changes),Event type list,No (2027 cycle)
AU-6,"Audit Record Review, Analysis, and Reporting","SYS-G2 Group SOC, SIEM, and EDR",Group SOC director,All divisions and the TMCC,"Documented (Brokerage inheritance matrix, 2025)","Documented (Home Loans and Title inheritance matrix, 2025)",Not documented (scenario gap 5; POAM-014),Hybrid (P02 SSP),Send division application audit logs to the SIEM and define division events (payee and bank changes),SIEM data source list; alert catalog,"Yes (common control, assessed once)"
AU-6(1),Automated Process Integration,"SYS-G2 Group SOC, SIEM, and EDR",Group SOC director,All divisions and the TMCC,"Documented (Brokerage inheritance matrix, 2025)","Documented (Home Loans and Title inheritance matrix, 2025)",Not documented (scenario gap 5; POAM-014),Documented (P02 SSP),Send division application audit logs to the SIEM and define division events (payee and bank changes),SIEM configuration,No (2027 cycle)
AU-6(3),Correlate Audit Record Repositories,"SYS-G2 Group SOC, SIEM, and EDR",Group SOC director,All divisions and the TMCC,"Documented (Brokerage inheritance matrix, 2025)","Documented (Home Loans and Title inheritance matrix, 2025)",Not documented (scenario gap 5; POAM-014),Documented (P02 SSP),Send division application audit logs to the SIEM and define division events (payee and bank changes),Correlation rule list,No (2027 cycle)
AU-8,Time Stamps,SYS-G3 Group cloud platform,Group cloud platform director,TMCC; SYS-G5; SYS-H1 Homebuilding ERP; Group Data Platform,"Documented (Brokerage inheritance matrix, 2025)","Documented (Home Loans and Title inheritance matrix, 2025)",Not documented (scenario gap 5; POAM-014),Documented (P02 SSP),Send division application audit logs to the SIEM and define division events (payee and bank changes),Platform configuration,No (2027 cycle)
AU-9,Protection of Audit Information,"SYS-G2 Group SOC, SIEM, and EDR",Group SOC director,All divisions and the TMCC,"Documented (Brokerage inheritance matrix, 2025)","Documented (Home Loans and Title inheritance matrix, 2025)",Not documented (scenario gap 5; POAM-014),Documented (P02 SSP),Send division application audit logs to the SIEM and define division events (payee and bank changes),Log archive policy,No (2027 cycle)
AU-11,Audit Record Retention,"SYS-G2 Group SOC, SIEM, and EDR",Group SOC director,All divisions and the TMCC,"Documented (Brokerage inheritance matrix, 2025)","Documented (Home Loans and Title inheritance matrix, 2025)",Not documented (scenario gap 5; POAM-014),Documented (P02 SSP),Send division application audit logs to the SIEM and define division events (payee and bank changes),Retention settings,No (2027 cycle)
AU-12,Audit Record Generation,"SYS-G2 Group SOC, SIEM, and EDR",Group SOC director,All divisions and the TMCC,"Documented (Brokerage inheritance matrix, 2025)","Documented (Home Loans and Title inheritance matrix, 2025)",Not documented (scenario gap 5; POAM-014),Hybrid (P02 SSP),Send division application audit logs to the SIEM and define division events (payee and bank changes),Log pipeline inventory,No (2027 cycle)
CA-1,Policy and Procedures,Group security governance office,Group CISO,All divisions,"Documented (Brokerage inheritance matrix, 2025)","Documented (Home Loans and Title inheritance matrix, 2025)",Not documented (scenario gap 5; POAM-014),Documented (P02 SSP),Support the annual assessment; track division POA&M items,POL-01,No (2027 cycle)
CA-2,Control Assessments,Group internal audit,Group internal audit director,All divisions,"Documented (Brokerage inheritance matrix, 2025)","Documented (Home Loans and Title inheritance matrix, 2025)",Not documented (scenario gap 5; POAM-014),Documented (P02 SSP),Support the annual assessment; track division POA&M items,P07 assessment plan,No (2027 cycle)
CA-2(1),Independent Assessors,Group internal audit,Group internal audit director,All divisions,"Documented (Brokerage inheritance matrix, 2025)","Documented (Home Loans and Title inheritance matrix, 2025)",Not documented (scenario gap 5; POAM-014),Documented (P02 SSP),Support the annual assessment; track division POA&M items,Internal audit charter,No (2027 cycle)
CA-5,Plan of Action and Milestones,Group risk management,Group Chief Risk Officer,All divisions,"Documented (Brokerage inheritance matrix, 2025)","Documented (Home Loans and Title inheritance matrix, 2025)",Not documented (scenario gap 5; POAM-014),Documented (P02 SSP),Support the annual assessment; track division POA&M items,P07 poam.csv,No (2027 cycle)
CA-7,Continuous Monitoring,"SYS-G2 Group SOC, SIEM, and EDR",Group SOC director,All divisions and the TMCC,"Documented (Brokerage inheritance matrix, 2025)","Documented (Home Loans and Title inheritance matrix, 2025)",Not documented (scenario gap 5; POAM-014),Hybrid (P02 SSP),Support the annual assessment; track division POA&M items,Monitoring strategy; dashboard,No (2027 cycle)
CA-7(4),Risk Monitoring,Group risk management,Group Chief Risk Officer,All divisions,"Documented (Brokerage inheritance matrix, 2025)","Documented (Home Loans and Title inheritance matrix, 2025)",Not documented (scenario gap 5; POAM-014),Hybrid (P02 SSP),Support the annual assessment; track division POA&M items,Risk register change log,No (2027 cycle)
CA-8,Penetration Testing,"SYS-G2 Group SOC, SIEM, and EDR",Group SOC director,All divisions and the TMCC,"Documented (Brokerage inheritance matrix, 2025)","Documented (Home Loans and Title inheritance matrix, 2025)",Not documented (scenario gap 5; POAM-014),Documented (P02 SSP),Support the annual assessment; track division POA&M items,Penetration test report 2026-04,No (2027 cycle)
CA-8(1),Independent Penetration Testing Agent or Team,"SYS-G2 Group SOC, SIEM, and EDR",Group SOC director,All divisions and the TMCC,"Documented (Brokerage inheritance matrix, 2025)","Documented (Home Loans and Title inheritance matrix, 2025)",Not documented (scenario gap 5; POAM-014),Documented (P02 SSP),Support the annual assessment; track division POA&M items,Engagement letter,No (2027 cycle)
CM-1,Policy and Procedures,Group security governance office,Group CISO,All divisions,"Documented (Brokerage inheritance matrix, 2025)","Documented (Home Loans and Title inheritance matrix, 2025)",Not documented (scenario gap 5; POAM-014),Documented (P02 SSP),Follow group change management for division components,Change management standard,No (2027 cycle)
CM-2,Baseline Configuration,SYS-G3 Group cloud platform,Group cloud platform director,TMCC; SYS-G5; SYS-H1 Homebuilding ERP; Group Data Platform,"Documented (Brokerage inheritance matrix, 2025)","Documented (Home Loans and Title inheritance matrix, 2025)",Not documented (scenario gap 5; POAM-014),Hybrid (P02 SSP),Follow group change management for division components,Infrastructure code repository; tenant export,No (2027 cycle)
CM-5,Access Restrictions for Change,SYS-G3 Group cloud platform,Group cloud platform director,TMCC; SYS-G5; SYS-H1 Homebuilding ERP; Group Data Platform,"Documented (Brokerage inheritance matrix, 2025)","Documented (Home Loans and Title inheritance matrix, 2025)",Not documented (scenario gap 5; POAM-014),Documented (P02 SSP),Follow group change management for division components,Pipeline permissions,No (2027 cycle)
CM-6,Configuration Settings,SYS-G3 Group cloud platform,Group cloud platform director,TMCC; SYS-G5; SYS-H1 Homebuilding ERP; Group Data Platform,"Documented (Brokerage inheritance matrix, 2025)","Documented (Home Loans and Title inheritance matrix, 2025)",Not documented (scenario gap 5; POAM-014),Documented (P02 SSP),Follow group change management for division components,Guardrail policy set,No (2027 cycle)
CM-7,Least Functionality,SYS-G3 Group cloud platform,Group cloud platform director,TMCC; SYS-G5; SYS-H1 Homebuilding ERP; Group Data Platform,"Documented (Brokerage inheritance matrix, 2025)","Documented (Home Loans and Title inheritance matrix, 2025)",Not documented (scenario gap 5; POAM-014),Documented (P02 SSP),Follow group change management for division components,Image baseline,No (2027 cycle)
CM-8,System Component Inventory,SYS-G3 Group cloud platform,Group cloud platform director,TMCC; SYS-G5; SYS-H1 Homebuilding ERP; Group Data Platform,"Documented (Brokerage inheritance matrix, 2025)","Documented (Home Loans and Title inheritance matrix, 2025)",Not documented (scenario gap 5; POAM-014),Hybrid (P02 SSP),Follow group change management for division components,Asset inventory export,No (2027 cycle)
CP-1,Policy and Procedures,Group security governance office,Group CISO,All divisions,"Documented (Brokerage inheritance matrix, 2025)","Documented (Home Loans and Title inheritance matrix, 2025)",Not documented (scenario gap 5; POAM-014),Documented (P02 SSP),Maintain division contingency plans that match the BIA; test division restores,POL-03,No (2027 cycle)
CP-2,Contingency Plan,Group risk management,Group Chief Risk Officer,All divisions,"Documented (Brokerage inheritance matrix, 2025)","Documented (Home Loans and Title inheritance matrix, 2025)",Not documented (scenario gap 5; POAM-014),Hybrid (P02 SSP),Maintain division contingency plans that match the BIA; test division restores,TMCC contingency plan; vendor contract,No (2027 cycle)
CP-6,Alternate Storage Site,SYS-G3 Group cloud platform,Group cloud platform director,TMCC; SYS-G5; SYS-H1 Homebuilding ERP; Group Data Platform,"Documented (Brokerage inheritance matrix, 2025)","Documented (Home Loans and Title inheritance matrix, 2025)",Not documented (scenario gap 5; POAM-014),Documented (P02 SSP),Maintain division contingency plans that match the BIA; test division restores,Backup vault configuration,No (2027 cycle)
CP-9,System Backup,SYS-G3 Group cloud platform,Group cloud platform director,TMCC; SYS-G5; SYS-H1 Homebuilding ERP; Group Data Platform,"Documented (Brokerage inheritance matrix, 2025)","Documented (Home Loans and Title inheritance matrix, 2025)",Not documented (scenario gap 5; POAM-014),Documented (P02 SSP),Maintain division contingency plans that match the BIA; test division restores,Backup job reports,"Yes (common control, assessed once)"
CP-9(1),Testing for Reliability and Integrity,SYS-G3 Group cloud platform,Group cloud platform director,TMCC; SYS-G5; SYS-H1 Homebuilding ERP; Group Data Platform,"Documented (Brokerage inheritance matrix, 2025)","Documented (Home Loans and Title inheritance matrix, 2025)",Not documented (scenario gap 5; POAM-014),Documented (P02 SSP),Maintain division contingency plans that match the BIA; test division restores,Restore test records,No (2027 cycle)
IA-1,Policy and Procedures,Group security governance office,Group CISO,All divisions,"Documented (Brokerage inheritance matrix, 2025)","Documented (Home Loans and Title inheritance matrix, 2025)",Not documented (scenario gap 5; POAM-014),Documented (P02 SSP),Keep every division application federated to SYS-G1; no local accounts without an approved exception,POL-02,No (2027 cycle)
IA-2,Identification and Authentication (Organizational Users),SYS-G1 Group identity platform,Group identity director,"All divisions and the TMCC (every application federated to SYS-G1, including the contractor agent tier)","Documented (Brokerage inheritance matrix, 2025)","Documented (Home Loans and Title inheritance matrix, 2025)","Not documented (scenario gap 5; POAM-014). About 3,800 field and sales users are still on the legacy directory and email tenant (POAM-015)",Documented (P02 SSP),Keep every division application federated to SYS-G1; no local accounts without an approved exception,Federation configuration,No (2027 cycle)
IA-2(1),Multi-factor Authentication to Privileged Accounts,SYS-G1 Group identity platform,Group identity director,"All divisions and the TMCC (every application federated to SYS-G1, including the contractor agent tier)","Documented (Brokerage inheritance matrix, 2025)","Documented (Home Loans and Title inheritance matrix, 2025)","Not documented (scenario gap 5; POAM-014). About 3,800 field and sales users are still on the legacy directory and email tenant (POAM-015)",Documented (P02 SSP),Keep every division application federated to SYS-G1; no local accounts without an approved exception,Authentication policy export,"Yes (common control, assessed once)"
IA-2(2),Multi-factor Authentication to Non-privileged Accounts,SYS-G1 Group identity platform,Group identity director,"All divisions and the TMCC (every application federated to SYS-G1, including the contractor agent tier)","Documented (Brokerage inheritance matrix, 2025)","Documented (Home Loans and Title inheritance matrix, 2025)","Not documented (scenario gap 5; POAM-014). About 3,800 field and sales users are still on the legacy directory and email tenant (POAM-015)",Documented (P02 SSP),Keep every division application federated to SYS-G1; no local accounts without an approved exception,Authentication method report; exception register,"Yes (common control, assessed once)"
IA-2(8),"Access to Accounts, Replay Resistant",SYS-G1 Group identity platform,Group identity director,"All divisions and the TMCC (every application federated to SYS-G1, including the contractor agent tier)","Documented (Brokerage inheritance matrix, 2025)","Documented (Home Loans and Title inheritance matrix, 2025)","Not documented (scenario gap 5; POAM-014). About 3,800 field and sales users are still on the legacy directory and email tenant (POAM-015)",Documented (P02 SSP),Keep every division application federated to SYS-G1; no local accounts without an approved exception,Authentication policy export,No (2027 cycle)
IA-4,Identifier Management,SYS-G1 Group identity platform,Group identity director,"All divisions and the TMCC (every application federated to SYS-G1, including the contractor agent tier)","Documented (Brokerage inheritance matrix, 2025)","Documented (Home Loans and Title inheritance matrix, 2025)","Not documented (scenario gap 5; POAM-014). About 3,800 field and sales users are still on the legacy directory and email tenant (POAM-015)",Documented (P02 SSP),Keep every division application federated to SYS-G1; no local accounts without an approved exception,Identifier policy,No (2027 cycle)
IA-5,Authenticator Management,SYS-G1 Group identity platform,Group identity director,"All divisions and the TMCC (every application federated to SYS-G1, including the contractor agent tier)","Documented (Brokerage inheritance matrix, 2025)","Documented (Home Loans and Title inheritance matrix, 2025)","Not documented (scenario gap 5; POAM-014). About 3,800 field and sales users are still on the legacy directory and email tenant (POAM-015)",Hybrid (P02 SSP),Keep every division application federated to SYS-G1; no local accounts without an approved exception,Secret store inventory,No (2027 cycle)
IA-5(1),Password-based Authentication,SYS-G1 Group identity platform,Group identity director,"All divisions and the TMCC (every application federated to SYS-G1, including the contractor agent tier)","Documented (Brokerage inheritance matrix, 2025)","Documented (Home Loans and Title inheritance matrix, 2025)","Not documented (scenario gap 5; POAM-014). About 3,800 field and sales users are still on the legacy directory and email tenant (POAM-015)",Documented (P02 SSP),Keep every division application federated to SYS-G1; no local accounts without an approved exception,Password policy export,No (2027 cycle)
IR-1,Policy and Procedures,Group security governance office,Group CISO,All divisions,"Documented (Brokerage inheritance matrix, 2025)","Documented (Home Loans and Title inheritance matrix, 2025)",Not documented (scenario gap 5; POAM-014),Documented (P02 SSP),Name a division incident liaison; keep division regulator and contract contacts current in the matrix,POL-03,No (2027 cycle)
IR-2,Incident Response Training,"SYS-G2 Group SOC, SIEM, and EDR",Group SOC director,All divisions and the TMCC,"Documented (Brokerage inheritance matrix, 2025)","Documented (Home Loans and Title inheritance matrix, 2025)",Not documented (scenario gap 5; POAM-014),Documented (P02 SSP),Name a division incident liaison; keep division regulator and contract contacts current in the matrix,Training records,No (2027 cycle)
IR-3,Incident Response Testing,"SYS-G2 Group SOC, SIEM, and EDR",Group SOC director,All divisions and the TMCC,"Documented (Brokerage inheritance matrix, 2025)","Documented (Home Loans and Title inheritance matrix, 2025)",Not documented (scenario gap 5; POAM-014),Documented (P02 SSP),Name a division incident liaison; keep division regulator and contract contacts current in the matrix,Exercise reports,"Yes (common control, assessed once)"
IR-4,Incident Handling,"SYS-G2 Group SOC, SIEM, and EDR",Group SOC director,All divisions and the TMCC,"Documented (Brokerage inheritance matrix, 2025)","Documented (Home Loans and Title inheritance matrix, 2025)",Not documented (scenario gap 5; POAM-014),Documented (P02 SSP),Name a division incident liaison; keep division regulator and contract contacts current in the matrix,P08 runbook; case records,"Yes (common control, assessed once)"
IR-4(1),Automated Incident Handling Processes,"SYS-G2 Group SOC, SIEM, and EDR",Group SOC director,All divisions and the TMCC,"Documented (Brokerage inheritance matrix, 2025)","Documented (Home Loans and Title inheritance matrix, 2025)",Not documented (scenario gap 5; POAM-014),Documented (P02 SSP),Name a division incident liaison; keep division regulator and contract contacts current in the matrix,SOAR playbooks,No (2027 cycle)
IR-5,Incident Monitoring,"SYS-G2 Group SOC, SIEM, and EDR",Group SOC director,All divisions and the TMCC,"Documented (Brokerage inheritance matrix, 2025)","Documented (Home Loans and Title inheritance matrix, 2025)",Not documented (scenario gap 5; POAM-014),Documented (P02 SSP),Name a division incident liaison; keep division regulator and contract contacts current in the matrix,Case records,No (2027 cycle)
IR-6,Incident Reporting,Group General Counsel,Group General Counsel,All divisions,"Documented (Brokerage inheritance matrix, 2025)","Documented (Home Loans and Title inheritance matrix, 2025)",Not documented (scenario gap 5; POAM-014),Documented (P02 SSP),Name a division incident liaison; keep division regulator and contract contacts current in the matrix,Notification matrix draft,"Yes (common control, assessed once)"
IR-7,Incident Response Assistance,"SYS-G2 Group SOC, SIEM, and EDR",Group SOC director,All divisions and the TMCC,"Documented (Brokerage inheritance matrix, 2025)","Documented (Home Loans and Title inheritance matrix, 2025)",Not documented (scenario gap 5; POAM-014),Documented (P02 SSP),Name a division incident liaison; keep division regulator and contract contacts current in the matrix,Call routing records,No (2027 cycle)
IR-8,Incident Response Plan,"SYS-G2 Group SOC, SIEM, and EDR",Group SOC director,All divisions and the TMCC,"Documented (Brokerage inheritance matrix, 2025)","Documented (Home Loans and Title inheritance matrix, 2025)",Not documented (scenario gap 5; POAM-014),Documented (P02 SSP),Name a division incident liaison; keep division regulator and contract contacts current in the matrix,Incident response plan v2026,"Yes (common control, assessed once)"
MA-4,Nonlocal Maintenance,SYS-G1 Group identity platform,Group identity director,"All divisions and the TMCC (every application federated to SYS-G1, including the contractor agent tier)","Documented (Brokerage inheritance matrix, 2025)","Documented (Home Loans and Title inheritance matrix, 2025)","Not documented (scenario gap 5; POAM-014). About 3,800 field and sales users are still on the legacy directory and email tenant (POAM-015)",Documented (P02 SSP),Request vendor access only through PAM,PAM vendor access log,No (2027 cycle)
MP-6,Media Sanitization,Cloud providers A and B,Group cloud platform director,All cloud-hosted division workloads,"Documented (Brokerage inheritance matrix, 2025)","Documented (Home Loans and Title inheritance matrix, 2025)",Not documented (scenario gap 5; POAM-014),Documented (P02 SSP),Use group sanitization services,Provider SOC 2 reports; wipe certificates,No (2027 cycle)
PE-2,Physical Access Authorizations,Cloud providers A and B,Group cloud platform director,All cloud-hosted division workloads,"Documented (Brokerage inheritance matrix, 2025)","Documented (Home Loans and Title inheritance matrix, 2025)",Not documented (scenario gap 5; POAM-014),Documented (P02 SSP),None (provider responsibility),Provider SOC 2 reports,No (2027 cycle)
PE-3,Physical Access Control,Cloud providers A and B,Group cloud platform director,All cloud-hosted division workloads,"Documented (Brokerage inheritance matrix, 2025)","Documented (Home Loans and Title inheritance matrix, 2025)",Not documented (scenario gap 5; POAM-014),Documented (P02 SSP),None (provider responsibility),Provider SOC 2 reports,No (2027 cycle)
PL-1,Policy and Procedures,Group security governance office,Group CISO,All divisions,"Documented (Brokerage inheritance matrix, 2025)","Documented (Home Loans and Title inheritance matrix, 2025)",Not documented (scenario gap 5; POAM-014),Documented (P02 SSP),Maintain a division supplement aligned to group policy; attest alignment each year,POL-01,No (2027 cycle)
PL-4,Rules of Behavior,Group HR,Group HR director,All divisions,"Documented (Brokerage inheritance matrix, 2025)","Documented (Home Loans and Title inheritance matrix, 2025)",Not documented (scenario gap 5; POAM-014),Documented (P02 SSP),Maintain a division supplement aligned to group policy; attest alignment each year,Acknowledgment records,No (2027 cycle)
PM-1,Information Security Program Plan,Group security governance office,Group CISO,All divisions,"Documented (Brokerage inheritance matrix, 2025)","Documented (Home Loans and Title inheritance matrix, 2025)",Not documented (scenario gap 5; POAM-014),Documented (P02 SSP),Report division risks and program status to the Qualified Individual,POL-01,No (2027 cycle)
PM-2,Information Security Program Leadership Role,Group security governance office,Group CISO,All divisions,"Documented (Brokerage inheritance matrix, 2025)","Documented (Home Loans and Title inheritance matrix, 2025)",Not documented (scenario gap 5; POAM-014),Documented (P02 SSP),Report division risks and program status to the Qualified Individual,Board resolutions; designation letters,No (2027 cycle)
PM-9,Risk Management Strategy,Group risk management,Group Chief Risk Officer,All divisions,"Documented (Brokerage inheritance matrix, 2025)","Documented (Home Loans and Title inheritance matrix, 2025)",Not documented (scenario gap 5; POAM-014),Documented (P02 SSP),Report division risks and program status to the Qualified Individual,POL-01 4.4,No (2027 cycle)
PS-1,Policy and Procedures,Group HR,Group HR director,All divisions,"Documented (Brokerage inheritance matrix, 2025)","Documented (Home Loans and Title inheritance matrix, 2025)",Not documented (scenario gap 5; POAM-014),Documented (P02 SSP),Report departures and role changes the same day; enforce contractor agreements,HR procedures,No (2027 cycle)
PS-3,Personnel Screening,Group HR,Group HR director,All divisions,"Documented (Brokerage inheritance matrix, 2025)","Documented (Home Loans and Title inheritance matrix, 2025)",Not documented (scenario gap 5; POAM-014),Documented (P02 SSP),Report departures and role changes the same day; enforce contractor agreements,Background check records; license checks,No (2027 cycle)
PS-4,Personnel Termination,Group HR,Group HR director,All divisions,"Documented (Brokerage inheritance matrix, 2025)","Documented (Home Loans and Title inheritance matrix, 2025)",Not documented (scenario gap 5; POAM-014),Documented (P02 SSP),Report departures and role changes the same day; enforce contractor agreements,Termination sample,"Yes (common control, assessed once)"
PS-6,Access Agreements,Group HR,Group HR director,All divisions,"Documented (Brokerage inheritance matrix, 2025)","Documented (Home Loans and Title inheritance matrix, 2025)",Not documented (scenario gap 5; POAM-014),Documented (P02 SSP),Report departures and role changes the same day; enforce contractor agreements,Agreement template,No (2027 cycle)
PS-7,External Personnel Security,Group HR,Group HR director,All divisions,"Documented (Brokerage inheritance matrix, 2025)","Documented (Home Loans and Title inheritance matrix, 2025)",Not documented (scenario gap 5; POAM-014),Hybrid (P02 SSP),Report departures and role changes the same day; enforce contractor agreements,Departure sample (40 agents),No (2027 cycle)
PS-8,Personnel Sanctions,Group HR,Group HR director,All divisions,"Documented (Brokerage inheritance matrix, 2025)","Documented (Home Loans and Title inheritance matrix, 2025)",Not documented (scenario gap 5; POAM-014),Documented (P02 SSP),Report departures and role changes the same day; enforce contractor agreements,Sanctions log,No (2027 cycle)
PT-2,Authority to Process Personally Identifiable Information,Group Chief Privacy Officer,Group Chief Privacy Officer,All divisions,"Documented (Brokerage inheritance matrix, 2025)","Documented (Home Loans and Title inheritance matrix, 2025)",Not documented (scenario gap 5; POAM-014),Hybrid (P02 SSP),Follow group procedures,Processing register (draft),No (2027 cycle)
PT-3,Personally Identifiable Information Processing Purposes,Group Chief Privacy Officer,Group Chief Privacy Officer,All divisions,"Documented (Brokerage inheritance matrix, 2025)","Documented (Home Loans and Title inheritance matrix, 2025)",Not documented (scenario gap 5; POAM-014),Hybrid (P02 SSP),Follow group procedures,Purpose catalog (draft),No (2027 cycle)
RA-1,Policy and Procedures,Group security governance office,Group CISO,All divisions,"Documented (Brokerage inheritance matrix, 2025)","Documented (Home Loans and Title inheritance matrix, 2025)",Not documented (scenario gap 5; POAM-014),Documented (P02 SSP),Run the division risk assessment each year using the group method,POL-01,No (2027 cycle)
RA-3,Risk Assessment,Group risk management,Group Chief Risk Officer,All divisions,"Documented (Brokerage inheritance matrix, 2025)","Documented (Home Loans and Title inheritance matrix, 2025)",Not documented (scenario gap 5; POAM-014),Hybrid (P02 SSP),Run the division risk assessment each year using the group method,P01 registers,No (2027 cycle)
RA-3(1),Supply Chain Risk Assessment,Group risk management,Group Chief Risk Officer,All divisions,"Documented (Brokerage inheritance matrix, 2025)","Documented (Home Loans and Title inheritance matrix, 2025)",Not documented (scenario gap 5; POAM-014),Documented (P02 SSP),Run the division risk assessment each year using the group method,Vendor risk assessments,No (2027 cycle)
RA-5,Vulnerability Monitoring and Scanning,"SYS-G2 Group SOC, SIEM, and EDR",Group SOC director,All divisions and the TMCC,"Documented (Brokerage inheritance matrix, 2025)","Documented (Home Loans and Title inheritance matrix, 2025)",Not documented (scenario gap 5; POAM-014),Documented (P02 SSP),Run the division risk assessment each year using the group method,Scan reports,"Yes (common control, assessed once)"
RA-7,Risk Response,Group risk management,Group Chief Risk Officer,All divisions,"Documented (Brokerage inheritance matrix, 2025)","Documented (Home Loans and Title inheritance matrix, 2025)",Not documented (scenario gap 5; POAM-014),Documented (P02 SSP),Run the division risk assessment each year using the group method,P01,No (2027 cycle)
SA-4,Acquisition Process,Group procurement,Group Chief Financial Officer,All divisions,"Documented (Brokerage inheritance matrix, 2025)","Documented (Home Loans and Title inheritance matrix, 2025)",Not documented (scenario gap 5; POAM-014),Hybrid (P02 SSP),Include group security terms in division vendor contracts,Contract clause library,No (2027 cycle)
SA-9,External System Services,Group vendor risk office,Group Chief Risk Officer,All divisions,"Documented (Brokerage inheritance matrix, 2025)","Documented (Home Loans and Title inheritance matrix, 2025)",Not documented (scenario gap 5; POAM-014),Hybrid (P02 SSP),Include group security terms in division vendor contracts,Vendor reviews; intercompany agreement,No (2027 cycle)
SA-10,Developer Configuration Management,SYS-G3 Group cloud platform,Group cloud platform director,TMCC; SYS-G5; SYS-H1 Homebuilding ERP; Group Data Platform,"Documented (Brokerage inheritance matrix, 2025)","Documented (Home Loans and Title inheritance matrix, 2025)",Not documented (scenario gap 5; POAM-014),Documented (P02 SSP),Include group security terms in division vendor contracts,Repository settings,No (2027 cycle)
SC-5,Denial-of-service Protection,SYS-G3 Group cloud platform,Group cloud platform director,TMCC; SYS-G5; SYS-H1 Homebuilding ERP; Group Data Platform,"Documented (Brokerage inheritance matrix, 2025)","Documented (Home Loans and Title inheritance matrix, 2025)",Not documented (scenario gap 5; POAM-014),Documented (P02 SSP),Use only approved network paths and keys; request exceptions through POL-01,WAF configuration,No (2027 cycle)
SC-7,Boundary Protection,SYS-G3 Group cloud platform,Group cloud platform director,TMCC; SYS-G5; SYS-H1 Homebuilding ERP; Group Data Platform,"Documented (Brokerage inheritance matrix, 2025)","Documented (Home Loans and Title inheritance matrix, 2025)",Not documented (scenario gap 5; POAM-014),Documented (P02 SSP),Use only approved network paths and keys; request exceptions through POL-01,Network diagram; security group export,"Yes (common control, assessed once)"
SC-7(5),"Deny by Default, Allow by Exception",SYS-G3 Group cloud platform,Group cloud platform director,TMCC; SYS-G5; SYS-H1 Homebuilding ERP; Group Data Platform,"Documented (Brokerage inheritance matrix, 2025)","Documented (Home Loans and Title inheritance matrix, 2025)",Not documented (scenario gap 5; POAM-014),Documented (P02 SSP),Use only approved network paths and keys; request exceptions through POL-01,Security group export,No (2027 cycle)
SC-8,Transmission Confidentiality and Integrity,SYS-G3 Group cloud platform,Group cloud platform director,TMCC; SYS-G5; SYS-H1 Homebuilding ERP; Group Data Platform,"Documented (Brokerage inheritance matrix, 2025)","Documented (Home Loans and Title inheritance matrix, 2025)",Not documented (scenario gap 5; POAM-014),Documented (P02 SSP),Use only approved network paths and keys; request exceptions through POL-01,TLS scan,"Yes (common control, assessed once)"
SC-8(1),Cryptographic Protection,SYS-G3 Group cloud platform,Group cloud platform director,TMCC; SYS-G5; SYS-H1 Homebuilding ERP; Group Data Platform,"Documented (Brokerage inheritance matrix, 2025)","Documented (Home Loans and Title inheritance matrix, 2025)",Not documented (scenario gap 5; POAM-014),Documented (P02 SSP),Use only approved network paths and keys; request exceptions through POL-01,TLS configuration,No (2027 cycle)
SC-12,Cryptographic Key Establishment and Management,SYS-G3 Group cloud platform,Group cloud platform director,TMCC; SYS-G5; SYS-H1 Homebuilding ERP; Group Data Platform,"Documented (Brokerage inheritance matrix, 2025)","Documented (Home Loans and Title inheritance matrix, 2025)",Not documented (scenario gap 5; POAM-014),Documented (P02 SSP),Use only approved network paths and keys; request exceptions through POL-01,Key policy,No (2027 cycle)
SC-13,Cryptographic Protection,SYS-G3 Group cloud platform,Group cloud platform director,TMCC; SYS-G5; SYS-H1 Homebuilding ERP; Group Data Platform,"Documented (Brokerage inheritance matrix, 2025)","Documented (Home Loans and Title inheritance matrix, 2025)",Not documented (scenario gap 5; POAM-014),Documented (P02 SSP),Use only approved network paths and keys; request exceptions through POL-01,Crypto standard,No (2027 cycle)
SC-28,Protection of Information at Rest,SYS-G3 Group cloud platform,Group cloud platform director,TMCC; SYS-G5; SYS-H1 Homebuilding ERP; Group Data Platform,"Documented (Brokerage inheritance matrix, 2025)","Documented (Home Loans and Title inheritance matrix, 2025)",Not documented (scenario gap 5; POAM-014),Documented (P02 SSP),Use only approved network paths and keys; request exceptions through POL-01,Encryption settings; vendor report,"Yes (common control, assessed once)"
SC-28(1),Cryptographic Protection,SYS-G3 Group cloud platform,Group cloud platform director,TMCC; SYS-G5; SYS-H1 Homebuilding ERP; Group Data Platform,"Documented (Brokerage inheritance matrix, 2025)","Documented (Home Loans and Title inheritance matrix, 2025)",Not documented (scenario gap 5; POAM-014),Documented (P02 SSP),Use only approved network paths and keys; request exceptions through POL-01,Key policy,No (2027 cycle)
SC-37,Out-of-band Channels,SYS-G5 Group treasury and payments hub,Group Treasurer,"Title and brokerage escrow, property management, Homebuilding trade payments, commissions","Documented (Brokerage inheritance matrix, 2025)","Documented (Home Loans and Title inheritance matrix, 2025)",Not documented (scenario gap 5; POAM-014). Trade partner bank changes bypass payee verification (POAM-003),Hybrid (P02 SSP),Use only approved network paths and keys; request exceptions through POL-01,Callback logs; wire sample,"Yes (common control, assessed once)"
SI-2,Flaw Remediation,"SYS-G2 Group SOC, SIEM, and EDR",Group SOC director,All divisions and the TMCC,"Documented (Brokerage inheritance matrix, 2025)","Documented (Home Loans and Title inheritance matrix, 2025)",Not documented (scenario gap 5; POAM-014),Documented (P02 SSP),Patch division-managed components on time; route alerts to the division liaison,Patch metrics,No (2027 cycle)
SI-3,Malicious Code Protection,"SYS-G2 Group SOC, SIEM, and EDR",Group SOC director,All divisions and the TMCC,"Documented (Brokerage inheritance matrix, 2025)","Documented (Home Loans and Title inheritance matrix, 2025)",Not documented (scenario gap 5; POAM-014),Documented (P02 SSP),Patch division-managed components on time; route alerts to the division liaison,EDR coverage report,No (2027 cycle)
SI-4,System Monitoring,"SYS-G2 Group SOC, SIEM, and EDR",Group SOC director,All divisions and the TMCC,"Documented (Brokerage inheritance matrix, 2025)","Documented (Home Loans and Title inheritance matrix, 2025)",Not documented (scenario gap 5; POAM-014),Hybrid (P02 SSP),Patch division-managed components on time; route alerts to the division liaison,Alert catalog,"Yes (common control, assessed once)"
SI-4(4),Inbound and Outbound Communications Traffic,"SYS-G2 Group SOC, SIEM, and EDR",Group SOC director,All divisions and the TMCC,"Documented (Brokerage inheritance matrix, 2025)","Documented (Home Loans and Title inheritance matrix, 2025)",Not documented (scenario gap 5; POAM-014),Documented (P02 SSP),Patch division-managed components on time; route alerts to the division liaison,Flow log alerts,No (2027 cycle)
SI-8,Spam Protection,SYS-G4 Group email and collaboration,Group collaboration services director,"All divisions except about 3,800 Homebuilding users on the legacy tenant","Documented (Brokerage inheritance matrix, 2025)","Documented (Home Loans and Title inheritance matrix, 2025)","Not documented (scenario gap 5; POAM-014). About 3,800 field and sales users are still on the legacy directory and email tenant (POAM-015)",Documented (P02 SSP),Patch division-managed components on time; route alerts to the division liaison,Gateway policy; DMARC report,"Yes (common control, assessed once)"
SI-12,Information Management and Retention,Group Chief Privacy Officer,Group Chief Privacy Officer,All divisions,"Documented (Brokerage inheritance matrix, 2025)","Documented (Home Loans and Title inheritance matrix, 2025)",Not documented (scenario gap 5; POAM-014),Hybrid (P02 SSP),Patch division-managed components on time; route alerts to the division liaison,Retention settings,No (2027 cycle)
SR-2,Supply Chain Risk Management Plan,Group vendor risk office,Group Chief Risk Officer,All divisions,"Documented (Brokerage inheritance matrix, 2025)","Documented (Home Loans and Title inheritance matrix, 2025)",Not documented (scenario gap 5; POAM-014),Documented (P02 SSP),Tier division vendors and collect their assurance reports,Supply chain plan,No (2027 cycle)
SR-3,Supply Chain Controls and Processes,Group vendor risk office,Group Chief Risk Officer,All divisions,"Documented (Brokerage inheritance matrix, 2025)","Documented (Home Loans and Title inheritance matrix, 2025)",Not documented (scenario gap 5; POAM-014),Documented (P02 SSP),Tier division vendors and collect their assurance reports,Vendor tier list,No (2027 cycle)
SR-6,Supplier Assessments and Reviews,Group vendor risk office,Group Chief Risk Officer,All divisions,"Documented (Brokerage inheritance matrix, 2025)","Documented (Home Loans and Title inheritance matrix, 2025)",Not documented (scenario gap 5; POAM-014),Documented (P02 SSP),Tier division vendors and collect their assurance reports,Vendor review records,No (2027 cycle)
