req_id,regulation,regulatory_driver,citation,requirement_summary,requirement_type,applies_at_this_tier,csf2_subcategories,sp800_53_controls,nist_official_sp800_53r5,crosswalk_source,ot_application_sp800_82r3,target_profile_priority,current_state,evidence,status,gap_description,gap_risk_level,remediation_action,owner,target_date,pending_rule_change
FP-G01,FSMA intentional adulteration rule (N11-R01),N11-R01 (21 CFR 121.5(a)),21 CFR 121.5(a); 121.3,"Very small business exemption (under $10,000,000 a year in human food sales plus market value of food held, inflation-adjusted, 3-year average)",Exemption,No - Food Processing revenue is about $10.6 billion,GV.OC-03,,,Author mapping (no official NIST mapping for this rule),Not OT-specific,Low,Not eligible; all 11 facilities comply with Part 121,Revenue,Not applicable,None,Very Low,None,Food Processing VP Food Safety and Quality,,None
FP-G02,FSMA intentional adulteration rule (N11-R01),N11-R01 (21 CFR 121.126; 121.310),21 CFR 121.126; 121.310,"Prepare and implement a written food defense plan (vulnerability assessment, mitigation strategies, monitoring, corrective action, and verification procedures), signed and dated by the owner, operator, or agent in charge",Required,Yes - all 11 registered facilities,GV.PO-01; ID.RA-03,RA-3; PL-2,,Author mapping (no official NIST mapping for this rule),Not OT-specific,High,"Written plans at all 11 facilities, signed and dated; the 4 packinghouses found no actionable process steps; the 7 processing plants have mitigation strategies",Food defense plans (2024 reanalysis),Met,None,Very Low,None,Food Processing VP Food Safety and Quality,,None
FP-G03,FSMA intentional adulteration rule (N11-R01),N11-R01 (21 CFR 121.130(a)),21 CFR 121.130(a),"Vulnerability assessment for each food type evaluating each point, step, or procedure for public health impact, degree of physical access to the product, and ability of an attacker to successfully contaminate the product",Required,Yes - all 11 facilities,ID.RA-03; ID.RA-04,RA-3; RA-5,,Author mapping (no official NIST mapping for this rule),SP 800-82r3 5.3.1 Cyber-Related Safety Considerations,High,"Assessments evaluate physical access and contamination at each step. They treat process controls (PLC setpoints, ingredient dosing, recipe parameters) as physical equipment only",Vulnerability assessments; interviews with food defense qualified individuals,Partially met,"No consideration of an attacker changing setpoints, recipes, or dosing remotely or through an HMI (scenario gap 4; FP-001)",High,Reanalysis with cyber attack scenarios at the 7 processing plants (POAM-015),Food Processing VP Food Safety and Quality,2027-03-31,None
FP-G04,FSMA intentional adulteration rule (N11-R01),N11-R01 (21 CFR 121.130(b)),21 CFR 121.130(b),The vulnerability assessment must consider the possibility of an inside attacker,Required,Yes - all 11 facilities,ID.RA-03; PR.AA-05,RA-3; AC-6; AC-5,,Author mapping (no official NIST mapping for this rule),SP 800-82r3 5.3.1 Cyber-Related Safety Considerations,High,"Inside attacker considered for physical access to product; not for staff or contractors with HMI, engineering, or remote access",Vulnerability assessments,Partially met,"Insiders with control system access not considered (FP-001, FP-002)",High,Include engineering and contractor access in the inside-attacker analysis (POAM-015),Food Processing VP Food Safety and Quality,2027-03-31,None
FP-G05,FSMA intentional adulteration rule (N11-R01),N11-R01 (21 CFR 121.130(c)),21 CFR 121.130(c),"The vulnerability assessment must be written and explain why each point, step, or procedure was or was not identified as an actionable process step",Required,Yes - all 11 facilities,ID.RA-05,RA-3,,Author mapping (no official NIST mapping for this rule),Not OT-specific,Medium,"Written with explanations for every step, including the packinghouses with no actionable process steps",Vulnerability assessments,Met,None,Very Low,Keep explanations current at reanalysis,Food Processing VP Food Safety and Quality,,None
FP-G06,FSMA intentional adulteration rule (N11-R01),N11-R01 (21 CFR 121.135),21 CFR 121.135,"Identify and implement mitigation strategies at each actionable process step, with a written explanation of how each one significantly minimizes or prevents the vulnerability",Required,Yes - 7 processing plants,PR.AA-05; PR.PS-01,AC-3; CM-5; SI-7,,Author mapping (no official NIST mapping for this rule),SP 800-82r3 5.3.1 Cyber-Related Safety Considerations,High,"Mitigation strategies at actionable process steps rely on locked rooms, two-person rules, and line supervision; none addresses changes made through control systems",Food defense plans,Partially met,Mitigations do not cover control system paths to the same steps,Moderate,"Add access restriction, change logging, and setpoint integrity checks as mitigation strategies (POAM-015, POAM-017)",Food Processing VP Food Safety and Quality,2027-03-31,None
FP-G07,FSMA intentional adulteration rule (N11-R01),N11-R01 (21 CFR 121.140),21 CFR 121.140,"Written procedures and records for food defense monitoring of mitigation strategies, with adequate frequency",Required,Yes - 7 processing plants,DE.CM-01; PR.PS-04,AU-6; AU-9,,Author mapping (no official NIST mapping for this rule),Not OT-specific,Medium,Monitoring records kept in the quality records service; some records are generated from line historians that operators can edit,Record history sample (90 records),Partially met,Historian-generated monitoring records can be changed without a trace,Moderate,Lock historian data used as records (POAM-016),Food Processing VP Food Safety and Quality,2027-03-31,None
FP-G08,FSMA intentional adulteration rule (N11-R01),N11-R01 (21 CFR 121.145),21 CFR 121.145,Written food defense corrective action procedures and records when mitigation strategies are not properly implemented,Required,Yes - 7 processing plants,RS.MA-01,IR-4,,Author mapping (no official NIST mapping for this rule),Not OT-specific,Medium,Procedures and records in place,Corrective action log,Met,None,Very Low,None,Food Processing VP Food Safety and Quality,,None
FP-G09,FSMA intentional adulteration rule (N11-R01),N11-R01 (21 CFR 121.150),21 CFR 121.150,"Food defense verification, including review of monitoring and corrective action records and verification of reanalysis",Required,Yes - 7 processing plants,ID.IM-01; DE.CM-09,CA-2; AU-6,,Author mapping (no official NIST mapping for this rule),Not OT-specific,Medium,Records reviewed weekly by plant quality managers; reviewers cannot tell whether historian values were altered,Review sign-offs,Partially met,Verification relies on records whose integrity is not assured,Moderate,Integrity controls (POAM-016),Food Processing VP Food Safety and Quality,2027-03-31,None
FP-G10,FSMA intentional adulteration rule (N11-R01),N11-R01 (21 CFR 121.157(a)),21 CFR 121.157(a),Reanalyze the food defense plan as a whole at least once every 3 years,Required,Yes - all 11 facilities,ID.IM-01,RA-3,,Author mapping (no official NIST mapping for this rule),Not OT-specific,Medium,Last reanalyzed in 2024; next due 2027,Reanalysis records,Met,None,Very Low,Schedule 2027 reanalysis with cyber scenarios,Food Processing VP Food Safety and Quality,2027-03-31,None
FP-G11,FSMA intentional adulteration rule (N11-R01),N11-R01 (21 CFR 121.157(b)(2)),21 CFR 121.157(b)(2),Reanalyze the plan or the applicable portion whenever you become aware of new information about potential vulnerabilities associated with the food operation or facility,Required,Yes - 7 processing plants,ID.IM-04; ID.RA-03,RA-3; CA-7,,Author mapping (no official NIST mapping for this rule),Not OT-specific,High,The 2026 assessment identified control system paths to actionable process steps; no reanalysis has been started,P07 results; P01 FP-001,Not met,New vulnerability information has not triggered reanalysis,High,"Start reanalysis of the affected portions now; complete within the reasonable timeframe the rule allows, with written justification (POAM-015)",Food Processing VP Food Safety and Quality,2027-03-31,None
FP-G12,FSMA intentional adulteration rule (N11-R01),N11-R01 (21 CFR 121.4(b)),21 CFR 121.4(b),Individuals assigned to actionable process steps (including temporary and seasonal staff) and their supervisors must be qualified and receive food defense awareness training,Required,Yes - 7 processing plants,PR.AT-01; PR.AT-02,AT-2; AT-3,,Author mapping (no official NIST mapping for this rule),Not OT-specific,Medium,Food defense awareness at hire for all line staff including seasonal; content has no control system examples,Training records,Partially met,Training does not mention control system tampering,Low,Add control system tampering examples to food defense awareness,Food Processing VP Food Safety and Quality,2027-03-31,None
FP-G13,FSMA intentional adulteration rule (N11-R01),N11-R01 (21 CFR 121.305),21 CFR 121.305,"Records must contain actual values, be accurate, indelible, and legible, be created concurrently, and include the date and time and the signature or initials of the performer",Required,Yes - all 11 facilities,PR.DS-01; PR.AA-01,AU-10; AU-9; IA-2,,Author mapping (no official NIST mapping for this rule),Not OT-specific,High,"Quality records signed by named users; some line HMIs use shared operator logins, so historian entries are not tied to a person",Record sample; HMI account list,Partially met,Shared HMI logins on 9 lines at 3 plants,Moderate,Named HMI logins on lines whose records feed food defense monitoring,Food Processing plant OT security manager,2027-03-31,None
FP-G14,FSMA intentional adulteration rule (N11-R01),N11-R01 (21 CFR 121.315; 121.320),21 CFR 121.315; 121.320,Keep records 2 years; the food defense plan must remain onsite (electronic records are onsite if accessible from an onsite location); make records promptly available for official review,Required,Yes - all 11 facilities,PR.DS-11; RC.RP-02,CP-9; CP-10,,Author mapping (no official NIST mapping for this rule),Not OT-specific,High,Plans and records in a cloud repository reachable from each facility; printed plan copies at 7 plants; packinghouses have no printed copy,Walkthroughs; repository,Partially met,Plan availability during a WAN or repository outage not assured at 4 packinghouses,Low,"Printed or offline copy at every facility, updated at each modification",Food Processing VP Food Safety and Quality,2026-12-31,None
FP-G15,"FDA preventive controls for human food, records",21 CFR 117.126(b),21 CFR 117.126(b),"Written food safety plan contents: hazard analysis, preventive controls, supply-chain program, recall plan, and procedures for monitoring, corrective actions, and verification",Required,Yes - all 11 facilities,ID.RA-05; GV.PO-01,RA-3; PL-2,,Author mapping (no official NIST mapping for this rule),SP 800-82r3 5.3.1 Cyber-Related Safety Considerations,High,"Plans at all 11 facilities. Process preventive controls (blanching, roasting) depend on PLC setpoints, but monitoring and verification assume the setpoints cannot change without a work order",Food safety plans; interviews with preventive controls qualified individuals,Partially met,Plans do not address unauthorized setpoint changes or loss of the electronic monitoring records they rely on (scenario gap 4),High,Add setpoint integrity verification and a records-outage procedure to affected plans (POAM-016),Food Processing VP Food Safety and Quality,2027-03-31,None
FP-G16,"FDA preventive controls for human food, records",21 CFR 117.305,21 CFR 117.305,"Records must contain actual values, be accurate, indelible, and legible, be created concurrently, and identify the facility, date and time, performer, and lot",Required,Yes - all 11 facilities,PR.DS-01; PR.AA-01,AU-10; AU-9; SI-7,,Author mapping (no official NIST mapping for this rule),Not OT-specific,High,Same record systems as Part 121 monitoring; editable historian data on some lines,Record sample,Partially met,Integrity of historian-based records not assured (FP-003),Moderate,Lock historian data used as records (POAM-016),Food Processing VP Food Safety and Quality,2027-03-31,None
FP-G17,"FDA preventive controls for human food, records",21 CFR 117.310,21 CFR 117.310,"The owner, operator, or agent in charge must sign and date the food safety plan on completion and on any modification",Required,Yes - all 11 facilities,GV.PO-01,PL-2,,Author mapping (no official NIST mapping for this rule),Not OT-specific,Low,Signed and dated electronically in the quality records service,Plan history,Met,None,Very Low,None,Food Processing VP Food Safety and Quality,,None
FP-G18,"FDA preventive controls for human food, records","21 CFR 117.315(a), (c)","21 CFR 117.315(a), (c)",Keep records at least 2 years; offsite storage allowed if records can be provided onsite within 24 hours; the food safety plan must remain onsite (electronic records accessible from onsite count),Required,Yes - all 11 facilities,PR.DS-11; PR.IR-03,CP-9; CP-6,,Author mapping (no official NIST mapping for this rule),Not OT-specific,High,2-year retention configured; plans accessible from each facility; printed copies at 7 plants only,Retention settings; walkthroughs,Partially met,Plan access during an outage not assured at 4 packinghouses,Low,Offline copy at every facility,Food Processing VP Food Safety and Quality,2026-12-31,None
FP-G19,"FDA preventive controls for human food, records",21 CFR 117.330,21 CFR 117.330,Existing records need not be duplicated if they contain the required information,Allowance,Yes,PR.DS-01,SI-12,,Author mapping (no official NIST mapping for this rule),Not OT-specific,Low,Line historian exports serve as monitoring records where they hold the required fields,Record mapping,Met,None,Very Low,None,Food Processing VP Food Safety and Quality,,None
FP-G20,"Records access, 21 CFR Part 1 Subpart J",21 CFR 1.337; 1.345,21 CFR 1.337; 1.345,Records identifying the immediate previous source of food received and the immediate subsequent recipient of food released,Required,"Yes - all 11 facilities (persons who manufacture, process, pack, or hold food)",ID.AM-07; PR.DS-01,AU-10; SI-12,,Author mapping (no official NIST mapping for this rule),Not OT-specific,High,Traceability system holds receiving and shipping records; Crop Farming lots arrive by nightly file and paper tags,Traceability reports,Partially met,Receiving links depend on an unverified nightly file (FP-006),Moderate,Signed manifests and control totals (POAM-018),Food Processing VP Food Safety and Quality,2027-03-31,None
FP-G21,"Records access, 21 CFR Part 1 Subpart J",21 CFR 1.360,21 CFR 1.360,"Retain records 6 months, 1 year, or 2 years after receipt and release depending on how quickly the food spoils (2 years for frozen food)",Required,Yes - all 11 facilities,PR.DS-11; ID.AM-08,SI-12; CP-9,,Author mapping (no official NIST mapping for this rule),Not OT-specific,Medium,Retention set to 2 years for all records,Retention settings,Met,None,Very Low,None,Food Processing VP Food Safety and Quality,,None
FP-G22,"Records access, 21 CFR Part 1 Subpart J",21 CFR 1.361,21 CFR 1.361,"When FDA has a reasonable belief of serious adverse health consequences, make records available as soon as possible, not to exceed 24 hours from receipt of the official request",Required,Yes - all 11 facilities,RC.RP-02; PR.IR-03,CP-10; CP-4,,Author mapping (no official NIST mapping for this rule),Not OT-specific,High,Records produced within hours in mock recalls; never tested with the traceability system or the farm data hub down,Mock recall reports 2025-2026,Partially met,24-hour production during a ransomware outage untested (scenario gap 5; FP-005),High,Quarterly 24-hour drill with systems down; offline lot ledger (POAM-018),Food Processing VP Food Safety and Quality,2027-03-31,None
FP-G23,Food Traceability Rule,21 CFR 1.1455(c)(3)(ii),21 CFR 1.1455(c)(3)(ii),"For foods on the Food Traceability List, provide requested key data elements as an electronic sortable spreadsheet within 24 hours when FDA needs them to address a threat to public health",Required (enforcement deferred),"Yes, for listed foods the division handles; FDA will not enforce before 2028-07-20 (Pub. L. 119-37, as described at 91 FR 31723)",RC.RP-02; ID.AM-07,CP-10; SI-12,,Author mapping (no official NIST mapping for this rule),Not OT-specific,Low,Current system does not hold all key data elements,Gap note 2026,Not met,Not yet able to produce the spreadsheet (FP-018),Low,Readiness project before 2028-07-20,Food Processing VP Food Safety and Quality,2028-03-31,Compliance date extension proposed (90 FR 38084); congressional direction not to enforce before 2028-07-20
FP-G24,Reportable Food Registry,21 U.S.C. 350f(d),21 U.S.C. 350f(d),A responsible party (the registrant of a food facility) must report a reportable food as soon as practicable and no later than 24 hours after determining it is a reportable food,Statutory duty,Yes - Food Processing registers its 11 facilities,RS.CO-02,IR-6,,Author mapping (no official NIST mapping for this rule),Not OT-specific,High,Recall plan includes the registry; it does not list control system tampering as a trigger for the reportable food determination,Recall plan,Partially met,Cyber trigger missing from the recall plan,Moderate,Add cyber triggers to the recall plan and the P08 matrix,Food Processing VP Food Safety and Quality,2026-12-31,None
FP-G25,OSHA Process Safety Management,29 CFR 1910.119(l),29 CFR 1910.119(l),"Written management of change procedures for changes (except replacement in kind) to process chemicals, technology, equipment, and procedures, addressing technical basis, safety impact, and authorization before the change",Required,"Yes - ammonia refrigeration at the 2 frozen vegetable plants (above the Appendix A threshold of 10,000 lb)",ID.RA-07; PR.PS-01,CM-3; CM-4,,Author mapping (no official NIST mapping for this rule),SP 800-82r3 5.3.1 Cyber-Related Safety Considerations,High,Management of change covers mechanical changes; control logic and setpoint changes made by the refrigeration contractor through PAM are logged as sessions but not routed through management of change,PAM records; MOC log,Partially met,Control system changes bypass management of change (FP-002),High,Route control logic and setpoint changes through MOC; weekly session review (POAM-017),Food Processing plant OT security manager,2026-12-31,None
FP-G26,OSHA Process Safety Management,"29 CFR 1910.119(j)(1)(v), (j)(2)",29 CFR 1910.119(j),"Mechanical integrity procedures for process equipment, including controls (monitoring devices, sensors, alarms, and interlocks)",Required,Yes - 2 frozen vegetable plants,PR.PS-03; ID.AM-08,MA-2; MA-6,,Author mapping (no official NIST mapping for this rule),SP 800-82r3 5.3.1 Cyber-Related Safety Considerations,Medium,"Inspection and testing of sensors, alarms, and interlocks on schedule",Mechanical integrity records,Met,None,Very Low,None,Food Processing plant OT security manager,,None
FP-G27,FAR basic safeguarding (N42-R04),N42-R04 (FAR 52.204-21(b)(1)),48 CFR 52.204-21(b)(1),"Apply the basic safeguarding requirements (access control, identification and authentication, media sanitization, physical access, boundary protection, flaw remediation, malware protection) to systems that process federal contract information",Contract clause,Yes - USDA commodity contracts include 52.204-21,PR.AA-05; PR.IR-01,AC-2; IA-2; SC-7; SI-2; SI-3,,Author mapping (no official NIST mapping for this rule),Not OT-specific,Low,Group common controls cover the requirements; no mapping documents it,Contract files,Partially met,Mapping not documented (FP-010),Low,Map the requirements to the common control catalog,Food Processing security and compliance lead,2027-03-31,None
FP-G28,Section 889 prohibition (N42-R05),N42-R05 (FAR 52.204-25(d)),48 CFR 52.204-25(d),"Report covered telecommunications equipment or services identified during contract performance within 1 business day, then within 10 business days",Contract clause,Yes - USDA commodity contracts include 52.204-25,GV.SC-05; ID.AM-01,SR-5; CM-8,,Author mapping (no official NIST mapping for this rule),Not OT-specific,Low,Procurement screening since 2021; camera systems at 3 older plants not yet re-checked,Procurement records,Partially met,Older camera systems not re-checked (FP-011),Low,Inventory review; reporting procedure in the P08 matrix,Food Processing security and compliance lead,2026-12-31,None
FP-G29,Kaspersky prohibition,48 CFR 52.204-23(c),48 CFR 52.204-23(c),"Report a Kaspersky covered article identified during contract performance within 3 business days, then within 10 business days",Contract clause,Yes - USDA commodity contracts include 52.204-23,GV.SC-05; ID.AM-02,CM-8; SR-5,,Author mapping (no official NIST mapping for this rule),Not OT-specific,Low,Software inventory shows no covered articles; EDR and scanners from other vendors,Software inventory,Met,None,Very Low,Reporting procedure in the P08 matrix,Food Processing security and compliance lead,,None
FP-G30,Customer agreements (contract),Retail and foodservice agreements,Customer agreements,Notify customers within 24 hours of events that could affect product safety or supply; maintain annual third-party food safety certification audits,Contractual,Yes - retail and foodservice customers,RS.CO-02; GV.SC-05,IR-6,,Author mapping (no official NIST mapping for this rule),Not OT-specific,High,Certification audits passed at all 11 facilities; customer notice clock not in the incident matrix,Audit certificates; agreements,Partially met,Notice clock missing (FP-009),Moderate,Customer rows in the matrix (P08),Food Processing security and compliance lead,2026-11-30,None
