evidence_id,title,source_system,artifact_type,owner,as_of_date,collected_date,collected_by,phase,what_it_shows,used_by
EV-001,Identity provider user and MFA registration export,Identity provider admin console (SYS-10),export,IT Director,2026-06-30,2026-06-30,Security Manager,Intake,"About 560 active workforce accounts (office, supervisors, maintenance, FSQA, IT), each with MFA registered; email, ERP, WMS, the cloud console, the food safety records application and VPN sign in through the identity provider; no HMI, SCADA, MES or other OT system signs in through it",P02;P04;P01;P03;P07;P09
EV-002,Identity provider conditional access and authentication policy export,Identity provider admin console (SYS-10),export,IT Director,2026-06-30,2026-06-30,Security Manager,Intake,"MFA required for all workforce accounts, the cloud console and VPN; push with number matching for non-privileged users; phishing-resistant security keys for cloud administrator roles; replay-resistant authenticators only; 14-character minimum password with a banned list; 15-minute lockout after 10 failed sign-ins; accounts disabled after 45 days of inactivity; 12-hour session lifetime; risk-based sign-in blocking on",P02;P04;P01;P03;P07;P09
EV-003,"HR roster and workforce activity report, 2025-07-01 to 2026-06-30","HR, payroll and timekeeping SaaS (SYS-17)",export,HR Director,2026-06-30,2026-07-01,Security Manager,Intake,"About 850 employees: Plant 1 about 520 (production 340, sanitation 45, maintenance, refrigeration and controls 40, FSQA 30, warehouse and shipping 45, supervision and administration 20), Plant 2 about 240, corporate about 90 (14 in IT and security); about 760 hourly employees paid weekly; about 40 Plant 2 employees with a Georgia home address; agency temporary time records, with up to 120 temporaries added from October to December; average of about 870 employees including temporaries over the 24 completed months; 74 terminations and 31 transfers of employees holding identity provider accounts, each with an effective date",P05;P01;P03;P07;P08
EV-004,HR-to-identity provider provisioning feed configuration and logs,Identity provider admin console (SYS-10); HR SaaS (SYS-17),export,IT Director,2026-06-30,2026-06-30,Security Manager,Intake,"The HR feed creates identity provider accounts at hire, disables them at termination and updates groups on transfer; the same HR ticket triggers badge removal; badge requests are approved by department managers; HMI, SCADA, MES and Plant 2 directory accounts are outside the feed",P02;P01;P03;P07;P09
EV-005,"User access review record, January 2026",Identity provider access review campaigns; GRC folder,report,Security Manager,2026-01-30,2026-06-22,GRC Analyst,Intake,"Annual review campaign for identity provider accounts completed in January 2026; no review record for HMI, SCADA, MES or Plant 2 directory accounts",P02;P04;P01;P03;P07;P09
EV-006,Privileged account inventory and privileged access configuration,Identity provider; cloud identity account; privileged access broker,export,IT Director,2026-06-30,2026-06-30,Security Manager,Intake,"22 named privileged identity provider and cloud accounts; just-in-time elevation through the privileged access broker covers cloud and domain administrators only; identity provider, ERP and WMS administrators use everyday accounts with elevated roles; break-glass accounts exist for the cloud only (2, stored offline); privileged identity provider and cloud actions are logged to the SIEM; the ERP role export lists company-assigned roles; database administration is limited to 2 named engineers through the broker",P02;P04;P01;P03;P07;P09
EV-007,"OT account lists: HMIs, SCADA and MES at both plants","HMI security settings; SCADA and MES user lists (SYS-01 to SYS-03, SYS-06)",export,Controls Engineering Manager,2026-06-26,2026-06-29,OT security engineer,Intake,"HMIs at both plants sign in with shared operator accounts (for example ""line3op"" and ""p2maint""); 47 OT privileged or engineering accounts (Plant 1 31, Plant 2 16), password only; engineering accounts hold administrator rights on SCADA and the MES; Plant 1 MES roles are operator, supervisor, FSQA approver and administrator; Plant 2 blender HMIs use one maintenance password for recipe edits; HMI setpoint screens accept cook and chill values with no range limit; no account lockout on HMIs; engineering workstations and SCADA consoles have no screen lock",P02;P01;P03;P07
EV-008,Prior owner's Plant 2 directory export,Plant 2 on-premises directory (prior owner),export,IT Director,2026-06-30,2026-06-30,Security analyst,Intake,The prior owner's directory still runs Plant 2 OT logins and file shares; 9 accounts have no identified owner; directory accounts are not covered by the identity provider inactivity rule,P02;P01;P03;P07
EV-009,Food safety records application settings and user list,Records application admin console (SYS-07 workloads account),export,Vice President of Food Safety and Quality Assurance,2026-06-30,2026-06-30,Security Manager,Intake,"Audit trail on, recording create, change and delete events with old and new values; entries are signed with typed initials; one shared administrator account can edit completed records; roles from identity provider groups (QA technician, FSQA reviewer, plant manager, auditor); idle sessions end after 15 minutes; records kept 2 years; Plant 2 sanitation crews share one login on the floor tablet",P02;P04;P01;P03;P07
EV-010,"Endpoint management, mobile device management and EDR console export","Endpoint management and EDR consoles (SYS-11, SYS-12)",export,IT Director,2026-06-30,2026-06-30,Security analyst,Intake,"About 520 laptops and desktops (about 400 laptops) and 160 shared production-floor terminals and tablets; EDR reports on all managed endpoints and cloud servers (Plant 2 since 2025-11); full-disk encryption on laptops; USB storage blocked and a 10-minute screen lock on office endpoints; floor terminals switch users by badge tap; standard users have no local administrator rights; tablets and 110 handheld scanners enrolled in mobile device management with passcode, encryption and remote wipe; no EDR agent on OT Windows hosts (SCADA, MES, historians, engineering workstations)",P02;P04;P01;P03;P07;P09
EV-011,Plant 1 OT asset export and alert settings from the passive sensor,Plant 1 passive OT monitoring console (SYS-15),export,OT security engineer,2026-06-30,2026-06-30,OT security engineer,Intake,"Sensor installed 2026-01; lists about 180 PLCs, 64 HMIs and 9 inspection devices (x-ray units and metal detectors) plus SCADA, historian, MES and engineering workstation hosts; compared with maintenance records the export covers about 75% of Plant 1 OT devices; 6 HMIs report operating systems past vendor support; new devices and unusual industrial protocol commands raise alerts on a local console that the OT security engineer reviews weekly; alerts are not forwarded to the MSSP",P02;P01;P03;P07
EV-012,Plant 2 OT equipment list from the controls integrator and maintenance records,Plant 2 integrator equipment list; Plant 2 maintenance system,document,Controls Engineering Manager,2026-06-19,2026-06-23,OT security engineer,Intake,"About 60 PLCs and 22 HMIs (grinders, blenders with inline fat analyzers, case-ready cutting, tray packaging, 5 metal detectors) listed from integrator and maintenance records; 3 HMIs on operating systems past vendor support; the company keeps no OT asset inventory of its own for Plant 2",P02;P01;P03;P07
EV-013,Unsupported OT components and OT patch records,Controls engineering files,report,Controls Engineering Manager,2026-06-30,2026-07-01,OT security engineer,Intake,"9 HMIs (6 Plant 1, 3 Plant 2) and 2 engineering workstations run operating systems past vendor support; Plant 1 tracks its unsupported components; OT hosts are patched at most once a year, in the sanitation windows; Plant 1 has documented baselines for SCADA and MES servers and none for HMIs or engineering workstations; Plant 2 has none; unneeded services are off on Plant 1 SCADA servers",P02;P01;P03;P07
EV-014,"Network diagrams and firewall rule exports, both plants",Firewall management consoles; IT network documentation,document,IT Director,2026-06-24,2026-06-25,Security Manager,Intake,"Plant 1 follows a zone model (levels 0-2, level 3, an OT DMZ built 2024, business network) with deny-by-default rules between levels 3 and 4 and DMZ brokers for historian replication and MES-to-ERP flows; Plant 2 office, OT and cold-chain gateways share one network with allow-all internal routing, and its site-to-cloud IPsec tunnel starts on that network; a current diagram exists for Plant 1 and none for Plant 2; Plant 2 firewall firmware is about a year old; SD-WAN between sites; data in transit to the cloud and SaaS uses TLS 1.2 or higher and IPsec; industrial protocols on levels 0-2 are unencrypted",P02;P04;P01;P03;P07
EV-015,Wireless controller configuration and circuit inventory,Wireless controller; carrier circuit inventory,export,IT Director,2026-06-24,2026-06-25,Security analyst,Intake,Corporate Wi-Fi uses certificate-based WPA3-Enterprise; Plant 2 cold-chain gateways and handheld scanners join the Plant 2 office Wi-Fi with a shared key; Plant 1 has two ISPs and Plant 2 one; cellular failover for Plant 2 is listed as planned,P05;P02;P01;P03;P07
EV-016,"Plant 1 remote access gateway configuration and session logs, 2026 Q2",Remote access gateway (SYS-14),export,OT security engineer,2026-06-30,2026-06-30,OT security engineer,Intake,"Plant 1 vendors connect through the gateway (2025) with MFA, named accounts and session recording; temporary vendor accounts expire after 30 days; 2 vendor accounts stay enabled between sessions; workforce remote access uses the identity-aware VPN with MFA; the last known-exploited vulnerability on the gateway was patched 9 days after release; refrigeration predictive maintenance telemetry leaves through the OT DMZ broker outbound only",P02;P04;P01;P03;P07
EV-017,Plant 2 remote access records,Plant 2 firewall VPN configuration; refrigeration contractor service records,export,IT Director,2026-06-30,2026-07-01,Security Manager,Intake,"The Plant 2 controls integrator connects through one shared VPN account that does not expire, has no MFA and has no session log; the Plant 2 refrigeration contractor keeps an always-on cellular modem on the refrigeration controller with credentials it manages, and its encryption settings are not visible to the company; integrator laptops connect directly to Plant 2 PLCs; controller change history is kept by the contractor",P02;P04;P01;P03;P07
EV-018,"Vulnerability scan reports, 2026 Q1-Q2",Vulnerability scanner; cloud agentless assessment,report,Security Manager,2026-06-30,2026-07-01,Security analyst,Intake,Monthly authenticated scans of IT and cloud hosts and monthly agentless assessment of cloud virtual machines; 64 Critical and High findings in 2026 Q1-Q2 with target dates; OT hosts are outside the scan scope; the Plant 1 passive sensor lists OT vulnerabilities by device; no OT vulnerability data for Plant 2,P02;P04;P01;P03;P07;P09
EV-019,OT security advisory tracking log,OT security engineer's ticket queue,report,OT security engineer,2026-06-30,2026-06-30,OT security engineer,Intake,CISA ICS advisories and vendor bulletins are reviewed weekly and tickets opened for affected assets; entries for the 2025 food sector ransomware advisories and a 2026-05 advisory,P02;P01;P07
EV-020,Cloud organization inventory and configuration export,Cloud organization console (SYS-07),export,IT Director,2026-06-30,2026-06-30,Security Manager,Intake,"4 accounts (identity and security, shared services, workloads, backup) under organization guardrails that deny public storage, unencrypted volumes and unapproved regions; workloads: food safety records application, historian replicas, traceability and recall database, customer traceability portal, EDI gateway, data warehouse; company-managed keys with separate keys for the backup account; control-plane, network, database and application logs from all accounts in a write-once bucket kept 2 years; root credentials sealed; posture and threat detection on in all 4 accounts; administrators reach workloads through the privileged access broker with session recording; guest operating systems are patched monthly with a drift report; the records application developer patches application libraries monthly",P02;P04;P01;P03;P07;P09
EV-021,"Cloud backup job reports and vault configuration, April to June 2026",Cloud backup service (backup account),report,IT Director,2026-06-30,2026-07-01,Security analyst,Intake,"Daily backups of the cloud workloads to the backup account in a second region, all completed; 35-day write-once retention; 2 named backup administrators with separate credentials; a cross-account role writes but cannot delete; backup integrity checks run by the service",P05;P02;P04;P01;P03;P07;P09
EV-022,"Plant 1 OT backup server inventory, job logs and PLC repository listing",Plant 1 OT backup server; OT program repository,export,Controls Engineering Manager,2026-06-30,2026-07-01,OT security engineer,Intake,"Nightly Plant 1 SCADA and MES backups go to an OT backup server in the Plant 1 OT server room, which is online and has no write-once setting; the repository holds programs for about 75% of Plant 1 PLCs; there is no company repository or backup job for Plant 2: PLC programs and blend recipes are on the integrator's laptops and in the blender HMIs, and the Plant 2 label server has no backup job",P05;P02;P01;P03;P07
EV-023,Restore and disaster recovery test records,IT and controls engineering files,report,IT Director,2026-06-30,2026-07-01,Security Manager,Intake,"Restore tests on record: Plant 1 SCADA server (2025) and food safety records application (2026-04); none for the MES, historians, Plant 2 systems, PLC programs, refrigeration controller configurations, the traceability database, the portal or the EDI gateway; disaster recovery tests cover the cloud workloads only; cloud workloads have documented rebuild steps",P05;P02;P04;P01;P03;P07;P09
EV-024,"SIEM source list, MSSP contract and monthly reports",MSSP portal and SIEM (SYS-12); contract register,report,Security Manager,2026-06-30,2026-06-30,Security Manager,Intake,"SIEM sources: identity provider, cloud, firewalls, email and EDR; no OT source; IT logs kept 1 year searchable; detection use cases cover IT; plant firewall and remote access gateway logs are kept on the devices for 30 to 90 days; the contract requires a call to the Security Manager within 30 minutes of a high-severity alert; the MSSP isolates IT endpoints; MSSP SOC 2 Type 2 on file",P02;P04;P01;P03;P07;P08;P09
EV-025,"Historian configuration exports, both plants",SCADA historians (SYS-03),export,Controls Engineering Manager,2026-06-30,2026-07-01,OT security engineer,Intake,Plant 1 historian audit trail on; Plant 2 historian audit trail off and no retention period set; historian and MES audit logs can be cleared by engineering accounts; Plant 1 OT servers take time from the DMZ time source; historian replicas go to the cloud landing zone every 15 minutes,P02;P04;P01;P03;P07
EV-026,"Plant 1 MES configuration and formulation release log, 2026 Q2",Plant 1 MES (SYS-06),export,Vice President of Food Safety and Quality Assurance,2026-06-30,2026-07-01,OT security engineer,Intake,"58 formulation releases in 2026 Q2, each with an author and a separate FSQA approver; release checksums recorded; cure and brine values outside approved ranges are rejected; the MES sends setpoints to the dosing skid, injectors and smokehouses and prints lot codes and labels; signed formulation masters are kept in the FSQA library; operator logins are shared",P05;P02;P01;P03;P07
EV-027,"OT change records, 2026 Q1-Q2",Controls engineering change ticket system,export,Controls Engineering Manager,2026-06-30,2026-07-01,OT security engineer,Intake,"186 Plant 1 and 41 Plant 2 OT change records; Plant 1 tickets are reviewed by the Controls Engineering Manager; the ticket template has no field for HACCP reassessment, SSOP revision or PSM management of change review; one Plant 1 ticket changed a CIP sequence in 2026-03; PLC programming software is installed on Plant 1 engineering workstations",P02;P01;P03;P07
EV-028,Cold-chain monitoring configuration export,Cold-chain monitoring dashboard (SYS-05),export,Director of Supply Chain and Logistics,2026-06-30,2026-06-30,Security analyst,Intake,"About 260 sensors (Plant 1 about 180, Plant 2 about 60, yard trailers about 20); Plant 1 alerts escalate through three roles by app and phone; Plant 2 alerts go by SMS to one on-call supervisor with no escalation step; Plant 2 gateways connect through the Plant 2 office Wi-Fi; gateways buffer 24 hours locally; vendor administrator roles can edit customer alert rules; a written manual temperature log procedure exists for Plant 1 and none was provided for Plant 2",P05;P02;P04;P01;P03;P07
EV-029,"Security program charter, audit committee minutes and 2025 internal IT audit report",Board portal; vCISO files,document,vCISO,2026-06-22,2026-06-22,GRC Analyst,Intake,Program charter (2024) led by the vCISO names the Security Manager as security lead and incident commander; quarterly cyber risk reports to the audit committee (independent chair) since 2025; the co-sourced firm's 2025 internal IT audit report went to the audit committee,P02;P01;P03;P07;P09
EV-030,"Security policies and standards library, with the document request response",Intranet policy library; document request list,document,GRC Analyst,2026-06-22,2026-06-22,GRC Analyst,Intake,"Five security policies adopted in 2024; two standards from 2024 (vulnerability and patch management; authenticator and privileged access); a 2024 remote access procedure for the workforce VPN and the Plant 1 gateway; the request for OT standards (remote access, change, backup, monitoring), a configuration standard, an acquisition integration standard and an AI policy or standard returned none; POL-05 acknowledgment report shows 96% of account holders; shared terminal users and agency temporaries acknowledge no rules of behavior",P02;P01;P03;P06;P07;P09
EV-031,Incident response plan (2024) and IT disaster recovery plan and procedure (2024),Intranet; restricted IT library,document,Security Manager,2026-06-22,2026-06-22,GRC Analyst,Intake,"The 2024 incident response plan covers IT incidents, with no OT playbook and no step for product holds (9 CFR 417.3(b)), FSIS notification (418.2) or the PSM and RMP emergency response plans, and no breach decision log; no plant tabletop is recorded; the 2024 IT disaster recovery plan covers the cloud workloads, was last reviewed in 2024 and is kept in a restricted library",P02;P01;P03;P07;P08
EV-032,"Enterprise risk assessment, July 2025",GRC folder,document,GRC Analyst,2025-07-31,2026-06-22,GRC Analyst,Intake,Annual enterprise risk assessment dated July 2025,P01;P07
EV-033,"Security incident log, 12 months to 2026-06-30",IT ticketing system,export,Security Manager,2026-06-30,2026-07-01,Security analyst,Intake,"17 security incidents, all IT events, including a phishing incident in 2026-03 with lessons recorded; no OT event or floor tampering report is logged",P02;P01;P03;P07;P08
EV-034,"Security awareness, phishing and orientation training reports",Learning management system; phishing simulation platform; HR orientation records,report,HR Director,2026-06-30,2026-07-01,Security analyst,Intake,"Annual awareness training and phishing simulations for the about 560 identity provider account holders; June 2026 phishing click rate 9.4%; production, sanitation and maintenance workers and agency temporaries complete food defense awareness at orientation and have no security module assigned; no OT security training record for controls engineers; IT responders and the MSSP have incident response training records",P02;P01;P03;P07;P09
EV-035,Cyber insurance policy,Chief Financial Officer's files,document,Chief Financial Officer,2026-06-24,2026-06-24,GRC Analyst,Intake,"$15 million aggregate limit and $500,000 retention; the carrier's panel supplies breach counsel and an OT-capable forensic firm; notice must go through the carrier hotline before incident vendors are engaged",P05;P02;P01;P08;P09
EV-036,"HR policies, job descriptions and checklists",HR files,document,HR Director,2026-06-23,2026-06-23,GRC Analyst,Intake,"Code of conduct with a disciplinary procedure; job descriptions for IT, security and customer service roles; Security Manager and IT Director objectives include security metrics; onboarding checklist covers security responsibilities; exit checklist covers property return and handover; background checks at hire for office, FSQA, IT and controls staff; staffing agency contracts for temporaries, with agency screening not reported to the company; the employee health plan is fully insured through a carrier",P02;P03;P07;P09
EV-037,"FSIS grants of inspection, product lists and site records",FSQA files; facilities records,document,Vice President of Food Safety and Quality Assurance,2026-06-24,2026-06-24,GRC Analyst,Intake,"Both plants hold federal grants of inspection under the Federal Meat Inspection Act; product lists show only FSIS-inspected meat products (bacon, smoked sausage and franks, hams, sliced deli meats, fresh sausage, case-ready cuts, ground beef and pork); no FDA food facility registration is on file; neither site is on navigable water or holds a Coast Guard facility security plan; no submission to the DHS PCII program",P03;P08
EV-038,"HACCP plans, hazard analyses, flow charts, validation files and records schedule, both plants",FSQA restricted library (SYS-13),document,Vice President of Food Safety and Quality Assurance,2026-06-24,2026-06-24,GRC Analyst,Intake,"Plant 1 plans cover 4 product categories and Plant 2 plans 2; CCPs are cook, stabilization, cold storage and foreign material (x-ray on Lines 5-7 and metal detection) at Plant 1, and cold storage and metal detection at Plant 2; hazard analyses reassessed 2026-02 and 2026-04; plans signed by each Plant Manager; flow charts do not show the dosing skid or blenders; corrective action procedures address equipment failures; no validation record for the 2025-10 move of Plant 2 CCP monitoring to the company historian; no reassessment record for the 2025-09 AI-001 deployment; annual reassessment records; thermometer and probe calibration logs; weekly FSQA observation logs; HACCP training certificates for the VP FSQA and both plant FSQA managers; records schedule: 1 year for refrigerated and 2 years for frozen product records",P05;P02;P01;P03;P10
EV-039,"Sanitation SOPs and SSOP review records, both plants",FSQA library,document,Plant 1 FSQA Manager,2026-06-24,2026-06-24,GRC Analyst,Intake,"Written SSOPs at both plants (Plant 2 rewritten 2025-06), signed by each Plant Manager, with pre-operational, CIP and operational procedures and corrective actions; annual SSOP review record for 2025; the Plant 1 SSOP signature page predates the 2026-03 CIP sequence change",P02;P03
EV-040,Recall procedures and mock recall reports,FSQA library,document,Vice President of Food Safety and Quality Assurance,2026-06-30,2026-06-30,GRC Analyst,Intake,Written recall procedures at both plants with the 24-hour FSIS notice step; mock recalls in 2026-02 and 2026-06 traced lots in 2.5 and 3 hours using the cloud traceability database; a records index,P05;P01;P03;P08
EV-041,"Listeria control program and hold-and-test log, 2026 H1 (Plant 1)",Records application; FSQA library,document,Plant 1 FSQA Manager,2026-06-30,2026-06-30,GRC Analyst,Intake,Alternative 2 with an antimicrobial agent in the formulations and food contact surface testing; 7 hold-and-test events in 2026 H1; contract laboratory results arrive by email and are re-keyed; quarterly trend reports,P05;P03
EV-042,Food defense plans and food defense monitoring logs,FSQA restricted library (Plant 1); Plant 2 general share,document,Vice President of Food Safety and Quality Assurance,2026-06-24,2026-06-24,GRC Analyst,Intake,"Plant 1 plan (2022) assesses physical access to process steps; Plant 2 uses the prior owner's 2019 plan; neither plan lists remote or insider manipulation of the dosing skid, injectors, smokehouses, CIP or blenders; no reanalysis record since 2022 (Plant 1) or 2019 (Plant 2); daily lock and CCTV check logs at Plant 1 and none at Plant 2",P01;P03;P06
EV-043,"PSM and RMP program documents, both plants",Engineering and maintenance files,document,Director of Engineering and Maintenance,2026-06-26,2026-06-26,GRC Analyst,Intake,"About 42,000 lb (Plant 1) and 18,000 lb (Plant 2) of anhydrous ammonia; RMP Program 3 submissions on file, including the Plant 2 update after the change of ownership filed 2025-08, with no reportable accident in 5 years; PHAs: Plant 1 2022 (revalidation due 2027-04), Plant 2 2021 (due 2026-12); compliance audits: Plant 1 2025, Plant 2 2024 by the prior owner with 3 findings open; process safety information lists mechanical safety systems and not the controllers' network connections or remote access paths; operating procedures cover leaks and power loss; an incident investigation procedure; emergency action and response plans current, coordinated with the local emergency planning committee, with no cyber scenario; hardwired ammonia detection and alarms",P05;P02;P01;P03;P08
EV-044,"PSM management of change log, mechanical integrity and contractor records, 2025-2026",Engineering and maintenance files,export,Director of Engineering and Maintenance,2026-06-26,2026-06-26,GRC Analyst,Intake,"24 management of change records (18 Plant 1, 6 Plant 2); monthly ammonia detector and alarm test records; mechanical integrity procedures cover sensor calibration and alarm function tests; the mechanical integrity follow-up log tracks each open item to closure; safety performance evaluations for both refrigeration contractors; refrigeration maintenance follows the mechanical integrity program",P02;P01;P03
EV-045,"Electrical drawings and generator test logs, both plants",Engineering files,document,Director of Engineering and Maintenance,2026-06-26,2026-06-26,GRC Analyst,Intake,"Standby generators at both plants carry refrigeration, SCADA and server rooms with about 72 hours of fuel and monthly tests; the Plant 2 ammonia detection panel and the cold-chain gateways are not on generator circuits",P05;P02;P01;P03
EV-046,Plant 1 brine system drawings,Engineering files,document,Controls Engineering Manager,2026-06-26,2026-06-26,OT security engineer,Intake,The Injector 1 brine system has a hardwired interlock that blocks CIP chemical valves in production mode; the Injector 2 drawings show no such interlock,P01;P03
EV-047,"Accounts payable vendor master, 12 months to 2026-06-30",ERP (SYS-08),export,Chief Financial Officer,2026-06-30,2026-07-01,GRC Analyst,Intake,"Payments include the cloud provider, identity provider, productivity suite, ERP, WMS, HR SaaS, MSSP, EDI network provider, cold-chain monitoring vendor, the 2 controls integrators, the 2 refrigeration contractors, the AI vision inspection vendor, the refrigeration analytics vendor, the records application developer, the contract laboratory, the benefits administrator, the retirement plan recordkeeper, staffing agencies, a co-packer, the media destruction vendor and the cyber insurer",P04;P03;P09;P10
EV-048,Contract register and vendor access list,Contract register (General Counsel); GRC Analyst's vendor list,document,GRC Analyst,2026-06-30,2026-07-01,GRC Analyst,Intake,"26 vendors flagged with OT, cloud or data access; IT SaaS, ERP, WMS, EDI network and cloud contracts include security and breach notice terms (EDI network: notice 'promptly'); contracts with the 2 controls integrators, the 2 refrigeration contractors, the cold-chain vendor and the AI vision vendor have no security, change notice or incident notice terms, and no interconnection terms; the Plant 2 integrator contract was inherited from the prior owner; integrator and contractor staff sign confidentiality terms; HR, payroll and timekeeping SaaS contract: breach notice within 5 days; benefits administrator and retirement plan recordkeeper contracts: no notice term; a co-packer agreement covers fresh sausage",P04;P01;P03;P07;P08;P09
EV-049,Vendor assurance and review files,GRC vendor files,document,GRC Analyst,2026-06-30,2026-07-01,GRC Analyst,Intake,"SOC 2 Type 2 reports on file for the cloud provider, identity provider, ERP, WMS, MSSP and HR SaaS vendors; IT SaaS vendors completed a questionnaire at onboarding; no SOC 2 report from the cold-chain monitoring vendor or the AI vision vendor; no security review record for the controls integrators or refrigeration contractors",P04;P01;P03;P07;P09
EV-050,Cloud provider SOC 2 report and shared responsibility documentation,Cloud provider compliance portal,report,IT Director,2026-03-31,2026-06-25,Security Manager,Intake,"Type 2 report for the 12 months ending 2026-03-31 (Security, Availability, Confidentiality), with colocation providers in some regions carved out; published shared responsibility description for the services in use; provider-validated cryptographic modules; physical and environmental controls at provider sites",P04;P02;P09
EV-051,Customer supply agreements and sales mix,Contract register; ERP sales reporting,document,Vice President of Sales and Customer Service,2026-06-30,2026-07-01,GRC Analyst,Intake,"Grocery chains about 70% of sales (largest about 22%), foodservice distributors about 25%, club stores about 5%; the largest chain's 2026 supply agreement requires GFSI-benchmarked certification, a food defense plan, notice within 24 hours of events affecting product safety or committed volumes, and a SOC 2 Type 2 report on the portal and EDI services by 2027-12-31; GFSI certificates current at both plants; customer notice contacts listed; no consumer sales, card payments or federal contracts",P05;P03;P08;P09
EV-052,Customer traceability portal and EDI gateway records,Portal and EDI gateway admin consoles; code repository (SYS-07 workloads account),export,IT Director,2026-06-30,2026-07-01,Security Manager,Intake,"38 customer organizations; MFA enforced for customer users since 2026-06; about 1,900 EDI purchase orders and advance ship notices a week; EDI documents validated against partner maps before entry to the ERP, with rejected documents alerting customer service; TLS 1.2 or higher and AS2 signing for EDI partners; EDI documents kept 90 days; certificate of analysis versions not kept; portal code changes by pull request with review and automated tests; capacity monitoring of the EDI gateway and database; managed edge protection and rate limits; lot data arrive from the ERP and WMS through an integration service with its own logs; EDI partner list and implementation guides per partner; certificate of analysis template and samples; advance ship notice samples",P05;P04;P01;P09
EV-053,Badge system report and visitor logs,Badge access system; site visitor logs,export,"Plant Manager, Plant 1",2026-06-30,2026-06-30,Security analyst,Intake,"Badge access at plant entrances and Plant 1 production, the Plant 1 dosing skid room and the Plant 1 OT server room; Plant 2 refrigeration contractors hold badge access to the engine room; visitor sign-in logs at both plants, with Plant 1 escort entries for vendor technicians",P02;P01;P03;P07;P09
EV-054,CCTV camera map,Site security system,document,"Plant Manager, Plant 1",2026-06-26,2026-06-26,Security analyst,Intake,"Cameras cover docks, entrances and the Plant 1 dosing skid room; no cameras in Plant 2 production or blending areas",P02;P03
EV-055,Media destruction certificates,Destruction vendor certificates,document,IT Director,2026-06-30,2026-06-30,Security analyst,Intake,Certificates of destruction for retired drives and paper records,P02;P03;P09
EV-056,Productivity suite file share permissions,Productivity suite admin console (SYS-13),export,IT Director,2026-06-30,2026-06-30,Security analyst,Intake,"The Plant 1 FSQA library is restricted to named FSQA staff and holds the formulation masters and the Plant 1 food defense plan; the Plant 2 general share is open to all Plant 2 office staff and holds the Plant 2 food defense plan, formulation copies and Plant 2 HR files",P01;P03;P07
EV-057,"Sales by plant and inventory valuation, 12 months to 2026-06-30",ERP general ledger and inventory valuation (SYS-08),report,Chief Financial Officer,2026-06-30,2026-07-01,GRC Analyst,Intake,"About $480 million in sales: Plant 1 about $330 million and Plant 2 about $150 million, over about 250 production days; about $9.2 million of invoices a week; cooler and freezer inventory of about $9 million at Plant 1 and about $3 million at Plant 2 on a typical day",P05;P01
EV-058,AI tool discovery,Identity provider app list; accounts payable vendor master; HR SaaS release notes; department heads survey,report,vCISO,2026-06-29,2026-06-30,GRC Analyst,Intake,"AI vision inspection in production on Plant 1 Lines 5-7 since 2025-09; ERP demand forecasting module in use, with a model change in 2026; refrigeration predictive maintenance analytics at Plant 1 since 2026-03; HR SaaS applicant ranking feature turned on by the vendor in a 2026-04 release; a proposal for an enterprise generative AI assistant pilot for 40 office users; staff report using public generative AI tools; no AI policy, standard or approved-tools list was found",P01;P03;P10
EV-059,AI vision inspection system records,AI vision vendor contract; edge server and change records,document,Plant 1 FSQA Manager,2026-06-30,2026-07-01,GRC Analyst,Intake,"Edge servers sit on the Line 5-7 HMI network; the vendor's remote support tool is always on; 2 model updates in 2026 arrived without notice; the contract has no image retention, data use or change notice terms; no document sets out how AI-001 relates to the x-ray and metal detection CCP; the x-ray units and metal detectors run standalone from the MES",P05;P01;P03;P10
EV-060,BIA interviews with process owners,"Interviews (process owners in bia.csv, Controls Engineering Manager, Director of Engineering and Maintenance)",interview,Security Manager,2026-07-06,2026-07-15,Security Manager,P05 fieldwork,"Each owner's description of the process, its systems, people and suppliers, its manual workaround, the longest outage and data loss it can tolerate, and the share of lost output not recovered (about 30% for packaging); Plant 1 can run ground pork and Plant 2 cannot run cooked products; refrigeration runs on local controllers if SCADA is lost",P05
EV-061,Risk interviews and threat workshop,"Interviews and workshop (process owners, IT Director, Controls Engineering Manager, MSSP service lead)",interview,Security Manager,2026-07-13,2026-07-17,Security Manager,P01 fieldwork,Owners' accounts of past disruptions and near misses; CISA and FBI advisories on ransomware in food processing reviewed with the MSSP; Plant 2 accounts payable accepts supplier bank detail changes by email while corporate applies a call-back rule; planners review forecasts before publishing; forecast accuracy is not tracked after the 2026 model change,P01
EV-062,Plant 1 walkthrough,Plant 1 (observation),observation,"Plant Manager, Plant 1",2026-07-08,2026-07-08,GRC Analyst,P03 fieldwork,"Locked cure and ingredient room, locked dosing skid room under CCTV, badge-controlled OT server room; vendor technicians escorted; x-ray units and metal detectors on Lines 5-7 run standalone; HMIs and engineering workstations accept USB drives; daily lock and CCTV checks recorded",P02;P01;P03;P07
EV-063,Plant 2 walkthrough and clock check,Plant 2 (observation); HMI and historian clocks,observation,"Plant Manager, Plant 2",2026-07-14,2026-07-14,GRC Analyst,P03 fieldwork,"Office, OT and cold-chain gateways on one network; the OT server closet and the engine room control panel are not locked; refrigeration contractors move unescorted in the engine room; no cameras in production or blending areas; integrators move files by USB; HMI and historian clocks differ from the reference time by up to 6 minutes",P02;P01;P03;P07
EV-064,Food safety record samples and retrieval test,Records application; historians; FSQA files,test,Vice President of Food Safety and Quality Assurance,2026-07-06,2026-07-17,GRC Analyst,P03 fieldwork,"Samples drawn at random: CCP records for 60 production days (30 per plant), pre-operational and SSOP records for 60 days, 40 pre-shipment reviews (25 Plant 1, 15 Plant 2), 20 HACCP and 15 SSOP corrective action records, all 7 Listeria hold-and-test events and 40 environmental results, 30 temporary worker orientation records; records were complete for the sample, manual entries carry typed initials, and Plant 2 sanitation entries come from one shared tablet login; retrieval test on 2026-07-15 returned the requested records on site",P03
EV-065,"OT change, PSM management of change and alarm test samples",Change ticket system; MOC log; detector test records,test,Controls Engineering Manager,2026-07-06,2026-07-20,GRC Analyst,P03 fieldwork,"25 of 186 Plant 1 and all 41 Plant 2 OT change records: none asks whether HACCP reassessment, SSOP revision or PSM review is needed, and 23 of 41 Plant 2 records have no approval; all 24 MOC records concern mechanical changes, and none covers controller firmware, logic or the Plant 2 modem; 12 months of ammonia detector and alarm tests per plant were documented",P01;P03;P07
EV-066,Personal information handling sample,HR and finance email; Plant 2 share permissions,test,HR Director,2026-07-13,2026-07-17,GRC Analyst,P03 fieldwork,20 HR emails sampled: payroll exports are sent by email between HR and finance; Plant 2 HR files sit on the Plant 2 general share,P01;P03
EV-067,Gap analysis interviews,"Interviews (VP FSQA, plant FSQA managers, Plant Managers, Controls Engineering Manager, Director of Engineering and Maintenance, HR Director, General Counsel)",interview,GRC Analyst,2026-07-13,2026-07-22,GRC Analyst,P03 fieldwork,Owners' descriptions of how each requirement is carried out today; corrective action procedures are applied to equipment failures; CIP completion is confirmed on the HMI cycle-complete screen; whether the sponsor fund's other portfolio companies are affiliates for the SBA count was referred to counsel,P03
EV-068,AI use case testing and interviews,AI-001 seeded-defect and divert results; vendor responses; owner and recruiter interviews,test,Vice President of Food Safety and Quality Assurance,2026-08-21,2026-09-02,vCISO,P10 fieldwork,"AI-001 results for 2026-06-01 to 2026-08-21: seeded foreign material detection 96% overall (418 of 435), bacon 82% (41 of 50); false divert rate 2.6% overall; lot-code and label read accuracy 99.8%; divert decisions held in the vendor dashboard only; the AI-005 vendor provided no group-level results and recruiters did not know the feature was on; AI-002 override reasons missing in 40% of overrides; the AI-004 contract bars training on company data and sets 30-day retention",P10
EV-AC-2,Control assessment: account management sample,IdP export; OT account lists; access review record; 25 of 74 terminations and all 31 transfers; interviews,test,Co-sourced internal audit firm,2026-08-05,2026-08-07,Co-sourced internal audit firm,P07 fieldwork,Identity provider accounts met every sampled statement; 4 of 25 sampled terminations were disabled more than 1 business day late; 7 of 31 transfers kept prior OT access; 3 Plant 2 operators who left kept working shared passwords; OT accounts never reviewed,P07;P01;P09
EV-AC-5,Control assessment: separation of duties review,MES release log; HMI setpoint and blend recipe screens; interviews,examination,Co-sourced internal audit firm,2026-08-06,2026-08-06,Co-sourced internal audit firm,P07 fieldwork,Separation documented for MES formulation releases only; the Plant 2 integrator writes and approves its own PLC changes; any shared login can change blend targets,P07;P01;P09
EV-AC-6,Control assessment: least privilege test,Privileged group exports; OT engineering account list; test sign-in to a Plant 2 HMI,test,Co-sourced internal audit firm,2026-08-15,2026-08-15,Co-sourced internal audit firm,P07 fieldwork,OT engineering accounts hold permanent administrator rights on SCADA and the MES; the Plant 2 operator account edited a blend recipe in test,P07;P01;P09
EV-AC-17,Control assessment: remote access review,2024 remote access procedure; gateway configuration; Plant 2 VPN and modem records; interviews,examination,Co-sourced internal audit firm,2026-08-04,2026-08-15,Co-sourced internal audit firm,P07 fieldwork,Requirements documented for the workforce VPN and the Plant 1 gateway; no guidance for Plant 2 OT vendor access; no approval record for the Plant 2 integrator VPN account or the refrigeration modem,P07;P01;P09
EV-AT-2,Control assessment: awareness training review and floor interviews,Training completion report; phishing results; orientation material; 20 floor worker interviews,interview,Co-sourced internal audit firm,2026-08-07,2026-08-07,Co-sourced internal audit firm,P07 fieldwork,Account holders trained as stated; floor workers and temporaries receive food defense awareness only; 14 of 20 floor workers interviewed did not know how to report odd HMI behavior,P07;P01;P09
EV-AU-2,Control assessment: event logging review,SIEM source list; draft STD-04; historian and MES settings; interview,examination,Co-sourced internal audit firm,2026-08-04,2026-08-04,Co-sourced internal audit firm,P07 fieldwork,IT event types defined and reviewed with the MSSP each year; no OT event types defined or logged,P07;P01;P09
EV-AU-6,Control assessment: log review and escalation test,MSSP monthly reports; Plant 1 sensor console; simulated impossible-travel sign-in; interviews,test,Co-sourced internal audit firm,2026-08-12,2026-08-12,Co-sourced internal audit firm,P07 fieldwork,Test alert escalated to the Security Manager in 22 minutes; Plant 1 sensor alerts reviewed weekly on a local console; MES and historian audit logs not reviewed,P07;P01;P09
EV-CM-3,Control assessment: OT change control sample,25 of 186 Plant 1 and all 41 Plant 2 change tickets; MES release workflow; interview,examination,Co-sourced internal audit firm,2026-08-06,2026-08-06,Co-sourced internal audit firm,P07 fieldwork,"Plant 1 changes implemented as approved; 23 of 41 Plant 2 changes had no review record; no sampled ticket considered security, HACCP reassessment or PSM review; no detection of changes made outside a ticket",P07;P01;P09
EV-CM-5,Control assessment: change access restrictions,OT server room badge list; Plant 2 walkthrough; HMI security settings; engineering workstation list,examination,Co-sourced internal audit firm,2026-08-08,2026-08-15,Co-sourced internal audit firm,P07 fieldwork,Plant 1 OT server room restricts physical access; the Plant 2 OT server closet is unlocked; any shared login can change HMI setpoints; integrator laptops connect directly to Plant 2 PLCs,P07;P01;P09
EV-CM-7,Control assessment: port and service scan,Scan of 20 HMIs and 6 OT servers in the sanitation windows; Line 6 x-ray web service test,test,Co-sourced internal audit firm,2026-08-08,2026-08-16,Co-sourced internal audit firm,P07 fieldwork,12 of 20 HMIs run unneeded remote desktop and file sharing services; remote desktop on all 3 sampled Plant 2 HMIs; the Line 6 x-ray web administration port is reachable from the Line 6 HMI network,P07;P01;P09
EV-CM-8,Control assessment: OT inventory check,Plant 1 sensor asset export; maintenance records; physical count of Lines 5-7; Plant 2 walkthrough,test,Co-sourced internal audit firm,2026-08-09,2026-08-15,Co-sourced internal audit firm,P07 fieldwork,Physical count on Lines 5-7 found 9 devices missing from the Plant 1 inventory; support status and firmware missing for about 40% of Plant 1 entries; no Plant 2 OT inventory,P07;P01;P09
EV-CP-2,Control assessment: contingency plan review,2024 IT DR plan; BIA results; draft OT procedures; interviews,interview,Co-sourced internal audit firm,2026-08-05,2026-08-05,Co-sourced internal audit firm,P07 fieldwork,"BIA objectives and priorities exist; the IT DR plan covers cloud workloads, was last reviewed in 2024 and was not updated after the acquisition; no OT contingency plan exists",P07;P01;P09
EV-CP-4,Control assessment: contingency test review and restore test,Restore test records; restore of one records application table from the backup account,test,Co-sourced internal audit firm,2026-08-13,2026-08-13,Co-sourced internal audit firm,P07 fieldwork,"Test restore of a records application table completed in 40 minutes; no test covers the MES, historians, Plant 2 systems, PLC programs or refrigeration controller configurations",P07;P01;P09
EV-CP-9,Control assessment: backup review,"Backup job reports (30 days, July 2026); OT backup server permissions; vault lock settings; PLC repository listing",examination,Co-sourced internal audit firm,2026-08-12,2026-08-12,Co-sourced internal audit firm,P07 fieldwork,"Cloud backups ran on 30 of 30 days and are encrypted; the Plant 1 OT backup server is writable by domain-joined accounts, not immutable and in the same room; Plant 2 label server and blend recipes not backed up",P07;P01;P09
EV-CP-10,Control assessment: recovery procedure review,Cloud rebuild runbook; interview,interview,Co-sourced internal audit firm,2026-08-06,2026-08-06,Co-sourced internal audit firm,P07 fieldwork,"No tested procedure recovers SCADA, the MES or HMIs, or verifies PLC programs and formulations against approved versions",P07;P01;P09
EV-IA-2,Control assessment: unique identification test,IdP export; OT account lists; test sign-ins on 6 HMIs and the floor tablets,test,Co-sourced internal audit firm,2026-08-08,2026-08-16,Co-sourced internal audit firm,P07 fieldwork,"HMIs, SCADA, the MES and the Plant 2 floor tablets use shared accounts; setpoint changes and record entries cannot be tied to a person",P07;P01;P09
EV-IA-2(1),Control assessment: MFA sign-in tests,Conditional access policy; MFA sign-in tests on 22 privileged accounts; OT engineering account list,test,Co-sourced internal audit firm,2026-08-11,2026-08-11,Co-sourced internal audit firm,P07 fieldwork,All 22 privileged identity provider and cloud accounts required MFA; none of the 47 OT privileged and engineering accounts uses MFA,P07;P01;P09
EV-IA-5,Control assessment: authenticator and default credential tests,IdP password policy; default-credential tests on 14 inspection devices and 20 HMIs; shared password history,test,Co-sourced internal audit firm,2026-08-08,2026-08-16,Co-sourced internal audit firm,P07 fieldwork,Identity provider authenticators as stated; HMI and blender passwords 4 to 6 characters; the Line 6 x-ray unit accepted the manufacturer default administrator password on 2026-08-08 (changed 2026-08-09); shared OT passwords unchanged since installation at Plant 2 and since 2023 at Plant 1,P07;P01;P09
EV-IR-4,Control assessment: incident handling sample,2024 IR plan; 10 of 17 incidents; P08 drafts; MSSP contract; interviews,interview,Co-sourced internal audit firm,2026-08-05,2026-08-05,Co-sourced internal audit firm,P07 fieldwork,IT incidents handled under the 2024 plan; no OT containment or verified restart procedure; Plant 2 has no comparable handling capability,P07;P01;P09
EV-IR-8,Control assessment: incident response plan review,2024 IR plan; P08 runbook drafts; distribution list; interview,examination,Co-sourced internal audit firm,2026-08-04,2026-08-04,Co-sourced internal audit firm,P07 fieldwork,"The 2024 plan sets roles and structure; it has no food safety, product hold, FSIS notice or PSM steps, no metrics, is not distributed to Plant 2 leadership and was not updated after the acquisition",P07;P01;P09
EV-MA-4,Control assessment: nonlocal maintenance test,Gateway session logs; Plant 2 VPN and modem records; connection attempt to the Plant 2 VPN,test,Co-sourced internal audit firm,2026-08-15,2026-08-15,Co-sourced internal audit firm,P07 fieldwork,"The shared Plant 2 VPN account connected without MFA (then disabled); Plant 2 sessions are not approved, recorded or ended after maintenance; the modem connection stays up",P07;P01;P09
EV-PE-3,Control assessment: physical access review,Badge system report; walkthroughs; key log; visitor logs,examination,Co-sourced internal audit firm,2026-08-08,2026-08-15,Co-sourced internal audit firm,P07 fieldwork,"Plant entrances, the dosing skid room and the Plant 1 OT server room enforce badge access; the Plant 2 OT closet and engine room panel are not locked; panel keys in an unlocked cabinet; 6 prior owner keys unaccounted for",P07;P01;P09
EV-PS-4,Control assessment: termination sample,HR termination tickets (25 of 74); IdP and badge removal times; exit checklist,examination,Co-sourced internal audit firm,2026-08-05,2026-08-05,Co-sourced internal audit firm,P07 fieldwork,4 of 25 terminations disabled more than 1 business day late; shared OT passwords not changed; exit steps performed as stated,P07;P01;P09
EV-RA-3,Control assessment: risk assessment review,Risk register (P01); risk method; audit committee minutes; vCISO interview,examination,Co-sourced internal audit firm,2026-08-04,2026-08-04,Co-sourced internal audit firm,P07 fieldwork,"Risk assessment performed per SP 800-30, documented, reviewed and reported to the audit committee",P07;P01;P09
EV-RA-5,Control assessment: vulnerability management review,Scan reports; all 64 Critical and High findings; Plant 1 passive vulnerability list,examination,Co-sourced internal audit firm,2026-08-11,2026-08-11,Co-sourced internal audit firm,P07 fieldwork,11 of 64 Critical and High findings past their remediation date; OT hosts not scanned; no OT vulnerability monitoring at Plant 2,P07;P01;P09
EV-SA-9,Control assessment: external service review,Contract register; vendor files for all 26 vendors; GRC Analyst interview,examination,Co-sourced internal audit firm,2026-08-06,2026-08-06,Co-sourced internal audit firm,P07 fieldwork,"No security requirements or oversight for the 2 integrators, 2 refrigeration contractors, the cold-chain vendor or the AI vision vendor; no SOC 2 from the cold-chain or AI vendors",P07;P01;P09
EV-SC-7,Control assessment: boundary and reachability tests,Firewall rule exports; reachability tests at both plants,test,Co-sourced internal audit firm,2026-08-08,2026-08-15,Co-sourced internal audit firm,P07 fieldwork,Plant 1 business network blocked from level 2; a blender HMI was reachable from the Plant 2 office VLAN; the Plant 2 VPN and modem bypass any managed interface,P07;P01;P09
EV-SC-28,Control assessment: encryption at rest review,Cloud encryption settings; 30 sampled laptops,examination,Co-sourced internal audit firm,2026-08-12,2026-08-12,Co-sourced internal audit firm,P07 fieldwork,Cloud data encrypted with company-managed keys; 30 of 30 sampled laptops encrypted,P07;P01;P09
EV-SI-2,Control assessment: flaw remediation review,Patch reports; firmware records; Plant 2 firewall version,examination,Co-sourced internal audit firm,2026-08-11,2026-08-11,Co-sourced internal audit firm,P07 fieldwork,Plant 1 updates tested in the sanitation window; OT flaws corrected once a year at most; 11 of 64 findings late; Plant 2 firewall firmware a year old; PLC firmware updates not tracked,P07;P01;P09
EV-SI-4,Control assessment: monitoring test,SIEM use cases; Plant 1 sensor; new device on a Plant 1 level 2 switch; MSSP test alert,test,Co-sourced internal audit firm,2026-08-08,2026-08-13,Co-sourced internal audit firm,P07 fieldwork,The test device connected on 2026-08-08 was detected by the sensor and seen 5 days later; no OT monitoring by the MSSP; no monitoring device at Plant 2,P07;P01;P09
EV-SI-7,Control assessment: integrity checking test,MES release checksums; PLC repository; historian and records settings; altered formulation loaded to the MES test environment,test,Co-sourced internal audit firm,2026-08-09,2026-08-09,Co-sourced internal audit firm,P07 fieldwork,"The MES blocked the altered formulation and alerted FSQA; no integrity check of PLC and HMI programs, firmware or electronic CCP records",P07;P01;P09
EV-SR-6,Control assessment: supplier assessment review,Vendor files; P09 vendor review,examination,Co-sourced internal audit firm,2026-08-14,2026-08-14,Co-sourced internal audit firm,P07 fieldwork,"Supply chain risks from OT vendors, the cold-chain vendor and the AI vision vendor never assessed",P07;P01;P09
