risk_id,threat_event,threat_source,threat_source_type,vulnerability_or_predisposing_condition,affected_asset_or_process,likelihood_initiation,likelihood_adverse_impact,overall_likelihood,impact,risk_level,csf2_category,sp800_53_controls,regulatory_driver,existing_controls,treatment,treatment_plan,owner,due_date,target_residual_risk,status,last_reviewed,enterprise_risk_id,erm_category,risk_tolerance_threshold,tolerance_status,key_risk_indicator,board_reported
R-001,"Ransomware encrypts IT systems, SCADA masters, and packing site systems across several regions during a harvest or freeze season",Cybercriminal ransomware group,Adversarial,"Agriculture and food is a frequent ransomware target; large attack surface (about 12,700 endpoints and tablets, about 64 sites, about 45,500 OT and IoT devices); acquisition and OT vendor gaps (see R-003, R-004, R-005)",SYS-01 to SYS-12; all tier-1 processes (P05),Very High,Moderate,High,Very High,Very High,PR.PS,SI-3; SI-4; CP-9; CP-10; IR-4,CSF 2.0 PR.PS-05; RC.RP-01 (benchmark); SP 800-82r3 6.4.4; SEC Form 8-K Item 1.05,24x7 SOC; EDR on 97% of IT endpoints; PAM; immutable cloud backups; SCADA configuration and PLC program backups at DC-1 and DC-2; manual irrigation and freeze procedures; cyber insurance,Mitigate,Close acquisition gaps (R-003; POAM-013); move INT-4 and INT-5 onto the OT gateway (POAM-004); SCADA master restore within RTO (POAM-011); enterprise ransomware exercise with OT outage and the disclosure committee (POAM-012),CISO,2027-01-31,High,In progress,2026-08-28,ER-01,Operational,Moderate,Outside tolerance,EDR coverage; OT vendor sessions outside the gateway; SCADA restore time in DR tests,Yes
R-002,"Payroll, H-2A worker, and grower files are stolen during a ransomware attack (double extortion)",Cybercriminal ransomware group,Adversarial,"Large personal data stores (payroll exports with Social Security and bank account numbers, H-2A passport and visa data, grower contracts); egress monitoring tuned for known patterns only",SYS-11 exports; data warehouse; file shares; SL-1 grower data,High,Moderate,Moderate,Very High,High,DE.CM,SI-4; SC-7; AU-6; AC-6,Fla. Stat. 501.171(3)-(4) (worked example; each state where affected individuals reside); SEC Form 8-K Item 1.05,Data loss prevention on email and web; egress alerting; masked worker identifiers in the warehouse,Mitigate,Egress anomaly models for cloud storage and file shares; remove payroll exports from file shares; data minimization in the warehouse (R-053),Director of Security Operations,2027-03-31,Moderate,In progress,2026-07-31,ER-02,Compliance and reputational,Moderate,Outside tolerance,Large outbound transfers investigated; files with worker identifiers on shares,Yes
R-003,Attacker enters through an AQ-01 farm office flat network and reaches enterprise systems over the legacy site VPN,Cybercriminal ransomware group,Adversarial,6 AQ-01 farm offices on flat networks and legacy firewalls; legacy directory; a VPN rule allowed reach into the R4 historian collector (P07 SC-7 finding),AQ-01 farms; R4 control center; enterprise network,High,High,High,High,High,PR.IR,SC-7; AC-4; IA-2; SI-4,CSF 2.0 PR.IR-01 (benchmark); SP 800-82r3 5.2.3,Legacy firewalls; EDR on AQ-01 servers since 2026-04,Mitigate,Remove the VPN rule and restrict to named hosts (done 2026-09-04); SD-WAN migration of AQ-01 offices; identity federation (POAM-013; POAM-001),"Vice President, Integration Management Office",2027-03-31,Low,In progress,2026-08-28,ER-04,Strategic,Moderate,Outside tolerance,AQ-01 offices on SD-WAN; AQ identities federated,Yes
R-004,"Attacker uses an integrator's own remote tool (INT-4 or INT-5) to reach pump station PLCs and HMIs and change pump, pivot, or fertigation settings",Cybercriminal group or state-aligned actor; compromised integrator,Adversarial,"INT-4 and INT-5 connect outside the OT remote access gateway to about 120 pump stations, including R3 freeze stations; no MFA or session recording; agreements lack security terms",SYS-02 pump stations and HMIs in R3 and R4; BP-01; BP-02,High,Moderate,Moderate,Very High,High,PR.AA,AC-17; MA-4; SA-9; SR-6; PS-7,CSF 2.0 PR.AA-05; GV.SC-05 (benchmark); SP 800-82r3 6.2.10,Gateway for INT-1 to INT-3; firewall rules limit integrator tools to specific stations; SOC alerting on new remote sessions,Mitigate,"Move INT-4 and INT-5 onto the gateway, remove their tools, and amend agreements with security terms (POAM-004)",Director of OT Security,2026-12-31,Low,In progress,2026-08-28,ER-03,Operational,Moderate,Outside tolerance,Remote sessions outside the gateway per month; integrator agreements with security terms,Yes
R-005,"Former AQ-02 staff or an attacker uses shared logins in the pivot manufacturer's cloud service to stop, start, or reverse about 180 AQ-02 pivots",Former insider or cybercriminal,Adversarial,Shared logins with no MFA; service outside the OT gateway and SIEM; no security terms or SOC report (P04 finding 2),"AQ-02 pivots (about 14,000 acres); BP-18",High,High,High,High,High,PR.AA,AC-17; IA-2; SA-9; CA-3,CSF 2.0 PR.AA-03; GV.SC-05 (benchmark); SP 800-82r3 6.2.10,Passwords changed at closing (2026-03); manual operation at the panel,Mitigate,Interim named accounts with MFA in the vendor service (2026-11-15); migrate AQ-02 pivots onto company SCADA (POAM-002),"Vice President, Integration Management Office",2027-06-30,Low,In progress,2026-08-28,ER-04,Strategic,Moderate,Outside tolerance,Shared accounts in the pivot service; pivots migrated to SCADA,Yes
R-006,"A fertigation or chemigation injection rate, duration, or interlock setting is changed without approval, exposing workers or contaminating a water source","Malicious insider, attacker with operator access, or engineer error",Adversarial,The FMIS planner role can both edit and release recipes (19 users); 6 of 40 sampled OT changes lacked approval; integrity checks do not run at INT-4 and INT-5 stations,SYS-02 fertigation and chemigation skids (about 140); BP-01,Moderate,High,Moderate,Very High,High,PR.PS,CM-3; CM-5(1); SI-6; SI-7; AC-5,CSF 2.0 PR.PS-01; DE.CM-09 (benchmark); SP 800-82r3 5.3.1; N11-R01 (voluntary food defense checklist; 21 CFR 121 does not apply),"Hardwired interlocks (backflow check, injection stop on low flow) verified each season; recipe limits in SCADA; SOC alert on recipe change outside a change window",Mitigate,Split the planner role (POAM-007); approval enforcement and automated blocking (POAM-006); library comparison at all stations and automatic injection stop on mismatch (POAM-019),SCADA Engineering Manager,2027-03-31,Low,In progress,2026-08-28,ER-05,Safety,Low,Outside tolerance,Unapproved OT changes; stations with integrity comparison,Yes
R-007,"Freeze protection does not start on a freeze night because the automation, alarm path, or field link fails during a cyber or technical event",Technology failure or attacker,Structural,Short window between trigger temperature and damage; most freeze pump stations depend on SCADA alarms; R3 freeze stations supported by INT-4,"BP-02 (about 9,400 acres in R1, R3, and R4)",Moderate,High,Moderate,Very High,High,RC.RP,CP-2; CP-8; CP-4; SI-4,CSF 2.0 RC.RP-01; PR.IR-03 (benchmark); SP 800-82r3 5.3.2,Two-person freeze crews; standalone temperature alarm dialers; licensed radio at most freeze stations; generators at 96 freeze pump stations; November drill,Mitigate,Add a cyber outage injection (SCADA unavailable) to the November freeze drill (POAM-022); radio coverage for the remaining 11 freeze stations,"Vice President, Irrigation and Water Resources",2026-11-30,Moderate,In progress,2026-08-28,ER-01,Operational,Moderate,Outside tolerance,Freeze stations with independent alarm and radio path; drill results,Yes
R-008,Attacker exploits known firmware vulnerabilities in pivot panel modems from the APN segment to command pivots,Cybercriminal or hacktivist,Adversarial,"About 1,300 pivot modems on firmware with known vulnerabilities; some legacy panels accept unauthenticated commands; patching depends on field visits",SYS-02 pivots; BP-01,Moderate,Moderate,Moderate,High,Moderate,ID.RA,RA-5; SI-2; IA-3; SC-8,CSF 2.0 ID.RA-01; PR.PS-02 (benchmark); SP 800-82r3 6.2.11,Private APN with no internet route; APN firewall allows only SCADA masters,Mitigate,Firmware campaign prioritized by exposure; replace panels that cannot be patched (POAM-009),Director of OT Security,2027-06-30,Low,In progress,2026-08-28,ER-01,Operational,Moderate,Within tolerance,Pivot modems on vulnerable firmware,No
R-009,Default credentials on pump station HMIs or LoRaWAN gateways are used to alter valve schedules or sensor data,Attacker with network access,Adversarial,Testing found default credentials on 3 pump station HMIs and 11 LoRaWAN gateways,SYS-02 drip zones and pump stations,Moderate,High,Moderate,High,Moderate,PR.AA,IA-5; CM-6,CSF 2.0 PR.AA-01 (benchmark); SP 800-82r3 6.2.9,Vaulted OT service accounts; hardening standard,Mitigate,Remove all default credentials and verify by scan before the freeze season (POAM-010),SCADA Engineering Manager,2026-11-30,Low,In progress,2026-08-28,ER-05,Safety,Low,Outside tolerance,Devices with default credentials,Yes
R-010,Attacker exploits the unsupported operating system on control center HMIs,Cybercriminal group,Adversarial,31 of 48 HMIs run an operating system past vendor support and cannot run EDR,SYS-02 control centers,Moderate,Moderate,Moderate,High,Moderate,PR.PS,SA-22; SI-3; CM-7,CSF 2.0 PR.PS-02 (benchmark); SP 800-82r3 6.2.11,HMIs isolated in the control zone; no internet route; passive monitoring at all control centers,Mitigate,Application allowlisting in 2026; replacement funded for 2027 (POAM-014),SCADA Engineering Manager,2027-06-30,Low,In progress,2026-08-28,ER-01,Operational,Moderate,Within tolerance,Unsupported HMIs remaining,No
R-011,Vulnerable field devices are missed by patching and monitoring because the OT inventory is incomplete,Structural,Structural,Field device inventory about 78% complete; AQ-02 not yet in the inventory,SYS-02 field devices,High,Moderate,Moderate,High,Moderate,ID.AM,CM-8; RA-5,CSF 2.0 ID.AM-01 (benchmark); SP 800-82r3 6.1.1,Passive discovery at control centers; SCADA tag database,Mitigate,Field reconciliation by region with service records; add AQ-02 (POAM-008),Director of OT Security,2027-03-31,Low,In progress,2026-08-28,ER-01,Operational,Moderate,Within tolerance,Inventory completeness,No
R-012,The SCADA masters cannot be restored within the 6-hour RTO during an outage in freeze or heat season,Technology failure or ransomware,Structural,The 2026-05-19 DR test took 9.5 hours; regional control centers run local schedules for about 12 hours only,SYS-02 SCADA masters; BP-01; BP-02; BP-18,Moderate,High,Moderate,Very High,High,RC.RP,CP-10; CP-10(4); CP-4,CSF 2.0 RC.RP-03 (benchmark); SP 800-82r3 6.5.1,Standby pair at DC-2; configuration-controlled images; manual operation procedures,Mitigate,"Pre-staged standby images, automated restore runbook, and a retest before 2027-01-31 (POAM-011)",SCADA Engineering Manager,2027-01-31,Moderate,In progress,2026-08-28,ER-01,Operational,Moderate,Outside tolerance,Demonstrated SCADA restore time,Yes
R-013,An OT intrusion at an unmonitored pump station goes undetected until equipment misbehaves,Cybercriminal or state-aligned actor,Adversarial,Passive OT monitoring covers 120 of 410 pump stations; AQ-02 pivot cloud and AQ-01 servers not in the SIEM,SYS-02 pump stations,Moderate,Moderate,Moderate,High,Moderate,DE.CM,SI-4; AU-6,CSF 2.0 DE.CM-01; DE.CM-09 (benchmark); SP 800-82r3 6.3.2,Monitoring at all control centers and on the APN firewall,Mitigate,Extend sensors to all freeze and fertigation stations first; onboard AQ log sources (POAM-005),Director of Security Operations,2027-06-30,Low,In progress,2026-08-28,ER-01,Operational,Moderate,Within tolerance,Pump stations with passive monitoring,No
R-014,A wrong or tampered PLC program is loaded from an integrator laptop at an INT-4 or INT-5 station and is not detected,Integrator error or compromised laptop,Accidental,Integrator laptops can program these PLCs on site without PAM; library comparison not run there,SYS-02 pump stations (about 120),Moderate,Moderate,Moderate,High,Moderate,PR.PS,CM-5(1); SI-7; CM-3,CSF 2.0 PR.PS-01 (benchmark); SP 800-82r3 6.2.4,Scanned-laptop rule at sites; PLC program library,Mitigate,Integrity comparison at all stations; programming only from PAM workstations (POAM-006; POAM-019),SCADA Engineering Manager,2027-03-31,Low,In progress,2026-08-28,ER-05,Safety,Low,Outside tolerance,Stations compared with the library monthly,Yes
R-015,A seasonal account left active after season end is used to view worker data or alter tally and field records,Former seasonal worker or attacker,Adversarial,412 seasonal FMIS accounts were still enabled more than 30 days after season end; no inactivity disablement for seasonal accounts,SYS-01 FMIS; field tally records,Moderate,Moderate,Moderate,Moderate,Moderate,PR.AA,AC-2; AC-2(3); PS-4,CSF 2.0 PR.AA-01; PR.AA-05 (benchmark); 20 CFR 655.122(j)(1),Expiry at contract end date; quarterly certification for corporate systems,Mitigate,Disable on inactivity and on early departure from the hiring roster (POAM-003),Director of Identity and Access Management,2027-01-31,Low,In progress,2026-08-28,ER-02,Compliance and reputational,Moderate,Within tolerance,Seasonal accounts active 30 days after season end,No
R-016,"Shared tally logins at AQ-01 make H-2A earnings records unattributable, leading to wage disputes and program findings",Structural,Structural,AQ-01 crews share tally tablet logins; tablets not managed,AQ-01 field tally; BP-03; BP-14,High,High,High,Moderate,Moderate,PR.AA,IA-2; AC-19; AU-10,20 CFR 655.122(j)(1); 21 CFR 112.161(a)(4); CSF 2.0 PR.AA-01 (benchmark),Paper tally backup kept by crew leads; payroll review of large variances,Mitigate,Named accounts and managed tablets for AQ-01 crews before the 2027 season (POAM-023),Director of H-2A and Labor Compliance,2027-02-28,Low,In progress,2026-08-28,ER-06,Compliance,Low,Outside tolerance,Tally entries under shared logins,Yes
R-017,"A material incident is disclosed late or inaccurately because the materiality process fails under pressure, especially in an OT outage",Structural,Structural,Materiality playbook never exercised with an OT outage scenario; 3 new disclosure committee members since 2026-02,Disclosure controls; BP-16,Moderate,High,Moderate,Very High,High,GV.RM,IR-8; IR-4,SEC Form 8-K Item 1.05; 17 CFR 229.106(b),Disclosure committee charter; outside securities counsel on retainer; materiality factors in the playbook,Mitigate,Add OT outage and crop loss factors to the playbook; brief new members; full tabletop 2026-11-17 (POAM-012),General Counsel,2026-11-30,Moderate,In progress,2026-08-28,ER-06,Compliance,Low,Outside tolerance,Days since last materiality exercise,Yes
R-018,Breach notices are late in one or more states because determinations are not tracked by state of residence for seasonal and H-2A workers,Structural,Structural,Worker addresses include foreign home addresses and temporary housing; the state-by-state notice tracker is manual,Breach response process,Low,High,Moderate,High,Moderate,RS.CO,IR-6; IR-8,Fla. Stat. 501.171(3)-(4) (worked example; each state where affected individuals reside),Breach procedure with Florida as the worked example; outside privacy counsel,Mitigate,Add a residence-state field to the incident tracker and a notice matrix by state (P08),Chief Privacy Officer,2026-12-31,Low,In progress,2026-07-31,ER-06,Compliance,Low,Outside tolerance,Exercises meeting all state deadlines,Yes
R-019,"AQ-01 farm server data (irrigation schedules, field records, tally) is lost because backups are nightly and no restore has been tested",Ransomware or hardware failure,Structural,RPO 24 h against a 1-hour target; restore never tested; local IT firm manages the servers,AQ-01 farm servers; BP-18,Moderate,High,Moderate,Moderate,Moderate,PR.DS,CP-9; CP-4,CSF 2.0 PR.DS-11 (benchmark); 21 CFR 112.164(a)(1),Nightly backups to an external disk and a cloud folder,Mitigate,Move AQ-01 backups into the enterprise immutable backup service and test restore (POAM-017),"Vice President, Integration Management Office",2026-12-31,Low,In progress,2026-08-28,ER-04,Strategic,Moderate,Within tolerance,Successful AQ-01 restore test,No
R-020,"An FMIS vendor outage or breach affects records, tally, and planning on all 48 farms at once",FMIS vendor,Structural,Single vendor and single tenant for all farms,SYS-01; BP-03; BP-07; BP-08; BP-13,Low,High,Moderate,High,Moderate,GV.SC,SA-9; CP-2; SR-6,CSF 2.0 GV.SC-07 (benchmark); 21 CFR 112.166(a),Contract RTO 8 h and RPO 1 h; vendor SOC 2 Type 2 reviewed; paper forms; monthly exports,Mitigate,Weekly exports of Produce Safety and tally records; joint incident exercise with the vendor in 2027,Director of Third-Party Risk Management,2027-03-31,Low,Open,2026-07-31,ER-03,Operational,Moderate,Within tolerance,Vendor SOC 2 exceptions; export success,No
R-021,A carrier outage on the private APN cuts about 80% of field OT traffic during a freeze or heat event,APN carrier,Structural,One carrier carries about 80% of field devices; licensed radio covers 140 pump stations,SYS-02 field links; BP-01; BP-02; BP-05,Moderate,High,Moderate,Very High,High,PR.IR,CP-8; CP-2,CSF 2.0 PR.IR-03; GV.SC-07 (benchmark),Licensed radio at most freeze stations; manual operation; carrier SLA,Mitigate,Second carrier for pivot panels in R1 and R3; radio expansion to remaining freeze stations (POAM-024),Director of Network Engineering,2027-06-30,Moderate,In progress,2026-07-31,ER-03,Operational,Moderate,Outside tolerance,Share of field devices on one carrier,Yes
R-022,"A hurricane damages DC-1, a control center, pump stations, and packing sites and cuts power and links for days",Hurricane,Environmental,Headquarters and three regions in hurricane-exposed areas; generator fuel 96 h at DC-1,"DC-1; R1, R2, R5 sites",Moderate,High,Moderate,High,Moderate,RC.RP,CP-2; CP-7; PE-11,CSF 2.0 RC.RP-01 (benchmark),DC-2 standby; generators; hurricane plan; cloud second regions,Mitigate,Pre-season fuel contracts by region; failover of SCADA to DC-2 rehearsed each June,"Vice President, Irrigation and Water Resources",2027-06-01,Low,Open,2026-07-31,ER-01,Operational,Moderate,Within tolerance,Hurricane plan exercise completion,No
R-023,Business email compromise diverts a customer remittance or an input supplier payment,Fraud ring,Adversarial,Large payment volumes; many suppliers in season,SYS-11 accounts payable and receivable,High,Moderate,Moderate,Moderate,Moderate,PR.AT,AT-2; IA-2(1),CSF 2.0 PR.AT-01 (benchmark),Call-back verification for bank changes; phishing training; mail security,Mitigate,Supplier portal for bank detail changes,Controller,2027-03-31,Low,In progress,2026-07-31,ER-07,Financial,Low,Outside tolerance,Bank change requests failing verification,Yes
R-024,A staff member's credentials are phished through an adversary-in-the-middle page that also steals the session,Cybercriminal group,Adversarial,Number-matching MFA for most users; phishing-resistant keys only for privileged users,SYS-03; productivity suite,High,Moderate,Moderate,High,Moderate,PR.AA,IA-2; IA-2(1); AT-2,CSF 2.0 PR.AA-03 (benchmark),Conditional access; token theft detections in the SIEM,Mitigate,"Phishing-resistant MFA for finance, HR, and FMIS administrators",Director of Identity and Access Management,2027-03-31,Low,In progress,2026-07-31,ER-02,Compliance and reputational,Moderate,Within tolerance,Users on phishing-resistant MFA,No
R-025,"A zero-day in an internet-facing edge device (VPN or firewall) is exploited, including legacy AQ-01 firewalls",Cybercriminal or state-aligned actor,Adversarial,Legacy AQ-01 firewalls; edge devices are a common entry point,SYS-05 edges; AQ-01 offices,High,Moderate,Moderate,Very High,High,PR.PS,SI-2; SC-7; RA-5,CSF 2.0 PR.PS-02; ID.RA-08 (benchmark),Emergency patch SLA 72 h for edge devices; threat intelligence feed,Mitigate,Retire legacy AQ-01 edge devices with SD-WAN migration (POAM-013),Director of Network Engineering,2027-03-31,Moderate,In progress,2026-08-28,ER-01,Operational,Moderate,Outside tolerance,Edge devices past patch SLA,Yes
R-026,Traceability records for Food Traceability List foods cannot be produced as an electronic sortable spreadsheet within 24 hours of an FDA request,Structural,Structural,"Key data elements split across the FMIS, packing line software, and EDI; 2026 mock request succeeded for only 2 of 4 FTL commodity groups",Traceability data service; BP-07; BP-13,High,Moderate,Moderate,High,Moderate,ID.IM,SI-12; AU-2,21 CFR 1.1455(c)(3)(ii) (enforcement from 2028-07-20); customer agreements,Traceability Program Manager; lot codes at initial packing; quarterly mock requests,Mitigate,Integrate key data elements into the traceability data service; pass mock requests for all 4 groups (POAM-020; P03 G-126 to G-133),Chief Food Safety and Quality Officer,2027-09-30,Low,In progress,2026-07-31,ER-06,Compliance,Low,Outside tolerance,FTL commodity groups passing the mock request,Yes
R-027,Produce Safety records cannot be produced or are found altered during an FDA inspection or a retailer audit,Structural,Accidental,Records in one vendor tenant; edit trail reviewed weekly,SYS-01 Produce Safety records; BP-07,Low,Moderate,Low,High,Low,PR.DS,AU-2; AU-6; CP-9,21 CFR 112.161(a); 21 CFR 112.166(a),Vendor audit trail; monthly exports; 2026 audits passed at all 17 packing sites,Mitigate,Weekly export (R-020),Chief Food Safety and Quality Officer,2027-03-31,Very Low,In progress,2026-07-31,ER-06,Compliance,Low,Within tolerance,Audit findings on records,No
R-028,"Compromised packing line software or label printers print wrong lot codes on cases, widening a recall",Attacker or software fault,Accidental,Central configuration for 17 sites; two packing line vendors' remote sessions not recorded,SYS-07; BP-04; BP-13,Low,High,Moderate,High,Moderate,PR.DS,SI-7; CM-3,CSF 2.0 PR.DS-01 (benchmark); 21 CFR 1.1320,Label verification scans at packing; daily lot reconciliation,Mitigate,Record all packing vendor sessions (POAM-004); lot code reconciliation alerts,"Vice President, Packing and Cold Chain",2027-03-31,Low,Open,2026-07-31,ER-05,Safety,Low,Outside tolerance,Lot reconciliation exceptions,Yes
R-029,A cooler temperature excursion goes unnoticed and packed produce spoils or is shipped out of temperature,Equipment or alarm path failure,Accidental,Alarm path through one cold-chain SaaS; hourly manual checks only during outages,SYS-07 refrigeration; BP-05,Moderate,Moderate,Moderate,Moderate,Moderate,DE.CM,SI-4; CP-2,CSF 2.0 DE.CM-02 (benchmark),Local controller alarms; hourly checks during outages,Mitigate,Second alarm path (local dialers) at the 3 hubs,"Vice President, Packing and Cold Chain",2027-03-31,Low,Open,2026-07-31,ER-05,Safety,Low,Outside tolerance,Excursions detected late,Yes
R-030,The cold-chain monitoring SaaS is breached or unavailable and coolers lose their alarm path,Cold-chain monitoring vendor,Structural,No SOC report or security terms on file; alarm path for all coolers at 17 sites,SYS-07; BP-05,Moderate,Moderate,Moderate,High,Moderate,GV.SC,SA-9; SR-6,CSF 2.0 GV.SC-07 (benchmark),Local controller alarms; manual checks,Mitigate,Questionnaire and contract security terms; SOC report or bridge letter (POAM-015),Director of Third-Party Risk Management,2026-12-31,Low,In progress,2026-08-28,ER-03,Operational,Moderate,Within tolerance,Tier-1 vendors without assurance,No
R-031,Dealer technicians or an attacker using a dealer portal account access machines remotely or export operator location histories,Equipment dealer or attacker,Adversarial,"3 dealers keep standing remote diagnostic access to telematics portals for about 1,450 machines",SYS-09; BP-08; BP-09,Moderate,Moderate,Moderate,Moderate,Moderate,GV.SC,AC-17; AC-2; SA-9,CSF 2.0 GV.SC-05 (benchmark); Fla. Stat. 501.171(1)(g)1.a.(VII),Dealer portal terms; annual review of dealer users,Mitigate,Access on request with expiry; quarterly dealer user review (POAM-016),Director of Fleet and Precision Technology,2027-03-31,Low,In progress,2026-08-28,ER-03,Operational,Moderate,Within tolerance,Dealer users with standing access,No
R-032,A packing line vendor's unrecorded remote session changes grader or line settings,Vendor technician error,Accidental,2 of 4 packing line vendors' sessions are not recorded,SYS-07; BP-04,Low,Moderate,Low,Moderate,Low,PR.AA,MA-4; AC-17,CSF 2.0 PR.AA-05 (benchmark),Sessions approved by site maintenance leads,Mitigate,Route all vendor sessions through the gateway (POAM-004),"Vice President, Packing and Cold Chain",2026-12-31,Very Low,In progress,2026-08-28,ER-03,Operational,Moderate,Within tolerance,Unrecorded vendor sessions,No
R-033,An operator or integrator technician without OT security training makes an unsafe change or falls for a social engineering call,Untrained staff,Accidental,22% of irrigation technicians and all INT-4 and INT-5 staff lack OT training records,SYS-02,Moderate,Low,Low,Moderate,Low,PR.AT,AT-3,CSF 2.0 PR.AT-02 (benchmark); SP 800-82r3 3.3.5,Change procedure; supervisor approval,Mitigate,Training for all technicians before the freeze season; integrator attestation (POAM-018),SCADA Engineering Manager,2026-12-15,Very Low,In progress,2026-08-28,ER-05,Safety,Low,Within tolerance,OT training completion,No
R-034,"GNSS jamming or spoofing, or an RTK base station failure, disrupts guided spraying and planting",Jammer user or attacker,Adversarial,GNSS signals are outside the company's control; 64 RTK base stations,SYS-09; BP-09,Low,Moderate,Low,Moderate,Low,PR.IR,SC-7; CP-2,CSF 2.0 PR.IR-03 (benchmark),Operators trained in manual steering; base station failover; spraying stops when guidance is lost,Accept,Accepted: impact limited to delay; reviewed annually,Director of Fleet and Precision Technology,2027-07-31,Low,Closed (accepted),2026-07-31,ER-01,Operational,Moderate,Within tolerance,Guidance loss events,No
R-035,Drone imagery captures identifiable workers or neighbors and is kept or shared without need,Staff misuse,Accidental,About 140 drones; imagery retained 3 seasons,SYS-10 imagery,Low,Low,Low,Low,Low,PR.DS,AC-3; SI-12,CSF 2.0 PR.DS-01 (benchmark),POL-05 bars use of imagery to evaluate workers; private buckets,Accept,Accepted with existing controls,Chief Remote Pilot,2027-07-31,Low,Closed (accepted),2026-07-31,ER-02,Compliance and reputational,Moderate,Within tolerance,Imagery access exceptions,No
R-036,A drone is lost or flown outside Part 107 limits because of tampered firmware or controller software,Attacker or software fault,Accidental,Mixed drone fleet; firmware from several makers,SYS-10; BP-10,Low,Low,Low,Moderate,Low,PR.PS,CM-2; SI-2,14 CFR 107.12 (remote pilot certificates); CSF 2.0 PR.PS-02 (benchmark),Firmware approved by the Chief Remote Pilot; geofencing,Mitigate,Firmware baseline per model,Chief Remote Pilot,2027-03-31,Very Low,Open,2026-07-31,ER-06,Compliance,Low,Within tolerance,Unapproved firmware found,No
R-037,A planner with combined edit and release rights releases a harmful fertigation recipe on purpose,Malicious insider,Adversarial,19 users hold the combined FMIS planner role,SYS-01 irrigation planning module; SYS-02,Low,High,Moderate,High,Moderate,PR.AA,AC-5; AC-6,CSF 2.0 PR.AA-05 (benchmark); SP 800-82r3 6.2.1,SCADA recipe limits; interlocks; operator acceptance of plans,Mitigate,Split edit and release roles (POAM-007),"Vice President, Digital Agronomy",2026-12-31,Low,In progress,2026-08-28,ER-05,Safety,Low,Outside tolerance,Users with combined rights,Yes
R-038,Unauthorized changes in ERP or payroll affect financial reporting,Insider or error,Accidental,SOX IT general controls in place; two deficiencies remediated in 2025,SYS-11,Low,Moderate,Low,High,Low,PR.AA,AC-5; CM-3,Company SOX program; CSF 2.0 PR.AA-05 (benchmark),SoD rules; quarterly access review; change management,Mitigate,Continue annual ITGC testing,Controller,2027-03-31,Low,In progress,2026-07-31,ER-07,Financial,Low,Within tolerance,ITGC deficiencies,No
R-039,Payroll direct deposit details are changed by an attacker and wages diverted,Fraud ring,Adversarial,Self-service bank changes for year-round staff,SYS-11 payroll,High,Moderate,Moderate,Moderate,Moderate,PR.AA,IA-2(1); AC-2,CSF 2.0 PR.AA-03 (benchmark),MFA for self-service; change notification to the worker,Mitigate,Hold period for first payment after a bank change,Chief Human Resources Officer,2026-12-31,Low,In progress,2026-07-31,ER-07,Financial,Low,Outside tolerance,Diverted payments,Yes
R-040,A payroll provider breach exposes H-2A passport and visa data and Social Security numbers,Payroll provider,Structural,"Provider holds sensitive identifiers for about 12,000 workers",SYS-11,Low,High,Moderate,High,Moderate,GV.SC,SA-9; SR-6,Fla. Stat. 501.171(6) (third-party agent notice within 10 days); CSF 2.0 GV.SC-05 (benchmark),Provider SOC 1 and SOC 2 reviewed; contract notice terms,Mitigate,Data minimization: stop sending passport images after visa validation,Chief Human Resources Officer,2027-03-31,Low,Open,2026-07-31,ER-02,Compliance and reputational,Moderate,Within tolerance,Provider SOC exceptions,No
R-041,"Staff paste grower, worker, or yield data into unapproved generative AI tools",Staff,Accidental,Free AI tools are easy to reach,All users,Moderate,Moderate,Moderate,Moderate,Moderate,PR.DS,AC-20; SC-7,CSF 2.0 PR.DS-01 (benchmark),Web filtering,Avoid,Unapproved generative AI domains blocked; an approved enterprise assistant offered instead,CISO,2026-10-31,Low,In progress,2026-07-31,ER-08,Strategic,Moderate,Within tolerance,Blocked AI domain attempts,No
R-042,"The AI-001 yield forecast overestimates a crop, so draft H-2A job orders request too many workers or too few, raising guarantee costs or leaving crops unpicked",Model error,Accidental,AI-001 feeds crew planning and draft H-2A job orders since 2026; re-tiered High in 2026-07,AI-001; BP-15; BP-03,Moderate,Moderate,Moderate,High,Moderate,GV.RM,SA-11; CA-7,20 CFR 655.122(i) (three-fourths guarantee exposure); CSF 2.0 GV.RM-03 (benchmark),Human review of job orders by the Director of H-2A and Labor Compliance; forecast error monitoring,Mitigate,Forecast error limits per crop with fallback to the agronomist estimate; full assessment in P10 (POAM-021),Data Science Lead,2027-03-31,Low,In progress,2026-08-28,ER-08,Strategic,Moderate,Within tolerance,Forecast error by crop,No
R-043,Crew planning recommendations built on AI-001 disadvantage groups of workers because bias testing is incomplete,Model design,Structural,Bias testing incomplete; crew history includes protected characteristics through proxies,AI-001; AI-006; BP-15,Moderate,Moderate,Moderate,Moderate,Moderate,GV.RM,RA-3; CA-7,CSF 2.0 GV.RM-03 (benchmark); AI RMF MEASURE 2.11 (framework),Planners review every crew plan,Mitigate,Complete bias testing before the 2027 season (POAM-021),Data Science Lead,2027-01-31,Low,In progress,2026-08-28,ER-08,Strategic,Moderate,Within tolerance,Bias test status,No
R-044,"An AI-002 irrigation scheduling recommendation is wrong and accepted without review, stressing a crop",Model error,Accidental,Operators accept plans; limits validated by the interface,AI-002; BP-01,Low,Moderate,Low,Moderate,Low,GV.RM,SI-10; CA-7,CSF 2.0 GV.RM-03 (benchmark),Operator acceptance; interface limits (SI-10),Mitigate,Monthly accuracy review,"Vice President, Digital Agronomy",2027-03-31,Very Low,Open,2026-07-31,ER-08,Strategic,Moderate,Within tolerance,Rejected recommendations,No
R-045,AI use cases run without committee review or monitoring,Structural,Structural,11 use cases; 4 not yet reviewed,AI portfolio (P10),Moderate,Moderate,Moderate,Moderate,Moderate,GV.OV,PM-9; CA-7,CSF 2.0 GV.OV-01 (benchmark),AI governance committee since 2025,Mitigate,Review the 4 remaining use cases by 2026-12-31,Chief Risk Officer,2026-12-31,Low,In progress,2026-08-28,ER-08,Strategic,Moderate,Within tolerance,Use cases reviewed,No
R-046,Training data for SL-1 analytics is poisoned through grower uploads,Malicious grower account,Adversarial,Growers upload field data to SL-1,SL-1; BP-12,Low,Moderate,Low,Moderate,Low,PR.DS,SI-10; SI-7,CSF 2.0 PR.DS-01 (benchmark),Upload validation,Mitigate,Outlier screening before retraining,Data Science Lead,2027-06-30,Very Low,Open,2026-07-31,ER-08,Strategic,Moderate,Within tolerance,Rejected uploads,No
R-047,A tenant isolation failure in SL-1 exposes one grower's data to another,Software flaw,Accidental,About 420 grower tenants on a shared platform,SL-1; BP-12,Low,High,Moderate,High,Moderate,PR.AA,AC-3; SA-11,CSF 2.0 PR.AA-05 (benchmark); SL-1 client commitments (P09),Isolation tests in the pipeline; annual penetration test,Mitigate,Add isolation tests for new APIs,"Vice President, Digital Agronomy",2027-03-31,Low,In progress,2026-07-31,ER-02,Compliance and reputational,Moderate,Within tolerance,Isolation test failures,No
R-048,SL-2 hub lot data errors mislead contract growers' buyers,Process error,Accidental,Paper receiving logs at Hub 3,SL-2; BP-13,Low,Moderate,Low,High,Low,ID.IM,SI-10; AU-2,21 CFR 1.1320 (initial packer lot code); SL-2 client commitments (P09),Receiving checks,Mitigate,Electronic receiving at Hub 3,"Vice President, Grower Services",2027-06-30,Low,Open,2026-07-31,ER-06,Compliance,Low,Within tolerance,Lot data corrections,No
R-049,"Hub 2 packs a majority of third-party produce and loses farm status without timely FDA registration, so 21 CFR 121 and Part 117 would apply",Grower services growth,Structural,Third-party share tracked in a spreadsheet; Hub 2 at 31% and rising,Hub 2; BP-13,Moderate,Moderate,Moderate,High,Moderate,GV.OC,PM-9,N11-R01 (21 CFR 121.1); 21 CFR 1.227 (farm definition); 21 CFR 1.226(b),Quarterly share report; 40% internal alert threshold,Mitigate,Automate the share calculation from SL-2 receiving data; decision gate in the grower services plan,Chief Food Safety and Quality Officer,2027-03-31,Low,In progress,2026-07-31,ER-06,Compliance,Low,Outside tolerance,Third-party share at each hub,Yes
R-050,Malicious code arrives in a trusted OT vendor software update for SCADA or HMIs,Supply chain attacker,Adversarial,Vendor updates installed by integrators,SYS-02,Low,Moderate,Low,Very High,Moderate,GV.SC,SR-3; SI-7; CM-3,CSF 2.0 GV.SC-05 (benchmark); SP 800-82r3 6.2.11,Updates tested on the bench before release,Mitigate,Hash verification and SBOM requests for SCADA vendors,Director of OT Security,2027-06-30,Low,Open,2026-07-31,ER-03,Operational,Moderate,Within tolerance,Updates verified,No
R-051,The EDI network provider is down and about 85% of orders stop,EDI provider,Structural,One provider,SYS-12; BP-06,Low,Moderate,Low,High,Low,GV.SC,CP-2; SA-9,CSF 2.0 GV.SC-07 (benchmark),Phone and email orders for the top 20 customers; failover tested 2025-11,Accept,Accepted: fallback tested,"Vice President, Sales and Customer Operations",2027-07-31,Low,Closed (accepted),2026-07-31,ER-03,Operational,Moderate,Within tolerance,Provider outages,No
R-052,Account takeover of the refrigerated carrier load portal leads to a fictitious pickup and cargo theft,Fraud ring,Adversarial,About 30 carriers with portal access,SYS-12 transport management,Moderate,Moderate,Moderate,Moderate,Moderate,PR.AA,IA-2; AC-2,CSF 2.0 PR.AA-03 (benchmark),Driver and load verification at the dock,Mitigate,MFA for carrier portal accounts,"Vice President, Sales and Customer Operations",2027-03-31,Low,Open,2026-07-31,ER-03,Operational,Moderate,Within tolerance,Pickup verification failures,No
R-053,The data warehouse keeps more worker identifiers than analysis needs,Structural,Structural,Payroll and tally data joined for labor analytics,Data warehouse,Low,Moderate,Low,Moderate,Low,PR.DS,PM-5(1); SI-12,CSF 2.0 PR.DS-01 (benchmark); Fla. Stat. 501.171(8) (disposal),Masking for analysts,Mitigate,Drop identifiers not needed; retention limits,Chief Privacy Officer,2027-03-31,Very Low,Open,2026-07-31,ER-02,Compliance and reputational,Moderate,Within tolerance,Identifiers in the warehouse,No
R-054,A rugged tablet with cached tally data is lost or stolen,Theft or loss,Accidental,"About 6,500 tablets in the field",SYS-06,High,Low,Moderate,Low,Low,PR.DS,AC-19; MP-5,CSF 2.0 PR.DS-01 (benchmark),"MDM with encryption, passcode, and remote wipe",Accept,Accepted with existing controls,Director of Endpoint and Mobility Engineering,2027-07-31,Low,Closed (accepted),2026-07-31,ER-02,Compliance and reputational,Moderate,Within tolerance,Lost tablets not wiped,No
R-055,A produce box customer account is taken over or the e-commerce SaaS is breached,Fraud ring,Adversarial,"About 38,000 subscribers; card data stays with the processor",SYS-12 e-commerce; BP-19,Moderate,Low,Low,Low,Low,PR.AA,IA-2; SA-9,PCI DSS v4.0.1 (acquirer agreement); Fla. Stat. 501.171(1)(g)1.b,Hosted payment page; vendor PCI attestation,Accept,Accepted with existing controls,"Vice President, Sales and Customer Operations",2027-07-31,Low,Closed (accepted),2026-07-31,ER-02,Compliance and reputational,Moderate,Within tolerance,Account takeover reports,No
R-056,A utility outage at pump stations in a heat wave stops irrigation,Electric utility,Environmental,Generators only at freeze stations and packing sites,BP-01,Moderate,Moderate,Moderate,Moderate,Moderate,PR.IR,PE-11; CP-2,CSF 2.0 PR.IR-04 (benchmark),Portable generators; manual priorities,Accept,Accepted: impact limited by manual priorities,"Vice President, Irrigation and Water Resources",2027-07-31,Moderate,Closed (accepted),2026-07-31,ER-01,Operational,Moderate,Within tolerance,Outage hours in season,No
R-057,A cloud administrator credential is misused to delete workloads and backups,Attacker or insider,Adversarial,Few standing roles remain; break-glass accounts sealed,SYS-04,Low,Moderate,Low,Very High,Moderate,PR.AA,AC-6; CP-9; IA-2(1),CSF 2.0 PR.AA-05; PR.DS-11 (benchmark),Just-in-time elevation; immutable backups in separate accounts,Mitigate,Quarterly break-glass test,Director of Cloud Platform Engineering,2027-03-31,Low,In progress,2026-07-31,ER-01,Operational,Moderate,Within tolerance,Standing admin roles,No
R-058,Detection of attacks at AQ-01 and AQ-02 is late because their log sources are not in the SIEM,Attacker,Adversarial,AQ-01 servers and the AQ-02 pivot cloud not onboarded,AQ-01; AQ-02,Moderate,Moderate,Moderate,Moderate,Moderate,DE.CM,AU-6; SI-4,CSF 2.0 DE.CM-09 (benchmark),EDR on AQ-01 servers,Mitigate,Onboard AQ log sources (POAM-005),Director of Security Operations,2026-12-31,Low,In progress,2026-08-28,ER-04,Strategic,Moderate,Within tolerance,AQ log sources onboarded,No
R-059,A future acquisition closes without security due diligence and integration funding,Structural,Structural,Two acquisitions in 2025-2026 inherited flat networks and legacy identity,M&A process,Moderate,Moderate,Moderate,High,Moderate,GV.RM,PM-9; SA-9,CSF 2.0 GV.RM-03 (benchmark),Security checklist in deal review since 2026,Mitigate,Integration funding required in every deal approval,Chief Risk Officer,2026-12-31,Low,In progress,2026-07-31,ER-04,Strategic,Moderate,Within tolerance,Deals with security due diligence,No
R-060,Flow meter data for water permit reporting is altered or lost,Error or attacker,Accidental,Data aggregated through the historian replica,SYS-02; BP-20,Low,Moderate,Low,Moderate,Low,PR.DS,AU-9; CP-9,CSF 2.0 PR.DS-01 (benchmark); water use permits,Historian replication; monthly reconciliation,Mitigate,Signed monthly export,"Vice President, Irrigation and Water Resources",2027-03-31,Very Low,Open,2026-07-31,ER-06,Compliance,Low,Within tolerance,Reconciliation exceptions,No
R-061,Worker Protection Standard application and hazard information is not displayed within 24 hours because of an FMIS or printing outage,System outage,Accidental,Displays printed from SYS-01,SYS-01; BP-08,Low,Moderate,Low,Moderate,Low,PR.DS,CP-2,40 CFR 170.311(b),Paper application logs at each farm office,Accept,Accepted: paper fallback in place,Chief Compliance Officer,2027-07-31,Low,Closed (accepted),2026-07-31,ER-06,Compliance,Low,Within tolerance,Late displays,No
R-062,An insider exports grower contracts or yield data to a competitor,Malicious insider,Adversarial,Broad read access to yield data,SYS-01; warehouse,Low,Moderate,Low,Moderate,Low,PR.DS,AC-6; AU-6,CSF 2.0 PR.DS-01 (benchmark),Data loss prevention; export logging,Mitigate,Quarterly review of bulk exports,Director of Security Operations,2027-03-31,Very Low,Open,2026-07-31,ER-02,Compliance and reputational,Moderate,Within tolerance,Bulk exports reviewed,No
R-063,A denial-of-service attack slows the SL-1 platform,Hacktivist,Adversarial,Internet-facing platform,SL-1,Low,Low,Low,Moderate,Low,PR.IR,SC-5,CSF 2.0 PR.IR-03 (benchmark),Provider DDoS protection; WAF,Accept,Accepted with existing controls,"Vice President, Digital Agronomy",2027-07-31,Low,Closed (accepted),2026-07-31,ER-03,Operational,Moderate,Within tolerance,Availability incidents,No
R-064,Vandals or thieves damage or tamper with remote pump stations,Criminal,Adversarial,"About 410 remote stations, many unstaffed",SYS-02 pump stations,High,Moderate,Moderate,Moderate,Moderate,PR.AA,PE-3; PE-6,CSF 2.0 PR.AA-06 (benchmark),"Locks, cameras at 96 freeze stations, door alarms to SCADA",Mitigate,Door alarms at all fertigation stations,"Vice President, Facilities and Physical Security",2027-06-30,Low,In progress,2026-07-31,ER-01,Operational,Moderate,Within tolerance,Intrusion events,No
R-065,Cyber insurance does not cover crop loss from an OT incident,Structural,Structural,Policy wording excludes some physical loss,Financial,Moderate,Moderate,Moderate,High,Moderate,GV.RM,PM-9,CSF 2.0 GV.RM-04 (benchmark),Cyber and crop insurance,Share/Transfer,Negotiate OT and contingent business interruption coverage at the 2027 renewal,Chief Financial Officer,2027-04-30,Low,Open,2026-07-31,ER-07,Financial,Low,Outside tolerance,Coverage gaps,Yes
