criterion_id,category,criteria_group,topic_label,in_scope,control_description,control_owner,evidence,related_sp800_53,readiness_status,gap,remediation,target_date
CC1.1,Security,Control environment,Commitment to integrity and ethical values,Yes,"Code of conduct and HIPAA sanctions policy; annual acknowledgment of POL-05 by employees, physicians, and practice users",HR Director,"EV-039 (code of conduct); EV-038 (acknowledgment report, 97% employees); EV-039 (sanctions log, 11 in 2025-2026)",PS-8; PL-4,Ready,,,
CC1.2,Security,Control environment,Board independence and oversight,Yes,"Board audit committee receives quarterly cyber risk reports from the vCISO, including affiliated practice service status",Chief Executive Officer,Audit committee minutes 2026-09-17; EV-033 (reporting calendar),PM-9,Partially ready,Quarterly reporting formalized only from 2026-09; one meeting on record,Hold and minute each quarterly report through the observation period,2027-03-31
CC1.3,Security,Control environment,"Structures, reporting lines, authorities",Yes,Security Officer designation; vCISO reporting line; Director of Physician Services owns the practice service; RACI for service delivery,Chief Operating Officer,EV-034 (designation letter); EV-073 (organization chart); EV-073 (service RACI),PM-2,Ready,,,
CC1.4,Security,Control environment,Commitment to competence,Yes,Background checks; role-based training; IT and help desk competencies for practice support,HR Director,EV-061 (background check reports); EV-038 (training records),AT-2; AT-3; PS-3,Partially ready,No role-based security training for help desk staff who reset practice user passwords; agency screening not verified,Help desk identity verification training; agency attestation,2027-01-31
CC1.5,Security,Control environment,Accountability for internal control,Yes,Control owners named in the SSP and policies; sanctions applied,Chief Operating Officer,SSP section 5; EV-039 (sanctions log),PS-8,Ready,,,
CC2.1,Security,Information and communication,Quality information to support controls,Yes,"System inventory, data flows, and practice user list support control operation",IT Director (Security Officer),EV-012 (CMDB); EV-025 (interface inventory); EV-005 (practice user roster),CM-8,Partially ready,Device inventory 70% complete; practice user roster reconciled only at onboarding,Passive discovery (POAM-009); monthly practice roster reconciliation (POAM-001),2027-03-31
CC2.2,Security,Information and communication,Internal communication of objectives and responsibilities,Yes,"Policies, responsibilities, and security updates communicated to workforce and practice users",Information Security Manager,EV-027 (intranet); EV-049 (practice newsletter); EV-038 (training),PL-4,Partially ready,Practice users receive no security training or updates,Practice user training module and quarterly bulletin (POAM-006),2027-01-31
CC2.3,Security,Information and communication,Communication with external parties,Yes,"Services agreement and BAA with each practice define commitments, incident notice (5 business days), and contacts; external reporting channel",Director of Physician Services,"EV-045 (services agreements); EV-067 (BAAs, 18 of 18); EV-049 (practice contact list)",SA-9; IR-6,Partially ready,No written procedure for notifying practices of incidents; no system description shared with practices,Practice notification step in P08 (POAM-023); management's system description,2026-12-31
CC3.1,Security,Risk assessment,Objectives specified to enable risk identification,Yes,"Service objectives (access, availability within 8 hours of EHR availability, confidentiality) and risk appetite defined",Chief Operating Officer,P01 risk appetite; EV-045 (services agreement),PM-9,Ready,,,
CC3.2,Security,Risk assessment,Risk identification and analysis,Yes,Annual SP 800-30 risk analysis including the practice service (register view),Information Security Manager,"P01 register (R-038, R-039 and HECS risks)",RA-3,Ready,,,
CC3.3,Security,Risk assessment,Fraud risk considered,Yes,"Fraud risk considered: payroll diversion, coding manipulation, credential sharing by practice users",Chief Financial Officer,"P01 R-011, R-030",RA-3,Partially ready,Fraud risk not assessed for the practice service specifically,CFO fraud risk review including practice billing interfaces,2027-01-31
CC3.4,Security,Risk assessment,Significant change identified and assessed,Yes,"Significant changes (new practices, EHR upgrades, new AI features) assessed before release",IT Director (Security Officer),EV-019 (change tickets); P10 intake,RA-3; CA-7,Not ready,EHR upgrade switched on the sepsis model without review; new practices onboarded without a security review,Change impact review including vendor feature activations; practice onboarding checklist (STD-05; POAM-024),2026-12-31
CC4.1,Security,Monitoring activities,Ongoing and separate evaluations,Yes,Annual co-sourced internal audit (P07); continuous monitoring by the MSSP,Information Security Manager,P07 results; EV-023 (MSSP reports),CA-2; CA-7,Ready,,,
CC4.2,Security,Monitoring activities,Deficiencies evaluated and communicated,Yes,Deficiencies tracked in the POA&M and reported to the audit committee,Information Security Manager,P07 poam.csv; minutes,CA-5,Ready,,,
CC5.1,Security,Control activities,Control activities selected to mitigate risk,Yes,Controls selected from SP 800-53 Moderate with tailoring in the SSP,IT Director (Security Officer),SSP section 10,PL-2; RA-3,Ready,,,
CC5.2,Security,Control activities,General controls over technology,Yes,"General IT controls: configuration baselines, change control",Information Security Manager,EV-019 (gold images); EV-019 (change tickets),CM-2; CM-6,Partially ready,No baselines for network devices or vendor-managed servers; 23% drift on sampled servers,Issue STD-01; monthly drift reports (POAM-008),2027-03-31
CC5.3,Security,Control activities,Control activities deployed through policies and procedures,Yes,Policies POL-01 to POL-05 and standards deploy controls,Information Security Manager,P06 policy set; standards index,PL-1,Partially ready,5 standards still in draft,Issue standards on the P06 schedule,2027-03-31
CC6.1,Security,Logical and physical access,"Logical access security software, infrastructure, architecture",Yes,Identity provider with MFA for external access; role-based EHR access; encryption at rest,IT Director (Security Officer),EV-002 (conditional access policy); EV-008 (EHR role catalog); EV-010 (encryption reports),AC-3; IA-2; SC-28,Partially ready,Generic display accounts; no MFA for on-campus administrator sign-in; standing privileged access,POAM-002 and POAM-004,2027-03-31
CC6.2,Security,Logical and physical access,User registration and authorization,Yes,Practice users registered on the practice manager's request with Director of Physician Services approval,Director of Physician Services,"EV-061 (account request tickets, 25 sampled)",AC-2,Partially ready,Practice manager requests are not verified against practice employment; no end dates,Sponsor attestation and end dates (POAM-001),2026-12-31
CC6.3,Security,Logical and physical access,"Role-based access, least privilege, removal",Yes,Role-based access; quarterly review planned; removal on departure,IT Director (Security Officer),EV-006 (access review February 2026); P07 AC-2 results,AC-2; AC-6; PS-4,Not ready,Annual reviews; 7 of 25 non-employee departures still active; transfers keep roles; practice users can see more than their own patients,Quarterly reviews; monthly practice reconciliation; practice role restriction (POAM-001; POL-02 4.14),2026-12-31
CC6.4,Security,Logical and physical access,Physical access restrictions,Yes,Badge access to the data center and network closets,Director of Facilities,EV-050 (badge reports),PE-3,Partially ready,9 keyed closets with no logs,Badge readers (POAM-015),2027-03-31
CC6.5,Security,Logical and physical access,Asset disposal and data protection,Yes,Certified destruction of IT media; device sanitization before return,Director of Biomedical Engineering,EV-051 (destruction certificates),MP-6,Partially ready,4 of 6 device returns lacked certificates,Certificate before release (POAM-014),2026-12-31
CC6.6,Security,Logical and physical access,Protection against threats from outside boundaries,Yes,Perimeter and cloud firewalls; MFA for external access; vendor access platform,IT Director (Security Officer),EV-014 (firewall exports); EV-015 (vendor access platform logs),SC-7,Not ready,14 vendor VPN accounts without MFA; flat clinical network,Vendor access platform for all vendors (POAM-003); segmentation (POAM-019),2026-12-31
CC6.7,Security,Logical and physical access,Restriction of data transmission and movement,Yes,"TLS and IPsec for all external traffic, including practice access and interfaces",IT Director (Security Officer),EV-066 (TLS configuration review),SC-8; MP-2,Ready,,,
CC6.8,Security,Logical and physical access,Prevention and detection of unauthorized or malicious software,Yes,EDR on all managed endpoints and servers; software installation restricted,Information Security Manager,EV-011 (EDR coverage); P07 SI-3 fully satisfied,SI-3; CM-11,Ready,,,
CC7.1,Security,System operations,Detection of configuration changes and vulnerabilities,Yes,Quarterly vulnerability scanning; weekly Known Exploited Vulnerabilities review,Information Security Manager,EV-018 (scan reports),RA-5; CM-6,Partially ready,Quarterly not monthly; critical findings average 41 days,Monthly scans and STD-09 targets (POAM-016),2027-03-31
CC7.2,Security,System operations,Monitoring for anomalies and security events,Yes,SIEM monitored 24x7 by the MSSP; EHR VIP access alerts,Information Security Manager,EV-023 (MSSP reports); EV-022 (SIEM sources),SI-4; AU-6,Partially ready,No broad EHR access analytics; LIS and interface engine not logged,EHR access analytics and SIEM onboarding (POAM-007),2027-03-31
CC7.3,Security,System operations,Evaluation of security events,Yes,Security events triaged by the MSSP and the security team; privacy events by the Privacy Officer,Information Security Manager,EV-036 (incident register); EV-068 (decision log),IR-4; IR-5,Partially ready,Decision log incomplete in 3 of 9 privacy incidents,Decision log (POAM-023),2026-11-30
CC7.4,Security,System operations,Incident response,Yes,Incident response plan and two runbooks (P08),Information Security Manager,P08 runbooks,IR-4; IR-8,Partially ready,Runbooks not yet exercised; practice notification not tested,Tabletop 2026-11-10; insider tabletop 2027-02 (POAM-013),2027-02-28
CC7.5,Security,System operations,Recovery from incidents,Yes,Recovery from incidents in BIA order,IT Director (Security Officer),BIA; P08 recovery table,CP-9; CP-10,Not ready,No IT DR plan; no restore tests; practice restoration commitment never tested,"IT DR plan and quarterly restore tests including practice access (POAM-010, POAM-011)",2027-03-31
CC8.1,Security,Change management,"Change authorization, design, testing, approval",Yes,Weekly change advisory board; EHR build change process with clinical sign-off,IT Director (Security Officer),EV-019 (change tickets); EV-019 (EHR build log),CM-3,Partially ready,Vendor remote changes not ticketed; no second reviewer for interface mapping changes,Ticket all vendor changes; second reviewer (STD-01),2027-03-31
CC9.1,Security,Risk mitigation,Business disruption risk mitigation,Yes,Business disruption risks identified in the BIA and mitigated through downtime procedures and insurance,Chief Operating Officer,BIA; EV-046 (insurance policy),CP-2; PM-9,Partially ready,Downtime procedures cover about 4 hours,72-hour downtime procedures (POAM-010),2027-03-31
CC9.2,Security,Risk mitigation,Vendor and business partner risk management,Yes,Vendor management for the EHR vendor and other subservice organizations,Compliance and Privacy Officer,EV-041 (BAA register); EV-042 (vendor files); P09 vendor reviews,SA-9; SR-6,Not ready,42 PHI vendors without BAAs; no Tier 1 reassessment; EHR vendor BAA does not expressly cover practice PHI,BAAs; annual Tier 1 reviews; EHR vendor BAA amendment (POAM-017),2026-12-31
A1.1,Availability,Availability,Capacity management,Yes,Capacity of the help desk and interfaces monitored; EHR capacity is the vendor's (carved out),Director of Physician Services,EV-072 (help desk metrics); EV-072 (interface queue reports),PE-11; SC-5,Ready,,,
A1.2,Availability,Availability,"Environmental protections, backup, recovery infrastructure",Yes,"Environmental protections, backups, and recovery infrastructure for the hospital-managed parts of the service (identity, interfaces, help desk)",IT Director (Security Officer),EV-021 (backup reports); EV-052 (data center environmental records),CP-9; CP-6; CP-8,Partially ready,Backup appliance joined to the directory; alternate communications limited,POAM-012; POAM-010,2027-03-31
A1.3,Availability,Availability,Recovery plan testing,Yes,Recovery plan testing,IT Director (Security Officer),None,CP-4,Not ready,No recovery testing of hospital-managed components,Quarterly restore tests (POAM-011),2027-04-30
C1.1,Confidentiality,Confidentiality,Identification and maintenance of confidential information,Yes,Practice PHI classified as Restricted (POL-04); encrypted at rest and in transit; access by role,Compliance and Privacy Officer,POL-04; EV-010 (encryption reports),RA-2; SC-28,Partially ready,Production PHI in the interface engine test environment,Synthetic test data (POAM-025),2026-12-31
C1.2,Confidentiality,Confidentiality,Disposal of confidential information,Yes,Disposal of practice data at contract end and of hospital media,Compliance and Privacy Officer,EV-045 (services agreement exit terms); EV-051 (destruction certificates),MP-6; SI-12,Partially ready,No documented process for returning or segregating a departing practice's data,Practice exit procedure,2027-03-31
PI1.1,Processing Integrity,Processing integrity,Quality information about processing objectives,No,Processing Integrity not requested by the practices or the ACO,,,,N/A,,,
PI1.2,Processing Integrity,Processing integrity,System inputs,No,Processing Integrity not requested by the practices or the ACO,,,,N/A,,,
PI1.3,Processing Integrity,Processing integrity,System processing,No,Processing Integrity not requested by the practices or the ACO,,,,N/A,,,
PI1.4,Processing Integrity,Processing integrity,System outputs,No,Processing Integrity not requested by the practices or the ACO,,,,N/A,,,
PI1.5,Processing Integrity,Processing integrity,Stored data,No,Processing Integrity not requested by the practices or the ACO,,,,N/A,,,
P1.1,Privacy,Notice,Privacy notice,No,Privacy not requested; the hospital's HIPAA privacy program covers practice data under the BAAs,,,,N/A,,,
P2.1,Privacy,Choice and consent,Choice and consent,No,Privacy not requested; the hospital's HIPAA privacy program covers practice data under the BAAs,,,,N/A,,,
P3.1,Privacy,Collection,Collection consistent with objectives,No,Privacy not requested; the hospital's HIPAA privacy program covers practice data under the BAAs,,,,N/A,,,
P3.2,Privacy,Collection,Explicit consent where required,No,Privacy not requested; the hospital's HIPAA privacy program covers practice data under the BAAs,,,,N/A,,,
P4.1,Privacy,"Use, retention, disposal",Use limited to objectives,No,Privacy not requested; the hospital's HIPAA privacy program covers practice data under the BAAs,,,,N/A,,,
P4.2,Privacy,"Use, retention, disposal",Retention,No,Privacy not requested; the hospital's HIPAA privacy program covers practice data under the BAAs,,,,N/A,,,
P4.3,Privacy,"Use, retention, disposal",Disposal,No,Privacy not requested; the hospital's HIPAA privacy program covers practice data under the BAAs,,,,N/A,,,
P5.1,Privacy,Access,Data subject access,No,Privacy not requested; the hospital's HIPAA privacy program covers practice data under the BAAs,,,,N/A,,,
P5.2,Privacy,Access,Correction,No,Privacy not requested; the hospital's HIPAA privacy program covers practice data under the BAAs,,,,N/A,,,
P6.1,Privacy,Disclosure and notification,Disclosure to third parties with consent,No,Privacy not requested; the hospital's HIPAA privacy program covers practice data under the BAAs,,,,N/A,,,
P6.2,Privacy,Disclosure and notification,Record of authorized disclosures,No,Privacy not requested; the hospital's HIPAA privacy program covers practice data under the BAAs,,,,N/A,,,
P6.3,Privacy,Disclosure and notification,Record of unauthorized disclosures,No,Privacy not requested; the hospital's HIPAA privacy program covers practice data under the BAAs,,,,N/A,,,
P6.4,Privacy,Disclosure and notification,Third-party commitments,No,Privacy not requested; the hospital's HIPAA privacy program covers practice data under the BAAs,,,,N/A,,,
P6.5,Privacy,Disclosure and notification,Third-party notification of unauthorized disclosure,No,Privacy not requested; the hospital's HIPAA privacy program covers practice data under the BAAs,,,,N/A,,,
P6.6,Privacy,Disclosure and notification,Breach notification to affected parties,No,Privacy not requested; the hospital's HIPAA privacy program covers practice data under the BAAs,,,,N/A,,,
P6.7,Privacy,Disclosure and notification,Accounting of disclosures to data subjects,No,Privacy not requested; the hospital's HIPAA privacy program covers practice data under the BAAs,,,,N/A,,,
P7.1,Privacy,Quality,"Accurate, complete, relevant personal information",No,Privacy not requested; the hospital's HIPAA privacy program covers practice data under the BAAs,,,,N/A,,,
P8.1,Privacy,Monitoring and enforcement,"Inquiries, complaints, disputes",No,Privacy not requested; the hospital's HIPAA privacy program covers practice data under the BAAs,,,,N/A,,,
