poam_id,control_id,weakness,source,risk_level,remediation_plan,milestones,resources_required,owner,scheduled_completion,status
POAM-001,AC-2; PS-4,Local and agency ticketing accounts outside the account lifecycle; 2 departed agency accounts active; transfers keep prior roles; annual reviews; shared break-glass passwords not changed,"P07 assessment (AC-02, PS-04 objectives); P03 G-033 (8.2), G-030 (7.2)",High,Disable departed and inactive accounts; move local accounts into SSO or app-based MFA with end dates; transfer workflow removes prior roles; quarterly reviews; sealed named break-glass accounts,2026-09-30 departed and inactive accounts disabled; 2026-10-31 local accounts on SSO or MFA; 2026-12-31 first quarterly review and transfer workflow live,Staff time; identity provider workflow configuration,Vice President of Ticketing,2026-12-31,In progress
POAM-002,AC-6; AC-6(5),14 ticketing admins; full-admin API key; local admin on 22 laptops; standing privileged rights outside the cloud,"P07 assessment (AC-06, AC-06(05)); P01 R-003, R-036",High,"Cut ticketing admins to 6; read-only scoped API key; remove local admin exceptions; extend privileged access management to identity provider, ticketing, CMS, and network administrators",2026-10-15 API key replaced; 2026-10-31 admins cut to 6; 2027-03-31 privileged access management for all admin planes,"$120,000 one-time; $40,000 a year",Security Manager,2027-03-31,In progress
POAM-003,IA-2; IA-2(1),2 shared break-glass admin accounts and 9 tag manager publishers without MFA; 9 local accounts outside SSO,"P07 assessment (IA-02, IA-02(01)); P03 G-035 (8.4.1), G-036 (8.4.2)",High,App-based MFA on break-glass accounts; tag manager on SSO with MFA; all local accounts on SSO or vendor MFA; security keys for administrators,2026-10-15 tag manager on SSO; 2026-10-31 all local accounts covered; 2027-03-31 security keys for administrators,"Staff time; security keys ($6,000)",IT Director,2027-03-31,In progress
POAM-004,IA-5,Default administrator password on the crowd analytics server; 8-character local passwords; unrotated API key in plain settings; shared break-glass passwords,"P07 assessment (IA-05 objectives); P01 R-029; P03 G-007 (2.2), G-034 (8.3), G-039 (8.6)",High,Password changed 2026-08-14; check every integrator-installed device for defaults; key in the secrets service with yearly rotation; 12-character minimum on any remaining local account,2026-08-14 password changed (done); 2026-10-15 secrets service; 2026-10-31 integrator device sweep,Staff time; integrator hours,IT Director,2026-10-31,In progress
POAM-005,AC-17,Integrator remote tool with password-only sign-in and no per-connection authorization,P07 assessment (AC-17 objectives); P03 G-037 (8.4.3); P01 R-038,Moderate,"Move integrator and web agency remote access to the privileged access broker with MFA, approval per session, and recording",2026-11-30 broker accounts for integrator; 2026-12-31 own remote tool removed,Included in POAM-002,IT Director,2026-12-31,Open
POAM-006,AT-2,Training not triggered by system changes; content not updated after incidents and findings,P07 assessment (AT-02 objectives); P03 G-066 (12.6),Low,Card handling module for payment staff; publisher module; update content after each significant finding or incident,2026-10-31 card handling module; 2026-12-31 publisher module,Training platform (existing),HR Director,2026-12-31,Open
POAM-007,AU-2; AU-12,"Ticketing audit log, tag manager history, CMS logs, and payment partner activity not logged to the SIEM; no rationale or review of event types","P07 assessment (AU-02, AU-12); P03 G-046 (10.2); P01 R-034",High,Issue STD-02; onboard the 4 sources through the log pipeline; document the rationale; yearly review,2026-10-30 ticketing audit log and tag manager onboarded; 2026-12-31 CMS and partner portal onboarded,"$60,000 a year (MSSP)",Security Manager,2026-12-31,In progress
POAM-008,AU-6,"No review of ticketing admin activity, bulk exports, script publishes, or virtual terminal activity; no increase during on-sales",P07 assessment (AU-06); P03 G-048 (10.4),High,"SIEM use cases (new admin, bulk export, script change, unusual virtual terminal volume); daily automated review; on-sale monitoring plan",2026-10-30 first 4 use cases live; 2026-11-30 on-sale monitoring plan,Included in POAM-007,Security Manager,2026-11-30,In progress
POAM-009,AU-11,Ticketing audit log kept 90 days and CMS logs 14 days,P07 assessment (AU-11); P03 G-049 (10.5),Moderate,12-month retention through the log pipeline for all CDE sources,2026-10-30 ticketing log export; 2026-12-31 CMS,Included in POAM-007,Security Manager,2026-12-31,Open
POAM-010,CM-7; SI-7,31 unmanaged scripts on pages that embed the payment form; no integrity verification or change and tamper detection,"P07 assessment (CM-07, SI-07); P03 G-027 (6.4.3), G-058 (11.6.1); P01 R-001",High,Remove non-essential scripts; inventory with justification and authorization; integrity checks; two-person publishing; payment page monitoring service with alerts to the MSSP,2026-10-09 scripts reduced and inventoried; 2026-10-23 monitoring service live; 2026-10-30 targeted risk analysis for check frequency,"$45,000 a year",Vice President of Marketing and Digital,2026-10-30,In progress
POAM-011,CM-3,Ticketing settings and tag manager publishes outside change control; no security impact analysis for new features,P07 assessment (CM-03); P03 G-028 (6.5),Moderate,"Add ticketing checkout, pricing, and bot settings, tag manager publishes, and CMS releases to change control with PCI impact review",2026-10-30 change types defined and live,Staff time,Security Manager,2026-10-30,Open
POAM-012,CM-2; CM-6,"No baselines for CMS servers, SD-WAN edges, and VMS servers; default settings left by the integrator","P07 assessment (CM-02, CM-06); P03 G-007 (2.2)",Moderate,Issue STD-01 with benchmark-based baselines; drift reports; commissioning checklist for integrator installs,2026-12-31 STD-01 issued; 2027-03-31 baselines applied,Staff time,IT Director,2027-03-31,Open
POAM-013,CM-8,Inventory does not show PCI scope; 4 VMS servers missing; 3 POS devices not located; lists not reconciled,"P07 assessment (CM-08); P03 G-063 (12.5.1), G-044 (9.5)",Moderate,Scope attribute in the asset register; quarterly reconciliation of P2PE device lists; report the 3 devices to the POS vendor,2026-09-30 devices reported; 2026-10-30 scope attribute; 2026-12-31 first quarterly reconciliation,Staff time,IT Director,2026-12-31,In progress
POAM-014,CP-2,"Contingency plan lacks event-day functions, BIA objectives, and current contacts; no manual entry procedure at the Music Hall and the Club",P07 assessment (CP-02); P05 findings 1-2; P01 R-018,High,Issue STD-07; rewrite the plan from the BIA; manual entry procedures and drills at the Music Hall and the Club; distribute to venue General Managers,2026-10-31 Music Hall procedure drilled; 2026-11-30 Club procedure drilled and plan approved,"Staff time; drill overtime ($8,000)",Vice President of Venue Operations,2026-11-30,In progress
POAM-015,CP-4,Contingency plan never tested for company workloads,P07 assessment (CP-04); P01 R-022,Moderate,Quarterly restore tests of the settlement application and patron data platform into an isolated network,2026-10-20 settlement application test; 2026-12-15 patron data platform test,Staff time,IT Director,2026-12-31,Open
POAM-016,IR-4; IR-6; IR-8,2024 plan lacks card compromise and event-day procedures; not distributed or exercised; finance unaware of card brand reporting,"P07 assessment (IR-04, IR-06, IR-08); P03 G-070 (12.10); P01 R-042",Moderate,Adopt the P08 runbooks; distribute; train the crisis team and finance; tabletops for both runbooks,2026-09-15 runbooks approved (done); 2026-11-04 card compromise tabletop; 2027-02-17 event-day tabletop,"Exercise facilitation ($12,000)",Security Manager,2027-02-28,In progress
POAM-017,MP-6,"Paper premium files with card numbers kept, not destroyed",P07 assessment (MP-06a.[01]); P03 G-043 (9.4),Moderate,Shred existing paper card data under witness; ban card data on paper (STD-08),2026-09-30 shredding complete,Staff time,Director of Premium Seating and Group Sales,2026-09-30,In progress
POAM-018,PE-3,Network closet keys unsecured and not logged at 2 venues; no visitor control at box office back rooms,"P07 assessment (PE-03); P03 G-041 (9.2), G-042 (9.3)",Low,Badge readers on the 2 closets; key inventory; visitor logs at box office back rooms,2026-10-31 visitor logs; 2026-12-31 badge readers,"$9,000",Director of Safety and Security,2026-12-31,Open
POAM-019,RA-5,"Internal scans exclude corporate laptops, SD-WAN edges, and VMS servers; critical plug-in patch late","P07 assessment (RA-05); P03 G-054 (11.3.1), G-055 (11.3.2), G-024 (6.3)",Moderate,Extend authenticated scans to all in-scope components quarterly; add 4 site addresses to ASV scope; patch targets in STD-09,2026-09-30 ASV scope extended; 2026-10-30 internal scan scope extended,"Scanner licenses ($8,000 a year)",Security Manager,2026-10-30,In progress
POAM-020,CA-8,No internal or segmentation penetration test; no documented methodology,P07 assessment (CA-08); P03 G-056 (11.4),Moderate,Internal and external tests with documented methodology before QSA fieldwork; segmentation test after the scope change,2026-10-23 internal and external tests; 2026-12-31 segmentation test,"$45,000 a year",Security Manager,2026-12-31,Open
POAM-021,SA-9; SR-6,No provider security requirements for agencies and tag vendors; no responsibility matrix; no ongoing monitoring; stale payment partner AOC,"P07 assessment (SA-09, SR-06); P03 G-068 (12.8); P01 R-037",High,Issue STD-03; provider list with responsibility matrix; current AOCs; agency contract amendments; annual Tier 1 reviews (P09),"2026-10-15 provider list, matrix, and current AOCs; 2026-12-31 agency amendments; 2027-03-31 first annual Tier 1 reviews complete","$25,000 a year (vendor risk tooling)",Security Manager,2027-03-31,In progress
POAM-022,SC-7,Virtual terminal laptops share the corporate segment; corporate reaches physical security and production segments; no internal monitoring,"P07 assessment (SC-07); P03 G-003 (1.3), G-004 (1.4); P01 R-004, R-028",High,Move the virtual terminal channel to validated P2PE devices; block corporate-to-physical-security and corporate-to-production traffic except jump hosts,2026-10-30 P2PE devices live and virtual terminal accounts closed; 2026-12-31 segment rules at 3 venues,"$14,000 devices; $140,000 segmentation",IT Director,2026-12-31,In progress
POAM-023,SI-4,"No monitoring of integrator connections, ticketing admin use, CDE internal segments, or on-sale periods",P07 assessment (SI-04); P03 G-057 (11.5),Moderate,SD-WAN intrusion detection at all sites; SaaS administrative monitoring through POAM-008; on-sale monitoring plan,2026-11-30 intrusion detection on; 2026-12-31 on-sale plan used,Included in POAM-007,Security Manager,2026-12-31,Open
POAM-024,PL-2,PCI DSS scope never documented; ROC readiness depends on the scope reduction,"P03 G-064 (12.5.2), G-061 (12.3); P01 R-006",High,Scope document with data flows and connected systems; targeted risk analyses; evidence file per requirement for the QSA,2026-10-23 scope document and targeted risk analyses; 2026-11-02 QSA fieldwork; 2026-12-15 ROC and AOC,"$25,000 QSA support",Chief Financial Officer,2026-12-15,In progress
POAM-025,SI-12,"Card numbers in CRM notes (312, 9 with security codes) and mailbox attachments (47)","P03 G-010 (3.2), G-011 (3.3), G-017 (4.2); P01 R-005",High,Purge; CRM field validation; email data loss prevention; quarterly discovery scans,2026-09-15 security codes deleted; 2026-09-30 all card data purged; 2026-10-30 field validation and data loss prevention live,"$35,000 one-time; $22,000 a year",Director of Premium Seating and Group Sales,2026-10-30,In progress
POAM-026,PT-5,Advertised prices without mandatory fees; accessible seating priced above parity; wheelchair-space orders capped below the posted limit,"P03 G-077 (464.2(a)), G-078 (464.2(b)), G-083 (36.302(f)(3)), G-084 (36.302(f)(4)); P01 R-014, R-015",High,Total-price templates and pre-publication check; accessible price levels out of auto-apply with daily parity check and refunds; wheelchair-space cap matched to the posted limit,2026-09-30 templates and parity controls; 2026-10-31 cap fixed,Staff time,Vice President of Marketing and Digital,2026-10-31,In progress
POAM-027,SA-4,Five AI uses adopted without review; conditions from the P10 assessment,"P10 assessment; P01 R-015, R-016, R-017, R-030, R-032",Moderate,Meet the P10 conditions per use case; issue STD-05; monthly AI review,2026-09-30 AI-001 parity and fee conditions; 2026-11-30 AI-002 and AI-003 conditions; 2026-12-31 STD-05 and AI-004 validation,Staff time,Virtual CISO,2026-12-31,In progress
