service_line,criterion_id,category,criteria_group,topic_label,in_scope,control_description,control_owner,evidence,related_sp800_53,readiness_status,gap,remediation,target_date
SL-1 MRO customer portal,CC1.1,Security,Control environment,Commitment to integrity and ethical values,Yes,Code of conduct and export compliance commitments with annual attestation; sanctions procedure (PRC-01.1),Chief Human Resources Officer,Attestation report; sanctions log,PS-8; PL-4,Ready,,,
SL-2 Aircraft health monitoring analytics,CC1.1,Security,Control environment,Commitment to integrity and ethical values,Yes,Code of conduct and export compliance commitments with annual attestation; sanctions procedure (PRC-01.1),Chief Human Resources Officer,Attestation report; sanctions log,PS-8; PL-4,Ready,,,
SL-1 MRO customer portal,CC1.2,Security,Control environment,Board independence and oversight,Yes,Risk and technology committee oversees cyber risk quarterly; audit committee oversees Internal Audit (P01 section 8),General Counsel (corporate secretary),Committee charters and minutes,PM-9,Ready,,,
SL-2 Aircraft health monitoring analytics,CC1.2,Security,Control environment,Board independence and oversight,Yes,Risk and technology committee oversees cyber risk quarterly; audit committee oversees Internal Audit (P01 section 8),General Counsel (corporate secretary),Committee charters and minutes,PM-9,Ready,,,
SL-1 MRO customer portal,CC1.3,Security,Control environment,"Structures, reporting lines, authorities",Yes,"Service line owners, CISO, and common control providers have defined reporting lines and authority","Vice President, Aftermarket Services",Organization charts; RACI,PM-2,Ready,,,
SL-2 Aircraft health monitoring analytics,CC1.3,Security,Control environment,"Structures, reporting lines, authorities",Yes,"Service line owners, CISO, and common control providers have defined reporting lines and authority","Vice President, Digital Services",Organization charts; RACI,PM-2,Partially ready,SL-2 team formed in 2026; reporting lines to the CISO for security tasks not documented,Publish the SL-2 RACI,2026-11-30
SL-1 MRO customer portal,CC1.4,Security,Control environment,Commitment to competence,Yes,"Hiring standards, background checks, and role-based training",Chief Human Resources Officer,Screening and training records,PS-3; AT-3,Ready,,,
SL-2 Aircraft health monitoring analytics,CC1.4,Security,Control environment,Commitment to competence,Yes,"Hiring standards, background checks, and role-based training",Chief Human Resources Officer,Screening and training records,PS-3; AT-3,Ready,,,
SL-1 MRO customer portal,CC1.5,Security,Control environment,Accountability for internal control,Yes,Control owners named in the common control catalog; performance goals include control operation,CISO,Control catalog; goals,PM-2,Ready,,,
SL-2 Aircraft health monitoring analytics,CC1.5,Security,Control environment,Accountability for internal control,Yes,Control owners named in the common control catalog; performance goals include control operation,CISO,Control catalog; goals,PM-2,Ready,,,
SL-1 MRO customer portal,CC2.1,Security,Information and communication,Quality information to support controls,Yes,"Security metrics from the SIEM, scanners, and GRC platform feed monthly reviews",CISO,Monthly metrics package,CA-7,Ready,,,
SL-2 Aircraft health monitoring analytics,CC2.1,Security,Information and communication,Quality information to support controls,Yes,"Security metrics from the SIEM, scanners, and GRC platform feed monthly reviews",CISO,Monthly metrics package,CA-7,Ready,,,
SL-1 MRO customer portal,CC2.2,Security,Information and communication,Internal communication of objectives and responsibilities,Yes,Policies on the portal with annual attestation; incident reporting channels,Chief Human Resources Officer,Attestations; intranet,PL-4; AT-2,Ready,,,
SL-2 Aircraft health monitoring analytics,CC2.2,Security,Information and communication,Internal communication of objectives and responsibilities,Yes,Policies on the portal with annual attestation; incident reporting channels,Chief Human Resources Officer,Attestations; intranet,PL-4; AT-2,Ready,,,
SL-1 MRO customer portal,CC2.3,Security,Information and communication,Communication with external parties,Yes,"Customer agreements, system descriptions, and a status page communicate commitments; customer security contacts maintained","Vice President, Aftermarket Services",Agreements; status page,SA-9,Ready,,,
SL-2 Aircraft health monitoring analytics,CC2.3,Security,Information and communication,Communication with external parties,Yes,"Customer agreements, system descriptions, and a status page communicate commitments; customer security contacts maintained","Vice President, Digital Services",Agreements; status page,SA-9,Partially ready,No system description or customer-facing security commitments yet,Write the SL-2 system description and update customer agreements,2027-01-31
SL-1 MRO customer portal,CC3.1,Security,Risk assessment,Objectives specified to enable risk identification,Yes,Service objectives and commitments documented for risk identification,"Vice President, Aftermarket Services",Objectives document,PM-9,Ready,,,
SL-2 Aircraft health monitoring analytics,CC3.1,Security,Risk assessment,Objectives specified to enable risk identification,Yes,Service objectives and commitments documented for risk identification,"Vice President, Digital Services",Objectives document,PM-9,Ready,,,
SL-1 MRO customer portal,CC3.2,Security,Risk assessment,Risk identification and analysis,Yes,Enterprise risk assessment (P01) includes each service line,Chief Risk Officer,P01 register,RA-3,Ready,,,
SL-2 Aircraft health monitoring analytics,CC3.2,Security,Risk assessment,Risk identification and analysis,Yes,Enterprise risk assessment (P01) includes each service line,Chief Risk Officer,P01 register,RA-3,Partially ready,"SL-2 risks (feed integrity, model error) not yet in the enterprise register",Add SL-2 risks to P01 at the next quarterly update,2026-12-31
SL-1 MRO customer portal,CC3.3,Security,Risk assessment,Fraud risk considered,Yes,Fraud risk considered in the enterprise risk assessment,Chief Risk Officer,Fraud risk assessment,RA-3,Ready,,,
SL-2 Aircraft health monitoring analytics,CC3.3,Security,Risk assessment,Fraud risk considered,Yes,Fraud risk considered in the enterprise risk assessment,Chief Risk Officer,Fraud risk assessment,RA-3,Ready,,,
SL-1 MRO customer portal,CC3.4,Security,Risk assessment,Significant change identified and assessed,Yes,"Change in business, technology, and vendors assessed through architecture and risk reviews",CISO,Review records,RA-3; CM-4,Ready,,,
SL-2 Aircraft health monitoring analytics,CC3.4,Security,Risk assessment,Significant change identified and assessed,Yes,"Change in business, technology, and vendors assessed through architecture and risk reviews",CISO,Review records,RA-3; CM-4,Ready,,,
SL-1 MRO customer portal,CC4.1,Security,Monitoring activities,Ongoing and separate evaluations,Yes,Internal Audit assessment (P07) and continuous monitoring,Chief Audit Executive,P07 report,CA-2; CA-7,Ready,,,
SL-2 Aircraft health monitoring analytics,CC4.1,Security,Monitoring activities,Ongoing and separate evaluations,Yes,Internal Audit assessment (P07) and continuous monitoring,Chief Audit Executive,P07 report,CA-2; CA-7,Ready,,,
SL-1 MRO customer portal,CC4.2,Security,Monitoring activities,Deficiencies evaluated and communicated,Yes,Deficiencies tracked in the POA&M and reported to management and the board,"Director, CMMC Program Office",POA&M,CA-5,Ready,,,
SL-2 Aircraft health monitoring analytics,CC4.2,Security,Monitoring activities,Deficiencies evaluated and communicated,Yes,Deficiencies tracked in the POA&M and reported to management and the board,"Director, CMMC Program Office",POA&M,CA-5,Ready,,,
SL-1 MRO customer portal,CC5.1,Security,Control activities,Control activities selected to mitigate risk,Yes,Controls selected from SP 800-53 against risks,CISO,Control catalog,PL-2,Ready,,,
SL-2 Aircraft health monitoring analytics,CC5.1,Security,Control activities,Control activities selected to mitigate risk,Yes,Controls selected from SP 800-53 against risks,CISO,Control catalog,PL-2,Ready,,,
SL-1 MRO customer portal,CC5.2,Security,Control activities,General controls over technology,Yes,General IT controls through the enterprise platform (P04),Chief Information Officer,Platform control map,CM-2; AC-2,Ready,,,
SL-2 Aircraft health monitoring analytics,CC5.2,Security,Control activities,General controls over technology,Yes,General IT controls through the enterprise platform (P04),Chief Information Officer,Platform control map,CM-2; AC-2,Ready,,,
SL-1 MRO customer portal,CC5.3,Security,Control activities,Control activities deployed through policies and procedures,Yes,Policy hierarchy deploys controls through standards and procedures (P06),CISO,policy-hierarchy.md,PL-1,Ready,,,
SL-2 Aircraft health monitoring analytics,CC5.3,Security,Control activities,Control activities deployed through policies and procedures,Yes,Policy hierarchy deploys controls through standards and procedures (P06),CISO,policy-hierarchy.md,PL-1,Ready,,,
SL-1 MRO customer portal,CC6.1,Security,Logical and physical access,"Logical access security software, infrastructure, architecture",Yes,SSO with MFA for workforce; customer users with MFA; encryption of data at rest with customer-managed keys,Director of Identity and Access Management,Identity configuration; key management records,AC-3; IA-2; SC-28,Ready,,,
SL-2 Aircraft health monitoring analytics,CC6.1,Security,Logical and physical access,"Logical access security software, infrastructure, architecture",Yes,SSO with MFA for workforce; customer users with MFA; encryption of data at rest with customer-managed keys,Director of Identity and Access Management,Identity configuration; key management records,AC-3; IA-2; SC-28,Partially ready,Operator feed service accounts share API keys across 4 operators,Per-operator keys with rotation,2026-12-31
SL-1 MRO customer portal,CC6.2,Security,Logical and physical access,User registration and authorization,Yes,Workforce accounts from HR events; customer administrators manage their users,"Vice President, Aftermarket Services",Provisioning records,AC-2,Ready,,,
SL-2 Aircraft health monitoring analytics,CC6.2,Security,Logical and physical access,User registration and authorization,Yes,Workforce accounts from HR events; customer administrators manage their users,"Vice President, Digital Services",Provisioning records,AC-2,Partially ready,Customer user requests arrive by email without a ticket,Self-service customer administration with approvals,2027-01-31
SL-1 MRO customer portal,CC6.3,Security,Logical and physical access,"Role-based access, least privilege, removal",Yes,Role-based access with quarterly certification,"Vice President, Aftermarket Services",Certification records,AC-2; AC-6,Ready,,,
SL-2 Aircraft health monitoring analytics,CC6.3,Security,Logical and physical access,"Role-based access, least privilege, removal",Yes,Role-based access with quarterly certification,"Vice President, Digital Services",Certification records,AC-2; AC-6,Ready,,,
SL-1 MRO customer portal,CC6.4,Security,Logical and physical access,Physical access restrictions,Yes,Cloud provider physical controls (carved out); DC-2 colocation report reviewed,Director of Cloud Platform Engineering,Provider SOC 2 reports,PE-3,Ready,,,
SL-2 Aircraft health monitoring analytics,CC6.4,Security,Logical and physical access,Physical access restrictions,Yes,Cloud provider physical controls (carved out); DC-2 colocation report reviewed,Director of Cloud Platform Engineering,Provider SOC 2 reports,PE-3,Ready,,,
SL-1 MRO customer portal,CC6.5,Security,Logical and physical access,Asset disposal and data protection,Yes,Media sanitization and data deletion at end of service,Director of Endpoint Engineering,Sanitization records,MP-6,Ready,,,
SL-2 Aircraft health monitoring analytics,CC6.5,Security,Logical and physical access,Asset disposal and data protection,Yes,Media sanitization and data deletion at end of service,Director of Endpoint Engineering,Sanitization records,MP-6,Ready,,,
SL-1 MRO customer portal,CC6.6,Security,Logical and physical access,Protection against threats from outside boundaries,Yes,"Web application firewall, DDoS protection, and network policies at the commercial landing zone",Director of Network Engineering,Rule reviews,SC-7,Ready,,,
SL-2 Aircraft health monitoring analytics,CC6.6,Security,Logical and physical access,Protection against threats from outside boundaries,Yes,"Web application firewall, DDoS protection, and network policies at the commercial landing zone",Director of Network Engineering,Rule reviews,SC-7,Ready,,,
SL-1 MRO customer portal,CC6.7,Security,Logical and physical access,Restriction of data transmission and movement,Yes,TLS for all external data transmission; data loss prevention,Director of Network Engineering,TLS scans,SC-8,Ready,,,
SL-2 Aircraft health monitoring analytics,CC6.7,Security,Logical and physical access,Restriction of data transmission and movement,Yes,TLS for all external data transmission; data loss prevention,Director of Network Engineering,TLS scans,SC-8,Partially ready,2 of 19 operators still send feeds over a legacy protocol inside a VPN rather than TLS file transfer,Move both operators to TLS-based transfer,2027-02-28
SL-1 MRO customer portal,CC6.8,Security,Logical and physical access,Prevention and detection of unauthorized or malicious software,Yes,EDR and image scanning in pipelines,Director of Security Operations,EDR coverage; pipeline scans,SI-3,Ready,,,
SL-2 Aircraft health monitoring analytics,CC6.8,Security,Logical and physical access,Prevention and detection of unauthorized or malicious software,Yes,EDR and image scanning in pipelines,Director of Security Operations,EDR coverage; pipeline scans,SI-3,Ready,,,
SL-1 MRO customer portal,CC7.1,Security,System operations,Detection of configuration changes and vulnerabilities,Yes,Configuration baselines and weekly vulnerability scanning,Director of Endpoint Engineering,Compliance and scan reports,CM-6; RA-5,Ready,,,
SL-2 Aircraft health monitoring analytics,CC7.1,Security,System operations,Detection of configuration changes and vulnerabilities,Yes,Configuration baselines and weekly vulnerability scanning,Director of Endpoint Engineering,Compliance and scan reports,CM-6; RA-5,Ready,,,
SL-1 MRO customer portal,CC7.2,Security,System operations,Monitoring for anomalies and security events,Yes,24x7 SOC monitoring with SIEM use cases,Director of Security Operations,SIEM use cases; cases,SI-4; AU-6,Ready,,,
SL-2 Aircraft health monitoring analytics,CC7.2,Security,System operations,Monitoring for anomalies and security events,Yes,24x7 SOC monitoring with SIEM use cases,Director of Security Operations,SIEM use cases; cases,SI-4; AU-6,Partially ready,SL-2 application logs not yet in the SIEM,Onboard application logs and add use cases,2026-12-31
SL-1 MRO customer portal,CC7.3,Security,System operations,Evaluation of security events,Yes,Security events triaged and classified per STD-03.1,Director of Security Operations,Case records,IR-4,Ready,,,
SL-2 Aircraft health monitoring analytics,CC7.3,Security,System operations,Evaluation of security events,Yes,Security events triaged and classified per STD-03.1,Director of Security Operations,Case records,IR-4,Ready,,,
SL-1 MRO customer portal,CC7.4,Security,System operations,Incident response,Yes,Incident response plan and runbooks (P08),Director of Security Operations,IR plan; exercises,IR-4; IR-8,Ready,,,
SL-2 Aircraft health monitoring analytics,CC7.4,Security,System operations,Incident response,Yes,Incident response plan and runbooks (P08),Director of Security Operations,IR plan; exercises,IR-4; IR-8,Ready,,,
SL-1 MRO customer portal,CC7.5,Security,System operations,Recovery from incidents,Yes,Recovery runbooks and backups,Director of Cloud Platform Engineering,Runbooks; restore tests,CP-10,Ready,,,
SL-2 Aircraft health monitoring analytics,CC7.5,Security,System operations,Recovery from incidents,Yes,Recovery runbooks and backups,Director of Cloud Platform Engineering,Runbooks; restore tests,CP-10,Partially ready,Single-region design; rebuild estimated at 18 hours against a 12-hour RTO (P05 DEP-17),Warm standby in a second region,2027-03-31
SL-1 MRO customer portal,CC8.1,Security,Change management,"Change authorization, design, testing, approval",Yes,Changes through CAB and pipelines with approvals and testing,Director of Cloud Platform Engineering,Change records,CM-3,Ready,,,
SL-2 Aircraft health monitoring analytics,CC8.1,Security,Change management,"Change authorization, design, testing, approval",Yes,Changes through CAB and pipelines with approvals and testing,Director of Cloud Platform Engineering,Change records,CM-3,Not ready,Model deployments go through the data science pipeline without CAB approval or segregation of duties,Bring model deployments into the change process with approval gates,2027-01-31
SL-1 MRO customer portal,CC9.1,Security,Risk mitigation,Business disruption risk mitigation,Yes,Business continuity planning from the BIA (P05); cyber insurance,Chief Risk Officer,BIA; continuity plans,CP-2,Ready,,,
SL-2 Aircraft health monitoring analytics,CC9.1,Security,Risk mitigation,Business disruption risk mitigation,Yes,Business continuity planning from the BIA (P05); cyber insurance,Chief Risk Officer,BIA; continuity plans,CP-2,Ready,,,
SL-1 MRO customer portal,CC9.2,Security,Risk mitigation,Vendor and business partner risk management,Yes,"Vendor tiering, contract security terms, and annual SOC report reviews",Director of Third-Party Risk Management,Vendor register; reviews,SA-9; SR-6,Partially ready,The SOC 2 report of the notification messaging service (subservice organization) was not reviewed in 2026,Obtain and review the report; document complementary user entity controls,2026-12-31
SL-2 Aircraft health monitoring analytics,CC9.2,Security,Risk mitigation,Vendor and business partner risk management,Yes,"Vendor tiering, contract security terms, and annual SOC report reviews",Director of Third-Party Risk Management,Vendor register; reviews,SA-9; SR-6,Partially ready,Third-party data feed providers not tiered or reviewed,Tier and review the 3 feed providers,2027-01-31
SL-1 MRO customer portal,A1.1,Availability,Availability,Capacity management,Yes,Capacity monitoring with autoscaling and alerts,"Vice President, Aftermarket Services",Capacity dashboards,CP-2,Ready,,,
SL-2 Aircraft health monitoring analytics,A1.1,Availability,Availability,Capacity management,Yes,Capacity monitoring with autoscaling and alerts,"Vice President, Digital Services",Capacity dashboards,CP-2,Ready,,,
SL-1 MRO customer portal,A1.2,Availability,Availability,"Environmental protections, backup, recovery infrastructure",Yes,Backups and a warm standby in a second region; provider environmental protections (carved out),Director of Cloud Platform Engineering,Backup reports; region design,CP-9; CP-7,Ready,,,
SL-2 Aircraft health monitoring analytics,A1.2,Availability,Availability,"Environmental protections, backup, recovery infrastructure",Yes,"Backups, multi-region design, and provider environmental protections (carved out)",Director of Cloud Platform Engineering,Backup reports; region design,CP-9; CP-7,Partially ready,Single region (exception EXC-2026-024 until the standby is built),As CC7.5,2027-03-31
SL-1 MRO customer portal,A1.3,Availability,Availability,Recovery plan testing,Yes,"Annual failover test (2026-06-20, met the 8-hour RTO)","Vice President, Aftermarket Services",Test reports,CP-4,Ready,,,
SL-2 Aircraft health monitoring analytics,A1.3,Availability,Availability,Recovery plan testing,Yes,Annual recovery testing,"Vice President, Digital Services",Test reports,CP-4,Not ready,Recovery never tested,Test recovery after the standby is built,2027-03-31
SL-1 MRO customer portal,C1.1,Confidentiality,Confidentiality,Identification and maintenance of confidential information,Yes,Customer data classified Confidential (POL-04) and access limited by role,"Vice President, Aftermarket Services",Data classification; access reviews,RA-2; AC-3,Ready,,,
SL-2 Aircraft health monitoring analytics,C1.1,Confidentiality,Confidentiality,Identification and maintenance of confidential information,Yes,Customer data classified Confidential (POL-04) and access limited by role,"Vice President, Digital Services",Data classification; access reviews,RA-2; AC-3,Ready,,,
SL-1 MRO customer portal,C1.2,Confidentiality,Confidentiality,Disposal of confidential information,Yes,Customer data deleted at contract end per agreement; deletion certificates,"Vice President, Aftermarket Services",Deletion records,MP-6; SI-12,Partially ready,Deletion at contract end is manual for 3 legacy customers,Automate deletion jobs for all customers,2027-01-31
SL-2 Aircraft health monitoring analytics,C1.2,Confidentiality,Confidentiality,Disposal of confidential information,Yes,Customer data deleted at contract end per agreement; deletion certificates,"Vice President, Digital Services",Deletion records,MP-6; SI-12,Partially ready,Customer data retention after contract end not enforced,Retention job per customer agreement,2027-01-31
SL-1 MRO customer portal,PI1.1,Processing Integrity,Processing integrity,Quality information about processing objectives,No,Not in scope: SL-1 customers have not requested Processing Integrity; repair records are covered by the AS9100 quality system,n/a,n/a,,N/A,,,
SL-2 Aircraft health monitoring analytics,PI1.1,Processing Integrity,Processing integrity,Quality information about processing objectives,Yes,Processing objectives and model specifications documented for each analytics product,"Vice President, Digital Services",Product specifications,SA-4,Partially ready,Specifications exist for 3 of 5 analytics products,Complete specifications,2026-12-31
SL-1 MRO customer portal,PI1.2,Processing Integrity,Processing integrity,System inputs,No,Not in scope: SL-1 customers have not requested Processing Integrity; repair records are covered by the AS9100 quality system,n/a,n/a,,N/A,,,
SL-2 Aircraft health monitoring analytics,PI1.2,Processing Integrity,Processing integrity,System inputs,Yes,"Operator sensor feeds validated for completeness, format, and range before processing","Vice President, Digital Services",Validation rules; rejection logs,SI-10,Partially ready,Range checks missing for 2 sensor types,Add range checks; monitor rejection rates,2027-01-31
SL-1 MRO customer portal,PI1.3,Processing Integrity,Processing integrity,System processing,No,Not in scope: SL-1 customers have not requested Processing Integrity; repair records are covered by the AS9100 quality system,n/a,n/a,,N/A,,,
SL-2 Aircraft health monitoring analytics,PI1.3,Processing Integrity,Processing integrity,System processing,Yes,"Model versions controlled, validated against labeled maintenance events, and monitored for accuracy drift","Vice President, Digital Services",Model registry; validation reports,SI-7; CM-3,Not ready,No model registry; accuracy drift not monitored after release,"Model registry, validation, and monthly drift monitoring (P10 AI-006)",2027-02-28
SL-1 MRO customer portal,PI1.4,Processing Integrity,Processing integrity,System outputs,No,Not in scope: SL-1 customers have not requested Processing Integrity; repair records are covered by the AS9100 quality system,n/a,n/a,,N/A,,,
SL-2 Aircraft health monitoring analytics,PI1.4,Processing Integrity,Processing integrity,System outputs,Yes,Alerts and reports reconciled to processed inputs and reviewed before release to operators,"Vice President, Digital Services",Reconciliation reports,SI-7,Partially ready,Alert outputs not reconciled to processed inputs,Daily reconciliation report,2027-02-28
SL-1 MRO customer portal,PI1.5,Processing Integrity,Processing integrity,Stored data,No,Not in scope: SL-1 customers have not requested Processing Integrity; repair records are covered by the AS9100 quality system,n/a,n/a,,N/A,,,
SL-2 Aircraft health monitoring analytics,PI1.5,Processing Integrity,Processing integrity,Stored data,Yes,Stored data and model outputs protected with integrity checks and retention rules,"Vice President, Digital Services",Storage configuration,SI-7; SI-12,Ready,,,
SL-1 MRO customer portal,P1.1,Privacy,Notice,Privacy notice,No,Not in scope: the service line holds no consumer personal information (customer staff business contacts only),n/a,n/a,,N/A,,,
SL-2 Aircraft health monitoring analytics,P1.1,Privacy,Notice,Privacy notice,No,Not in scope: the service line holds no consumer personal information (customer staff business contacts only),n/a,n/a,,N/A,,,
SL-1 MRO customer portal,P2.1,Privacy,Choice and consent,Choice and consent,No,Not in scope: the service line holds no consumer personal information (customer staff business contacts only),n/a,n/a,,N/A,,,
SL-2 Aircraft health monitoring analytics,P2.1,Privacy,Choice and consent,Choice and consent,No,Not in scope: the service line holds no consumer personal information (customer staff business contacts only),n/a,n/a,,N/A,,,
SL-1 MRO customer portal,P3.1,Privacy,Collection,Collection consistent with objectives,No,Not in scope: the service line holds no consumer personal information (customer staff business contacts only),n/a,n/a,,N/A,,,
SL-2 Aircraft health monitoring analytics,P3.1,Privacy,Collection,Collection consistent with objectives,No,Not in scope: the service line holds no consumer personal information (customer staff business contacts only),n/a,n/a,,N/A,,,
SL-1 MRO customer portal,P3.2,Privacy,Collection,Explicit consent where required,No,Not in scope: the service line holds no consumer personal information (customer staff business contacts only),n/a,n/a,,N/A,,,
SL-2 Aircraft health monitoring analytics,P3.2,Privacy,Collection,Explicit consent where required,No,Not in scope: the service line holds no consumer personal information (customer staff business contacts only),n/a,n/a,,N/A,,,
SL-1 MRO customer portal,P4.1,Privacy,"Use, retention, disposal",Use limited to objectives,No,Not in scope: the service line holds no consumer personal information (customer staff business contacts only),n/a,n/a,,N/A,,,
SL-2 Aircraft health monitoring analytics,P4.1,Privacy,"Use, retention, disposal",Use limited to objectives,No,Not in scope: the service line holds no consumer personal information (customer staff business contacts only),n/a,n/a,,N/A,,,
SL-1 MRO customer portal,P4.2,Privacy,"Use, retention, disposal",Retention,No,Not in scope: the service line holds no consumer personal information (customer staff business contacts only),n/a,n/a,,N/A,,,
SL-2 Aircraft health monitoring analytics,P4.2,Privacy,"Use, retention, disposal",Retention,No,Not in scope: the service line holds no consumer personal information (customer staff business contacts only),n/a,n/a,,N/A,,,
SL-1 MRO customer portal,P4.3,Privacy,"Use, retention, disposal",Disposal,No,Not in scope: the service line holds no consumer personal information (customer staff business contacts only),n/a,n/a,,N/A,,,
SL-2 Aircraft health monitoring analytics,P4.3,Privacy,"Use, retention, disposal",Disposal,No,Not in scope: the service line holds no consumer personal information (customer staff business contacts only),n/a,n/a,,N/A,,,
SL-1 MRO customer portal,P5.1,Privacy,Access,Data subject access,No,Not in scope: the service line holds no consumer personal information (customer staff business contacts only),n/a,n/a,,N/A,,,
SL-2 Aircraft health monitoring analytics,P5.1,Privacy,Access,Data subject access,No,Not in scope: the service line holds no consumer personal information (customer staff business contacts only),n/a,n/a,,N/A,,,
SL-1 MRO customer portal,P5.2,Privacy,Access,Correction,No,Not in scope: the service line holds no consumer personal information (customer staff business contacts only),n/a,n/a,,N/A,,,
SL-2 Aircraft health monitoring analytics,P5.2,Privacy,Access,Correction,No,Not in scope: the service line holds no consumer personal information (customer staff business contacts only),n/a,n/a,,N/A,,,
SL-1 MRO customer portal,P6.1,Privacy,Disclosure and notification,Disclosure to third parties with consent,No,Not in scope: the service line holds no consumer personal information (customer staff business contacts only),n/a,n/a,,N/A,,,
SL-2 Aircraft health monitoring analytics,P6.1,Privacy,Disclosure and notification,Disclosure to third parties with consent,No,Not in scope: the service line holds no consumer personal information (customer staff business contacts only),n/a,n/a,,N/A,,,
SL-1 MRO customer portal,P6.2,Privacy,Disclosure and notification,Record of authorized disclosures,No,Not in scope: the service line holds no consumer personal information (customer staff business contacts only),n/a,n/a,,N/A,,,
SL-2 Aircraft health monitoring analytics,P6.2,Privacy,Disclosure and notification,Record of authorized disclosures,No,Not in scope: the service line holds no consumer personal information (customer staff business contacts only),n/a,n/a,,N/A,,,
SL-1 MRO customer portal,P6.3,Privacy,Disclosure and notification,Record of unauthorized disclosures,No,Not in scope: the service line holds no consumer personal information (customer staff business contacts only),n/a,n/a,,N/A,,,
SL-2 Aircraft health monitoring analytics,P6.3,Privacy,Disclosure and notification,Record of unauthorized disclosures,No,Not in scope: the service line holds no consumer personal information (customer staff business contacts only),n/a,n/a,,N/A,,,
SL-1 MRO customer portal,P6.4,Privacy,Disclosure and notification,Third-party commitments,No,Not in scope: the service line holds no consumer personal information (customer staff business contacts only),n/a,n/a,,N/A,,,
SL-2 Aircraft health monitoring analytics,P6.4,Privacy,Disclosure and notification,Third-party commitments,No,Not in scope: the service line holds no consumer personal information (customer staff business contacts only),n/a,n/a,,N/A,,,
SL-1 MRO customer portal,P6.5,Privacy,Disclosure and notification,Third-party notification of unauthorized disclosure,No,Not in scope: the service line holds no consumer personal information (customer staff business contacts only),n/a,n/a,,N/A,,,
SL-2 Aircraft health monitoring analytics,P6.5,Privacy,Disclosure and notification,Third-party notification of unauthorized disclosure,No,Not in scope: the service line holds no consumer personal information (customer staff business contacts only),n/a,n/a,,N/A,,,
SL-1 MRO customer portal,P6.6,Privacy,Disclosure and notification,Breach notification to affected parties,No,Not in scope: the service line holds no consumer personal information (customer staff business contacts only),n/a,n/a,,N/A,,,
SL-2 Aircraft health monitoring analytics,P6.6,Privacy,Disclosure and notification,Breach notification to affected parties,No,Not in scope: the service line holds no consumer personal information (customer staff business contacts only),n/a,n/a,,N/A,,,
SL-1 MRO customer portal,P6.7,Privacy,Disclosure and notification,Accounting of disclosures to data subjects,No,Not in scope: the service line holds no consumer personal information (customer staff business contacts only),n/a,n/a,,N/A,,,
SL-2 Aircraft health monitoring analytics,P6.7,Privacy,Disclosure and notification,Accounting of disclosures to data subjects,No,Not in scope: the service line holds no consumer personal information (customer staff business contacts only),n/a,n/a,,N/A,,,
SL-1 MRO customer portal,P7.1,Privacy,Quality,"Accurate, complete, relevant personal information",No,Not in scope: the service line holds no consumer personal information (customer staff business contacts only),n/a,n/a,,N/A,,,
SL-2 Aircraft health monitoring analytics,P7.1,Privacy,Quality,"Accurate, complete, relevant personal information",No,Not in scope: the service line holds no consumer personal information (customer staff business contacts only),n/a,n/a,,N/A,,,
SL-1 MRO customer portal,P8.1,Privacy,Monitoring and enforcement,"Inquiries, complaints, disputes",No,Not in scope: the service line holds no consumer personal information (customer staff business contacts only),n/a,n/a,,N/A,,,
SL-2 Aircraft health monitoring analytics,P8.1,Privacy,Monitoring and enforcement,"Inquiries, complaints, disputes",No,Not in scope: the service line holds no consumer personal information (customer staff business contacts only),n/a,n/a,,N/A,,,
