component,layer,provider,service_model,control_id,control_name,responsibility,implementation_note,evidence_source,shared_responsibility_ref,regulatory_driver
Identity provider tenant,Identity,Identity SaaS vendor,SaaS,IA-2,Identification and Authentication (Organizational Users),Shared,Provider runs the service; company enforces one named account per employee for business systems and the cloud console. Not used for OT,IdP user export,SRC-AWS-SRM; SRC-AZURE-SRM; SRC-GCP-SRM,None binding; CSF 2.0 benchmark (P03 G-048)
Identity provider tenant,Identity,Identity SaaS vendor,SaaS,IA-2(1),Multi-factor Authentication to Privileged Accounts,Customer,"MFA required for all users; push approval without number matching (gap, P01 R-014)",Conditional access policy,SRC-AWS-SRM; SRC-AZURE-SRM; SRC-GCP-SRM,None binding; CSF 2.0 benchmark (P03 G-049)
Identity provider tenant,Identity,Identity SaaS vendor,SaaS,AC-2,Account Management,Customer,Accounts from HR tickets; departures disabled in 3 to 5 business days (gap),HR tickets; IdP export,SRC-AWS-SRM; SRC-AZURE-SRM; SRC-GCP-SRM,None binding; CSF 2.0 benchmark (P03 G-050)
Identity provider tenant,Identity,Identity SaaS vendor,SaaS,AC-7,Unsuccessful Logon Attempts,Shared,Lockout after 10 failures,IdP policy,SRC-AWS-SRM; SRC-AZURE-SRM; SRC-GCP-SRM,None binding; CSF 2.0 benchmark (P03 G-049)
Cloud console and IAM,Identity,Public cloud provider,IaaS,AC-6,Least Privilege,Customer,2 administrators (IT Manager and MSP engineer) hold owner rights in both the production and backup accounts (gap: backup account should have its own break-glass administrator),IAM role export,SRC-AWS-SRM; SRC-AZURE-SRM; SRC-GCP-SRM,None binding; CSF 2.0 benchmark (P03 G-054)
Cloud console and IAM,Identity,Public cloud provider,IaaS,IA-2(1),Multi-factor Authentication to Privileged Accounts,Customer,MFA enforced through the identity provider for console and API sign-in,IdP and cloud sign-in policy,SRC-AWS-SRM; SRC-AZURE-SRM; SRC-GCP-SRM,None binding; CSF 2.0 benchmark (P03 G-049)
Site-to-site VPN and virtual network,Network,Public cloud provider,IaaS,SC-7,Boundary Protection,Customer,Tenant reachable only from HQ business network over IPsec; no public IP on workloads; no route from the cloud to OT or the DMZ except the outbound push,Network rule export,SRC-AWS-SRM; SRC-AZURE-SRM; SRC-GCP-SRM,None binding; CSF 2.0 benchmark (P03 G-059)
Site-to-site VPN and virtual network,Network,Public cloud provider,IaaS,SC-8,Transmission Confidentiality and Integrity,Shared,Provider encrypts its backbone; company configures IPsec and TLS 1.2 or higher for the historian push,VPN configuration,SRC-AWS-SRM; SRC-AZURE-SRM; SRC-GCP-SRM,None binding; CSF 2.0 benchmark (P03 G-059)
DMZ historian replica (on-premises),Network,Company (on-premises),On-premises,AC-4,Information Flow Enforcement,Customer,Replica receives data from the OT historian (outbound from OT only) and pushes it outbound over TLS to the cloud landing zone. The firewall blocks any inbound connection from the cloud,Firewall rule export,Not applicable (on-premises; company-operated),None binding; CSF 2.0 benchmark (P03 G-059)
Measurement application VMs,Compute,Public cloud provider,IaaS,CM-6,Configuration Settings,Customer,"Hardened image from the MSP; no configuration baseline checks (gap, P01 R-018)",Image build notes,SRC-AWS-SRM; SRC-AZURE-SRM; SRC-GCP-SRM,None binding; CSF 2.0 benchmark (P03 G-055)
Measurement application VMs,Compute,Public cloud provider,IaaS,SI-2,Flaw Remediation,Customer,Guest OS patched monthly by the MSP; application patched by vendor release,MSP patch report,SRC-AWS-SRM; SRC-AZURE-SRM; SRC-GCP-SRM,None binding; CSF 2.0 benchmark (P03 G-056)
Measurement application VMs,Compute,Public cloud provider,IaaS,SI-3,Malicious Code Protection,Customer,MSP-managed EDR agent,EDR console,SRC-AWS-SRM; SRC-AZURE-SRM; SRC-GCP-SRM,None binding; CSF 2.0 benchmark (P03 G-058)
Leak-detection analytics workload,Compute,Public cloud provider,PaaS,CM-3,Configuration Change Control,Customer,"Model vendor deploys new model versions into the workload without company approval (gap, P01 R-026; P10)",Vendor release notes,SRC-AZURE-SRM; SRC-AWS-SRM,49 CFR 192.615(a)(12)
Leak-detection analytics workload,Compute,Public cloud provider,PaaS,AC-3,Access Enforcement,Customer,Model vendor has a named deployment role limited to the analytics workload; company controls the role,IAM role export,SRC-AZURE-SRM; SRC-AWS-SRM,None binding; CSF 2.0 benchmark (P03 G-050)
Leak-detection analytics workload,Compute,Public cloud provider,PaaS,SA-9,External System Services,Customer,"Contract has no security, change notice, or incident notice terms (gap)",Model vendor contract,SRC-AZURE-SRM,None binding; CSF 2.0 benchmark (P03 G-038)
Leak-detection analytics workload,SaaS,Anomaly model vendor,SaaS,SI-4,System Monitoring,Shared,Vendor dashboard shows model alerts to controllers on a separate business-network screen in the control room; the model cannot send anything to SCADA,Dashboard configuration; site walk,SRC-AZURE-SRM,49 CFR 192.615(a)(12)
Historian landing zone (object storage),Data,Public cloud provider,IaaS,SC-28,Protection of Information at Rest,Shared,Provider encrypts at rest by default with provider-managed keys; company restricts access to the analytics and measurement workloads,Storage configuration,SRC-AWS-SRM; SRC-AZURE-SRM; SRC-GCP-SRM,None binding; CSF 2.0 benchmark (P03 G-054)
Historian landing zone (object storage),Data,Public cloud provider,IaaS,AC-3,Access Enforcement,Customer,Private endpoint only; no public access policy,Storage access policy,SRC-AWS-SRM; SRC-AZURE-SRM; SRC-GCP-SRM,None binding; CSF 2.0 benchmark (P03 G-059)
Measurement database (managed database),Data,Public cloud provider,PaaS,SC-28,Protection of Information at Rest,Shared,Provider-managed encryption at rest; company sets access and retention,Database configuration,SRC-AZURE-SRM; SRC-GCP-SRM,None binding; CSF 2.0 benchmark (P03 G-054)
Measurement database (managed database),Data,Public cloud provider,PaaS,CP-9,System Backup,Shared,Provider automated backups (7-day point-in-time restore); company sets retention,Backup settings,SRC-AZURE-SRM; SRC-GCP-SRM,None binding; CSF 2.0 benchmark (P03 G-054)
Backup vault (separate account),Data,Public cloud provider,IaaS,CP-9,System Backup,Customer,"Daily business IT backups in a separate cloud account; not immutable (gap, P01 R-019)",Backup policy,SRC-AWS-SRM; SRC-AZURE-SRM; SRC-GCP-SRM,None binding; CSF 2.0 benchmark (P03 G-054)
Backup vault (separate account),Data,Public cloud provider,IaaS,CP-4,Contingency Plan Testing,Customer,No restore test of business backups since setup (gap),None,SRC-AWS-SRM; SRC-AZURE-SRM; SRC-GCP-SRM,None binding; CSF 2.0 benchmark (P03 G-054)
Key management,Data,Public cloud provider,IaaS,SC-12,Cryptographic Key Establishment and Management,Shared,Provider-managed keys; customer-managed keys not required at this tier,Key settings,SRC-AWS-SRM; SRC-AZURE-SRM; SRC-GCP-SRM,None binding; CSF 2.0 benchmark (P03 G-054)
Cloud audit logging,Logging,Public cloud provider,IaaS,AU-2,Event Logging,Shared,Provider generates control-plane logs; company enabled data access logs for the landing zone,Logging configuration,SRC-AWS-SRM; SRC-AZURE-SRM; SRC-GCP-SRM,None binding; CSF 2.0 benchmark (P03 G-057)
Cloud audit logging,Logging,Public cloud provider,IaaS,AU-11,Audit Record Retention,Customer,Default 90-day retention; export to a log workspace with 1-year retention planned with the OT monitoring project,Logging settings,SRC-AWS-SRM; SRC-AZURE-SRM; SRC-GCP-SRM,None binding; CSF 2.0 benchmark (P03 G-057)
Cloud audit logging,Logging,Public cloud provider,IaaS,AU-6,"Audit Record Review, Analysis, and Reporting",Customer,No log review (gap),None,SRC-AWS-SRM; SRC-AZURE-SRM; SRC-GCP-SRM,None binding; CSF 2.0 benchmark (P03 G-064)
Productivity suite,SaaS,Productivity SaaS vendor,SaaS,SC-8,Transmission Confidentiality and Integrity,Shared,Provider enforces TLS; company enforces encryption for external mail labeled Restricted,Mail flow rules,SRC-AWS-SRM; SRC-AZURE-SRM; SRC-GCP-SRM,None binding; CSF 2.0 benchmark (P03 G-059)
Productivity suite,SaaS,Productivity SaaS vendor,SaaS,SI-8,Spam Protection,Shared,Provider spam and phishing filtering; company sets quarantine rules,Filter policy,SRC-AWS-SRM; SRC-AZURE-SRM; SRC-GCP-SRM,None binding; CSF 2.0 benchmark (P03 G-058)
Nominations portal,SaaS,Nominations portal vendor,SaaS,SA-9,External System Services,Customer,No SOC 2 report requested yet; no manual nomination procedure (P01 R-017),Vendor contract,SRC-AWS-SRM; SRC-AZURE-SRM; SRC-GCP-SRM,None binding; CSF 2.0 benchmark (P03 G-039)
ERP and HR/payroll,SaaS,ERP and payroll SaaS vendors,SaaS,AC-3,Access Enforcement,Shared,Provider enforces roles; company assigns finance and HR roles,Role reports,SRC-AWS-SRM; SRC-AZURE-SRM; SRC-GCP-SRM,None binding; CSF 2.0 benchmark (P03 G-050)
MSP remote monitoring and management tool,SaaS,MSP,SaaS,AC-6,Least Privilege,Shared,"MSP technicians use named accounts with MFA (per MSP SOC 2); agents on business endpoints and cloud VMs only, none in OT (confirmed 2026-08-26)",P09 vendor review; agent inventory,SRC-AWS-SRM; SRC-AZURE-SRM; SRC-GCP-SRM,None binding; CSF 2.0 benchmark (P03 G-039)
Provider data centers and hypervisor,Physical,Public cloud provider,IaaS,PE-3,Physical Access Control,Provider,Inherited; evidenced by the provider's SOC 2 and ISO reports,Provider compliance reports,SRC-AWS-SRM; SRC-AZURE-SRM; SRC-GCP-SRM,None binding; CSF 2.0 benchmark (P03 G-051)
