req_id,regulation,citation,requirement_summary,requirement_type,applies_at_this_tier,csf2_subcategories,sp800_53_controls,crosswalk_source,current_state,evidence,status,gap_description,gap_risk_level,remediation_action,owner,target_date,pending_rule_change
G-001,TSA Security Directive Pipeline-2021-02G (C-ENERGY-R03),SD Pipeline-2021-02G Section V.A.1,Immediately provide written confirmation of receipt of the SD to TSA by email.,Security directive (binding on TSA-designated owner/operators),Yes: TSA notified the company in 2021 that its pipeline system is critical (SD 02G Applicability; Section II.A.1),GV.OC-03,PM-1,Author mapping,Receipt of 02G confirmed by the Cybersecurity Coordinator by email,Email to TSA 2026-05-04,Met,,,None,Security Manager,,"TSA NPRM Enhancing Surface Cyber Risk Management (Nov. 7, 2024) would codify these measures; not final as of 2026-09-25. SD 02G expires 2027-05-02"
G-002,TSA Security Directive Pipeline-2021-02G (C-ENERGY-R03),SD Pipeline-2021-02G Section V.A.2,"Immediately disseminate the SD to corporate senior management and security management, and provide the applicable measures to employees and authorized representatives responsible for implementing them.",Security directive (binding on TSA-designated owner/operators),Yes: TSA notified the company in 2021 that its pipeline system is critical (SD 02G Applicability; Section II.A.1),GV.RR-02; GV.OC-03,PM-1; AT-2,Author mapping,"02G sent to the CEO, COO, vCISO, and measure owners on 2026-05-05. Not provided to the compressor OEM or the SCADA integrator, which perform measures at stations",Distribution record; interviews,Partially met,Authorized representatives who perform measures were not given the applicable measures,Low,Send the applicable measures to the integrator and OEM with the contract amendments,Security Manager,2026-12-31,"TSA NPRM Enhancing Surface Cyber Risk Management (Nov. 7, 2024) would codify these measures; not final as of 2026-09-25. SD 02G expires 2027-05-02"
G-003,TSA Security Directive Pipeline-2021-02G (C-ENERGY-R03),SD Pipeline-2021-02G Section II.A.3,"Where security measures are delegated to or shared with a managed security service provider, the owner/operator retains sole responsibility for compliance with its Cybersecurity Implementation Plan.",Security directive (binding on TSA-designated owner/operators),Yes: TSA notified the company in 2021 that its pipeline system is critical (SD 02G Applicability; Section II.A.1),GV.SC-02; GV.SC-07,SA-9; SR-6,Author mapping,MSSP monitors OT sensors and the SIEM under contract; escalation SLA of 15 minutes for OT alerts,MSSP contract; monthly reports; P07 test of an OT sensor alert (escalated in 11 minutes),Met,,,Keep the monthly SLA review; include the MSSP in the annual exercise,Security Manager,,"TSA NPRM Enhancing Surface Cyber Risk Management (Nov. 7, 2024) would codify these measures; not final as of 2026-09-25. SD 02G expires 2027-05-02"
G-004,TSA Security Directive Pipeline-2021-02G (C-ENERGY-R03),SD Pipeline-2021-02G Section II.A.4,"Authorized representatives (agents, contractors, subcontractors) that perform measures act for the owner/operator; both are liable for their non-compliance.",Security directive (binding on TSA-designated owner/operators),Yes: TSA notified the company in 2021 that its pipeline system is critical (SD 02G Applicability; Section II.A.1),GV.SC-05; GV.SC-06,SA-4; PS-7; SR-3,Author mapping,SCADA integrator and SCADA vendor contracts include the TSA measures they perform. Compressor OEM contract has no security terms and the OEM operates diagnostics paths outside the plan,Contracts sample (20 of 85 vendors); P07 OEM finding,Partially met,The OEM acts at stations without plan terms; its modem was outside the plan,Very High,Disconnect or reroute OEM paths; add plan terms and named technicians to the OEM contract,Security Manager,2026-10-31,"TSA NPRM Enhancing Surface Cyber Risk Management (Nov. 7, 2024) would codify these measures; not final as of 2026-09-25. SD 02G expires 2027-05-02"
G-005,TSA Security Directive Pipeline-2021-02G (C-ENERGY-R03),SD Pipeline-2021-02G Section II.A.5 (Note),"If an owner/operator has no Critical Cyber Systems, notify TSA within 60 days; reevaluate after a change in operations.",Security directive (binding on TSA-designated owner/operators),Yes: TSA notified the company in 2021 that its pipeline system is critical (SD 02G Applicability; Section II.A.1),GV.OC-03,RA-9,Author mapping,The company has 8 Critical Cyber Systems; the note does not apply,Cybersecurity Implementation Plan section A,Not applicable,,,None,Security Manager,,"TSA NPRM Enhancing Surface Cyber Risk Management (Nov. 7, 2024) would codify these measures; not final as of 2026-09-25. SD 02G expires 2027-05-02"
G-006,TSA Security Directive Pipeline-2021-02G (C-ENERGY-R03),SD Pipeline-2021-02G Section II.B.1,"The Cybersecurity Implementation Plan must provide the information in III.A to III.E and describe the defense-in-depth plan, including physical and logical controls, for each requirement.",Security directive (binding on TSA-designated owner/operators),Yes: TSA notified the company in 2021 that its pipeline system is critical (SD 02G Applicability; Section II.A.1),GV.PO-01; ID.IM-04,PL-2; PL-8,Author mapping,Plan first approved by TSA in 2023 and amended in 2024; covers III.A to III.E with physical and logical controls,TSA approval letters; plan v2024,Met,,,Update for the 2 unfiled changes (VI.B),Security Manager,,"TSA NPRM Enhancing Surface Cyber Risk Management (Nov. 7, 2024) would codify these measures; not final as of 2026-09-25. SD 02G expires 2027-05-02"
G-007,TSA Security Directive Pipeline-2021-02G (C-ENERGY-R03),SD Pipeline-2021-02G Section II.B.2,Implement and maintain all measures in the TSA-approved plan and meet any schedule in it.,Security directive (binding on TSA-designated owner/operators),Yes: TSA notified the company in 2021 that its pipeline system is critical (SD 02G Applicability; Section II.A.1),GV.PO-01; ID.IM-01,PL-2; CA-5,Author mapping,Most measures implemented. Behind schedule: field device password mitigations (expired 2026-06-30) and station HMI shared account removal,Plan schedule tracker; P07,Partially met,Two plan milestones missed without notice to TSA,High,Notify TSA of revised dates through the Coordinator; recover the two milestones,Security Manager,2026-10-31,"TSA NPRM Enhancing Surface Cyber Risk Management (Nov. 7, 2024) would codify these measures; not final as of 2026-09-25. SD 02G expires 2027-05-02"
G-008,TSA Security Directive Pipeline-2021-02G (C-ENERGY-R03),SD Pipeline-2021-02G Section III.A,"Identify Critical Cyber Systems (IT or OT systems or data whose compromise could cause operational disruption, including business services).",Security directive (binding on TSA-designated owner/operators),Yes: TSA notified the company in 2021 that its pipeline system is critical (SD 02G Applicability; Section II.A.1),ID.AM-05; GV.OC-04,RA-9; RA-2; CM-8,Author mapping,"CCS-1 to CCS-8 identified from the BIA. The OT analytics account (2025) was not evaluated, and OEM paths into CCS-4 were unknown",Plan section A; P05 section 7,Partially met,Identification not refreshed after 2025 changes,Moderate,Re-run the CCS determination with the 2026 BIA and include the result in the amendment request,Security Manager,2026-10-31,"TSA NPRM Enhancing Surface Cyber Risk Management (Nov. 7, 2024) would codify these measures; not final as of 2026-09-25. SD 02G expires 2027-05-02"
G-009,TSA Security Directive Pipeline-2021-02G (C-ENERGY-R03),SD Pipeline-2021-02G Section III.B,"Implement network segmentation policies and controls designed to prevent operational disruption to OT if IT is compromised, or vice versa.",Security directive (binding on TSA-designated owner/operators),Yes: TSA notified the company in 2021 that its pipeline system is critical (SD 02G Applicability; Section II.A.1),PR.IR-01,SC-7; AC-4; PL-8,Author mapping,Firewall pairs and DMZs at the GCC and BCC; separate OT domain; stations reach OT only through private telecom,Firewall exports; zone model; 2025 architecture review,Met,,,None,SCADA and OT Engineering Manager,,"TSA NPRM Enhancing Surface Cyber Risk Management (Nov. 7, 2024) would codify these measures; not final as of 2026-09-25. SD 02G expires 2027-05-02"
G-010,TSA Security Directive Pipeline-2021-02G (C-ENERGY-R03),SD Pipeline-2021-02G Section III.B.1.a,List and describe IT and OT system interdependencies.,Security directive (binding on TSA-designated owner/operators),Yes: TSA notified the company in 2021 that its pipeline system is critical (SD 02G Applicability; Section II.A.1),ID.AM-03; GV.OC-05,CA-9; PL-8,Author mapping,"Interdependency list in plan section B.1 (historian, scheduling file, identity provider for the gateway)",Plan section B.1,Met,,,Add the OT analytics account interdependency,SCADA and OT Engineering Manager,,"TSA NPRM Enhancing Surface Cyber Risk Management (Nov. 7, 2024) would codify these measures; not final as of 2026-09-25. SD 02G expires 2027-05-02"
G-011,TSA Security Directive Pipeline-2021-02G (C-ENERGY-R03),SD Pipeline-2021-02G Section III.B.1.b,List and describe all external connections to OT.,Security directive (binding on TSA-designated owner/operators),Yes: TSA notified the company in 2021 that its pipeline system is critical (SD 02G Applicability; Section II.A.1),ID.AM-03,CA-3; SC-7(3),Author mapping,"External connections list covers the gateways, carriers, lateral owners, and DMZ replication. The OEM cellular diagnostics paths are missing",Plan section B.1; P07 test at Compressor Station 4,Partially met,At least one external connection to OT is not listed or controlled,Very High,Survey all 14 compressor units; list or remove every OEM path,SCADA and OT Engineering Manager,2026-10-31,"TSA NPRM Enhancing Surface Cyber Risk Management (Nov. 7, 2024) would codify these measures; not final as of 2026-09-25. SD 02G expires 2027-05-02"
G-012,TSA Security Directive Pipeline-2021-02G (C-ENERGY-R03),SD Pipeline-2021-02G Section III.B.1.c,"Describe zone boundaries: how IT and OT are organized into logical zones by criticality, consequence, and operational necessity.",Security directive (binding on TSA-designated owner/operators),Yes: TSA notified the company in 2021 that its pipeline system is critical (SD 02G Applicability; Section II.A.1),PR.IR-01; ID.AM-03,PL-8; SC-7,Author mapping,"Zone model: business, DMZ, control centers, stations, field",Zone model; architecture review 2025,Met,,,None,SCADA and OT Engineering Manager,,"TSA NPRM Enhancing Surface Cyber Risk Management (Nov. 7, 2024) would codify these measures; not final as of 2026-09-25. SD 02G expires 2027-05-02"
G-013,TSA Security Directive Pipeline-2021-02G (C-ENERGY-R03),SD Pipeline-2021-02G Section III.B.2.a,Security controls to prevent unauthorized communications between zones.,Security directive (binding on TSA-designated owner/operators),Yes: TSA notified the company in 2021 that its pipeline system is critical (SD 02G Applicability; Section II.A.1),PR.IR-01,SC-7; SC-7(5); AC-4,Author mapping,Deny-by-default rules at both DMZs. The OEM path bypassed zone controls; 4 temporary rules older than 30 days,Rule export (214 rules reviewed); P07,Partially met,OEM bypass; temporary rules without expiry,High,Automatic expiry for temporary rules; remove OEM bypass,OT Security Engineer,2026-10-31,"TSA NPRM Enhancing Surface Cyber Risk Management (Nov. 7, 2024) would codify these measures; not final as of 2026-09-25. SD 02G expires 2027-05-02"
G-014,TSA Security Directive Pipeline-2021-02G (C-ENERGY-R03),SD Pipeline-2021-02G Section III.B.2.b,Prohibit OT services from traversing IT unless the OT content is encrypted in transit.,Security directive (binding on TSA-designated owner/operators),Yes: TSA notified the company in 2021 that its pipeline system is critical (SD 02G Applicability; Section II.A.1),PR.DS-02,SC-8; SC-8(1),Author mapping,"No OT service traverses business IT. DMZ-to-cloud replication uses IPsec. (The private microwave between control centers and stations is OT, not IT)",Network diagrams; VPN configuration,Met,,,Encrypt the microwave backbone in 2027 as defense in depth (P01 R-049),SCADA and OT Engineering Manager,,"TSA NPRM Enhancing Surface Cyber Risk Management (Nov. 7, 2024) would codify these measures; not final as of 2026-09-25. SD 02G expires 2027-05-02"
G-015,TSA Security Directive Pipeline-2021-02G (C-ENERGY-R03),SD Pipeline-2021-02G Section III.C,"Access control measures, including for local and remote access, to prevent unauthorized access to Critical Cyber Systems.",Security directive (binding on TSA-designated owner/operators),Yes: TSA notified the company in 2021 that its pipeline system is critical (SD 02G Applicability; Section II.A.1),PR.AA-05,AC-3; AC-17,Author mapping,"Remote access only through the gateways with MFA, approval, and recording; local access by badge. Gaps in C.1 to C.4 below",Gateway configuration; badge reports,Partially met,See III.C.1 to III.C.4,Moderate,Close the C.1 to C.4 gaps,OT Security Engineer,2027-06-30,"TSA NPRM Enhancing Surface Cyber Risk Management (Nov. 7, 2024) would codify these measures; not final as of 2026-09-25. SD 02G expires 2027-05-02"
G-016,TSA Security Directive Pipeline-2021-02G (C-ENERGY-R03),SD Pipeline-2021-02G Section III.C.1.a,Identification and authentication procedures that include a schedule for memorized secret authenticator resets.,Security directive (binding on TSA-designated owner/operators),Yes: TSA notified the company in 2021 that its pipeline system is critical (SD 02G Applicability; Section II.A.1),PR.AA-01,IA-5; IA-5(1),Author mapping,Schedule in the plan: OT accounts every 12 months; field devices every 24 months,Plan section C.1; OT-PR-02,Met,,,None,OT Security Engineer,,"TSA NPRM Enhancing Surface Cyber Risk Management (Nov. 7, 2024) would codify these measures; not final as of 2026-09-25. SD 02G expires 2027-05-02"
G-017,TSA Security Directive Pipeline-2021-02G (C-ENERGY-R03),SD Pipeline-2021-02G Section III.C.1.b,Documented mitigation measures and a timeframe to complete them for components that will not have passwords reset on schedule.,Security directive (binding on TSA-designated owner/operators),Yes: TSA notified the company in 2021 that its pipeline system is critical (SD 02G Applicability; Section II.A.1),PR.AA-01,IA-5; CA-5,Author mapping,"Mitigations documented by device type, with a completion timeframe of 2026-06-30. About 40% of field devices are still past schedule and the timeframe has expired",Password reset register (sample of 40 devices: 16 past schedule),Not met,Timeframe expired without completion or a revised date,High,"Set a new timeframe, notify TSA, and run the reset program by area",OT Security Engineer,2027-03-31,"TSA NPRM Enhancing Surface Cyber Risk Management (Nov. 7, 2024) would codify these measures; not final as of 2026-09-25. SD 02G expires 2027-05-02"
G-018,TSA Security Directive Pipeline-2021-02G (C-ENERGY-R03),SD Pipeline-2021-02G Section III.C.2,"MFA or other controls commensurate with MFA; where MFA is not used for control room industrial control workstations under 49 CFR 192, specify the compensating controls.",Security directive (binding on TSA-designated owner/operators),Yes: TSA notified the company in 2021 that its pipeline system is critical (SD 02G Applicability; Section II.A.1),PR.AA-03; PR.AA-06,IA-2(1); IA-2(2); PE-3,Author mapping,MFA on all remote access and privileged logons at control center engineering workstations. Compensating controls specified for GCC and BCC HMIs. Station HMIs at 3 stations have neither MFA nor documented compensating controls,Plan section C.2; P07 IA-2 tests,Partially met,Station HMIs not covered by the documented approach,Moderate,Document interim compensating controls for station HMIs; individual badge-tap logins on replacements,SCADA and OT Engineering Manager,2027-06-30,"TSA NPRM Enhancing Surface Cyber Risk Management (Nov. 7, 2024) would codify these measures; not final as of 2026-09-25. SD 02G expires 2027-05-02"
G-019,TSA Security Directive Pipeline-2021-02G (C-ENERGY-R03),SD Pipeline-2021-02G Section III.C.3,"Manage access rights by least privilege and separation of duties, with compensating controls where not feasible.",Security directive (binding on TSA-designated owner/operators),Yes: TSA notified the company in 2021 that its pipeline system is critical (SD 02G Applicability; Section II.A.1),PR.AA-05,AC-5; AC-6; AC-6(5),Author mapping,Role-based SCADA access. 9 OT domain administrators (target 4); two SCADA engineers can approve their own changes,Privileged account list; change tool settings,Partially met,Excess privilege; self-approval possible,Moderate,Reduce administrators; enforce two-person approval,SCADA and OT Engineering Manager,2026-12-31,"TSA NPRM Enhancing Surface Cyber Risk Management (Nov. 7, 2024) would codify these measures; not final as of 2026-09-25. SD 02G expires 2027-05-02"
G-020,TSA Security Directive Pipeline-2021-02G (C-ENERGY-R03),SD Pipeline-2021-02G Section III.C.4,"Limit shared accounts to those critical for operations, and only if absolutely necessary.",Security directive (binding on TSA-designated owner/operators),Yes: TSA notified the company in 2021 that its pipeline system is critical (SD 02G Applicability; Section II.A.1),PR.AA-01,AC-2; IA-2,Author mapping,"Shared logins remain on 12 station HMIs at Compressor Stations 2, 4, and 5; not justified as operationally necessary in the plan",HMI account review (P07),Partially met,"Shared accounts used for convenience, not necessity",Moderate,Replace with individual logins (HMI replacement project),SCADA and OT Engineering Manager,2027-06-30,"TSA NPRM Enhancing Surface Cyber Risk Management (Nov. 7, 2024) would codify these measures; not final as of 2026-09-25. SD 02G expires 2027-05-02"
G-021,TSA Security Directive Pipeline-2021-02G (C-ENERGY-R03),SD Pipeline-2021-02G Section III.C.4.a,"Where shared accounts are used, limit access through account management that uses least privilege and separation of duties.",Security directive (binding on TSA-designated owner/operators),Yes: TSA notified the company in 2021 that its pipeline system is critical (SD 02G Applicability; Section II.A.1),PR.AA-05,AC-2; AC-6,Author mapping,Shared station logins have operator rights only; administrators use named accounts,Account rights export,Met,,,None,SCADA and OT Engineering Manager,,"TSA NPRM Enhancing Surface Cyber Risk Management (Nov. 7, 2024) would codify these measures; not final as of 2026-09-25. SD 02G expires 2027-05-02"
G-022,TSA Security Directive Pipeline-2021-02G (C-ENERGY-R03),SD Pipeline-2021-02G Section III.C.4.b,Ensure individuals who no longer need access do not know the shared account password.,Security directive (binding on TSA-designated owner/operators),Yes: TSA notified the company in 2021 that its pipeline system is critical (SD 02G Applicability; Section II.A.1),PR.AA-01,PS-4; IA-5,Author mapping,"Station passwords are changed every 12 months, not when a technician leaves; 3 technicians left those stations in the last year",Termination sample; password change log,Not met,Former staff may know current station passwords,Moderate,Change station passwords at every departure until individual logins are in place,SCADA and OT Engineering Manager,2026-10-31,"TSA NPRM Enhancing Surface Cyber Risk Management (Nov. 7, 2024) would codify these measures; not final as of 2026-09-25. SD 02G expires 2027-05-02"
G-023,TSA Security Directive Pipeline-2021-02G (C-ENERGY-R03),SD Pipeline-2021-02G Section III.C.5,Schedule for review of domain trust relationships and policies to manage them.,Security directive (binding on TSA-designated owner/operators),Yes: TSA notified the company in 2021 that its pipeline system is critical (SD 02G Applicability; Section II.A.1),PR.AA-05,CA-9; AC-3,Author mapping,No trust between the OT and business domains; annual trust review documented (2026-02),Domain trust export; review record,Met,,,None,SCADA and OT Engineering Manager,,"TSA NPRM Enhancing Surface Cyber Risk Management (Nov. 7, 2024) would codify these measures; not final as of 2026-09-25. SD 02G expires 2027-05-02"
G-024,TSA Security Directive Pipeline-2021-02G (C-ENERGY-R03),SD Pipeline-2021-02G Section III.D,"Continuous monitoring and detection policies and procedures to prevent, detect, and respond to threats and anomalies affecting Critical Cyber Systems.",Security directive (binding on TSA-designated owner/operators),Yes: TSA notified the company in 2021 that its pipeline system is critical (SD 02G Applicability; Section II.A.1),DE.CM-01,SI-4; CA-7,Author mapping,MSSP 24x7 monitoring of the SIEM and 4 OT sensors; gaps at 3 stations and field sites,Sensor coverage map,Partially met,See III.D.2.b and III.D.3,High,"Sensors at Compressor Stations 2, 4, and 5",Security Manager,2027-03-31,"TSA NPRM Enhancing Surface Cyber Risk Management (Nov. 7, 2024) would codify these measures; not final as of 2026-09-25. SD 02G expires 2027-05-02"
G-025,TSA Security Directive Pipeline-2021-02G (C-ENERGY-R03),SD Pipeline-2021-02G Section III.D.1.a,"Capability to prevent malicious email (spam, phishing) from adversely impacting operations.",Security directive (binding on TSA-designated owner/operators),Yes: TSA notified the company in 2021 that its pipeline system is critical (SD 02G Applicability; Section II.A.1),DE.CM-09,SI-8,Author mapping,Email filtering; no email access from OT,Mail filter reports,Met,,,None,IT Director,,"TSA NPRM Enhancing Surface Cyber Risk Management (Nov. 7, 2024) would codify these measures; not final as of 2026-09-25. SD 02G expires 2027-05-02"
G-026,TSA Security Directive Pipeline-2021-02G (C-ENERGY-R03),SD Pipeline-2021-02G Section III.D.1.b,Prohibit ingress and egress communications with known or suspected malicious IP addresses.,Security directive (binding on TSA-designated owner/operators),Yes: TSA notified the company in 2021 that its pipeline system is critical (SD 02G Applicability; Section II.A.1),DE.CM-01,SC-7; SI-4,Author mapping,Threat intelligence feeds on the business and cloud firewalls; DMZ firewalls block known malicious addresses,Firewall threat feed configuration,Met,,,None,OT Security Engineer,,"TSA NPRM Enhancing Surface Cyber Risk Management (Nov. 7, 2024) would codify these measures; not final as of 2026-09-25. SD 02G expires 2027-05-02"
G-027,TSA Security Directive Pipeline-2021-02G (C-ENERGY-R03),SD Pipeline-2021-02G Section III.D.1.c,Control the impact of known or suspected malicious web domains or web applications.,Security directive (binding on TSA-designated owner/operators),Yes: TSA notified the company in 2021 that its pipeline system is critical (SD 02G Applicability; Section II.A.1),DE.CM-01,SC-7; SC-20,Author mapping,DNS filtering for business IT and cloud workloads; OT has no internet access,DNS filter policy,Met,,,None,IT Director,,"TSA NPRM Enhancing Surface Cyber Risk Management (Nov. 7, 2024) would codify these measures; not final as of 2026-09-25. SD 02G expires 2027-05-02"
G-028,TSA Security Directive Pipeline-2021-02G (C-ENERGY-R03),SD Pipeline-2021-02G Section III.D.1.d,"Block and prevent unauthorized code, including macro scripts, from executing.",Security directive (binding on TSA-designated owner/operators),Yes: TSA notified the company in 2021 that its pipeline system is critical (SD 02G Applicability; Section II.A.1),PR.PS-05,CM-7(5); SI-3,Author mapping,Macros blocked in business IT; allowlisting on GCC and BCC HMIs and engineering workstations. Not on 22 station HMIs,Allowlisting console; P07,Partially met,Station HMIs can run unauthorized code,Moderate,Allowlisting on station HMIs (replacement project; interim on supported units),OT Security Engineer,2027-06-30,"TSA NPRM Enhancing Surface Cyber Risk Management (Nov. 7, 2024) would codify these measures; not final as of 2026-09-25. SD 02G expires 2027-05-02"
G-029,TSA Security Directive Pipeline-2021-02G (C-ENERGY-R03),SD Pipeline-2021-02G Section III.D.1.e,"Monitor and/or block connections from known or suspected malicious command and control servers, such as Tor exit nodes and other anonymization services.",Security directive (binding on TSA-designated owner/operators),Yes: TSA notified the company in 2021 that its pipeline system is critical (SD 02G Applicability; Section II.A.1),DE.CM-01,SC-7; SI-4,Author mapping,Anonymization service categories blocked at the business and cloud firewalls; MSSP alerts on attempts,Firewall policy; alert sample,Met,,,None,OT Security Engineer,,"TSA NPRM Enhancing Surface Cyber Risk Management (Nov. 7, 2024) would codify these measures; not final as of 2026-09-25. SD 02G expires 2027-05-02"
G-030,TSA Security Directive Pipeline-2021-02G (C-ENERGY-R03),SD Pipeline-2021-02G Section III.D.2.a,Procedures to audit unauthorized access to internet domains and addresses.,Security directive (binding on TSA-designated owner/operators),Yes: TSA notified the company in 2021 that its pipeline system is critical (SD 02G Applicability; Section II.A.1),DE.AE-02,AU-6,Author mapping,Monthly MSSP report on blocked and allowed-but-flagged destinations,MSSP monthly reports,Met,,,None,Security Manager,,"TSA NPRM Enhancing Surface Cyber Risk Management (Nov. 7, 2024) would codify these measures; not final as of 2026-09-25. SD 02G expires 2027-05-02"
G-031,TSA Security Directive Pipeline-2021-02G (C-ENERGY-R03),SD Pipeline-2021-02G Section III.D.2.b,Document and audit communications between OT and an external system that deviate from the identified baseline.,Security directive (binding on TSA-designated owner/operators),Yes: TSA notified the company in 2021 that its pipeline system is critical (SD 02G Applicability; Section II.A.1),DE.CM-01; DE.AE-02,SI-4; AU-6; CA-3,Author mapping,"Baseline and alerts at the GCC, BCC, and Compressor Stations 1 and 3. No baseline at 3 stations or for field telecommunications; the OEM path was never in any baseline",Sensor baselines; P07,Partially met,Deviations at most stations and in the field cannot be detected,High,Sensors and baselines at the remaining stations; field telecom baseline,Security Manager,2027-03-31,"TSA NPRM Enhancing Surface Cyber Risk Management (Nov. 7, 2024) would codify these measures; not final as of 2026-09-25. SD 02G expires 2027-05-02"
G-032,TSA Security Directive Pipeline-2021-02G (C-ENERGY-R03),SD Pipeline-2021-02G Section III.D.2.c,"Identify and respond to execution of unauthorized code, including macro scripts.",Security directive (binding on TSA-designated owner/operators),Yes: TSA notified the company in 2021 that its pipeline system is critical (SD 02G Applicability; Section II.A.1),DE.CM-09; RS.MA-01,SI-3; IR-4,Author mapping,EDR alerts in business IT and allowlisting alerts at control centers go to the MSSP. Station HMIs give no alert,EDR and allowlisting alert samples,Partially met,No detection at station HMIs,Moderate,Same as III.D.1.d,OT Security Engineer,2027-06-30,"TSA NPRM Enhancing Surface Cyber Risk Management (Nov. 7, 2024) would codify these measures; not final as of 2026-09-25. SD 02G expires 2027-05-02"
G-033,TSA Security Directive Pipeline-2021-02G (C-ENERGY-R03),SD Pipeline-2021-02G Section III.D.2.d,"Capabilities (such as SOAR) to define, prioritize, and drive standardized incident response.",Security directive (binding on TSA-designated owner/operators),Yes: TSA notified the company in 2021 that its pipeline system is critical (SD 02G Applicability; Section II.A.1),RS.MA-01,IR-4(1),Author mapping,MSSP orchestration playbooks for business IT; OT playbooks notify the Coordinator and the Director of Gas Control (no automated OT actions by design),Playbook list,Met,,,None,Security Manager,,"TSA NPRM Enhancing Surface Cyber Risk Management (Nov. 7, 2024) would codify these measures; not final as of 2026-09-25. SD 02G expires 2027-05-02"
G-034,TSA Security Directive Pipeline-2021-02G (C-ENERGY-R03),SD Pipeline-2021-02G Section III.D.3.a,Logging policies that require continuous collection and analysis of data for potential intrusions and anomalous behavior.,Security directive (binding on TSA-designated owner/operators),Yes: TSA notified the company in 2021 that its pipeline system is critical (SD 02G Applicability; Section II.A.1),PR.PS-04; DE.CM-01,AU-2; AU-12; SI-4,Author mapping,"Logs from SCADA servers, control center HMIs, firewalls, and gateways to the SIEM. Station HMIs at 3 stations and field devices not collected",SIEM source list,Partially met,Collection gaps at stations and field,Moderate,Add station HMI logs with the HMI replacement; field device syslog where supported,OT Security Engineer,2027-06-30,"TSA NPRM Enhancing Surface Cyber Risk Management (Nov. 7, 2024) would codify these measures; not final as of 2026-09-25. SD 02G expires 2027-05-02"
G-035,TSA Security Directive Pipeline-2021-02G (C-ENERGY-R03),SD Pipeline-2021-02G Section III.D.3.b,Ensure data is kept long enough for effective investigation of cybersecurity incidents.,Security directive (binding on TSA-designated owner/operators),Yes: TSA notified the company in 2021 that its pipeline system is critical (SD 02G Applicability; Section II.A.1),PR.PS-04,AU-11,Author mapping,OT logs 90 days in the SIEM; company standard 12 months,SIEM retention settings,Partially met,90 days is short for slow OT intrusions,Moderate,Route OT logs to the 12-month write-once archive,Security Manager,2026-12-31,"TSA NPRM Enhancing Surface Cyber Risk Management (Nov. 7, 2024) would codify these measures; not final as of 2026-09-25. SD 02G expires 2027-05-02"
G-036,TSA Security Directive Pipeline-2021-02G (C-ENERGY-R03),SD Pipeline-2021-02G Section III.D.4,Mitigation measures or manual controls so industrial control systems can be isolated when an IT incident creates risk to OT safety and reliability.,Security directive (binding on TSA-designated owner/operators),Yes: TSA notified the company in 2021 that its pipeline system is critical (SD 02G Applicability; Section II.A.1),RS.MI-01; PR.IR-03,SC-7; CP-2; IR-4,Author mapping,Isolation procedure and manual operation plan exist; isolation exercised in tabletop only,Isolation procedure; 2025 exercise report,Partially met,Isolation never performed live; time to isolate unknown,High,Live DMZ isolation drill at the BCC during a planned window,Director of Gas Control,2026-12-31,"TSA NPRM Enhancing Surface Cyber Risk Management (Nov. 7, 2024) would codify these measures; not final as of 2026-09-25. SD 02G expires 2027-05-02"
G-037,TSA Security Directive Pipeline-2021-02G (C-ENERGY-R03),SD Pipeline-2021-02G Section III.E,"Reduce the risk of exploitation of unpatched systems through security patches and updates for OS, applications, drivers, and firmware on Critical Cyber Systems, consistent with a risk-based methodology.",Security directive (binding on TSA-designated owner/operators),Yes: TSA notified the company in 2021 that its pipeline system is critical (SD 02G Applicability; Section II.A.1),PR.PS-02; ID.RA-01,SI-2; RA-5,Author mapping,Business IT patched within targets; OT on a quarterly cycle after vendor qualification,Patch register,Partially met,See III.E.2.b and III.E.3,Moderate,Close the KEV backlog,SCADA and OT Engineering Manager,2026-12-31,"TSA NPRM Enhancing Surface Cyber Risk Management (Nov. 7, 2024) would codify these measures; not final as of 2026-09-25. SD 02G expires 2027-05-02"
G-038,TSA Security Directive Pipeline-2021-02G (C-ENERGY-R03),SD Pipeline-2021-02G Section III.E.1,A patch management strategy that ensures all critical security patches and updates on Critical Cyber Systems are current.,Security directive (binding on TSA-designated owner/operators),Yes: TSA notified the company in 2021 that its pipeline system is critical (SD 02G Applicability; Section II.A.1),PR.PS-02,SI-2,Author mapping,Strategy in the plan; 6 critical OT items are not current or mitigated,Patch strategy; KEV tracker,Partially met,Critical OT items overdue,Moderate,Clear or mitigate the 6 items,SCADA and OT Engineering Manager,2026-12-31,"TSA NPRM Enhancing Surface Cyber Risk Management (Nov. 7, 2024) would codify these measures; not final as of 2026-09-25. SD 02G expires 2027-05-02"
G-039,TSA Security Directive Pipeline-2021-02G (C-ENERGY-R03),SD Pipeline-2021-02G Section III.E.2.a,The strategy includes a risk methodology for categorizing patches and an implementation timeline based on category and criticality.,Security directive (binding on TSA-designated owner/operators),Yes: TSA notified the company in 2021 that its pipeline system is critical (SD 02G Applicability; Section II.A.1),ID.RA-05,RA-3; SI-2,Author mapping,Methodology and timelines documented (Critical 30 days IT; next quarterly window OT),Patch strategy section E.2,Met,,,None,SCADA and OT Engineering Manager,,"TSA NPRM Enhancing Surface Cyber Risk Management (Nov. 7, 2024) would codify these measures; not final as of 2026-09-25. SD 02G expires 2027-05-02"
G-040,TSA Security Directive Pipeline-2021-02G (C-ENERGY-R03),SD Pipeline-2021-02G Section III.E.2.b,The strategy prioritizes all security patches and updates on the CISA Known Exploited Vulnerabilities Catalog.,Security directive (binding on TSA-designated owner/operators),Yes: TSA notified the company in 2021 that its pipeline system is critical (SD 02G Applicability; Section II.A.1),ID.RA-01; ID.RA-02,SI-2; SI-5; RA-5,Author mapping,KEV entries reviewed weekly; all 23 open KEV entries on OT reviewed: 6 past the mitigation timeline,KEV tracker (23 of 23),Partially met,KEV items not prioritized fast enough in OT,High,Monthly KEV review with Gas Control; out-of-cycle OT patch window for KEV items,SCADA and OT Engineering Manager,2026-12-31,"TSA NPRM Enhancing Surface Cyber Risk Management (Nov. 7, 2024) would codify these measures; not final as of 2026-09-25. SD 02G expires 2027-05-02"
G-041,TSA Security Directive Pipeline-2021-02G (C-ENERGY-R03),SD Pipeline-2021-02G Section III.E.3,"Where OT cannot be patched without severe degradation of operations, describe additional mitigations and a timeline.",Security directive (binding on TSA-designated owner/operators),Yes: TSA notified the company in 2021 that its pipeline system is critical (SD 02G Applicability; Section II.A.1),PR.PS-02; ID.AM-08,SA-22; SI-2,Author mapping,Mitigations documented for 6 of the 14 unsupported station HMIs; replacement funded for 2027,Unsupported component register,Partially met,8 unsupported HMIs without documented mitigations,Moderate,Document mitigations for all 14 now; replace by 2027-06-30,SCADA and OT Engineering Manager,2026-11-30,"TSA NPRM Enhancing Surface Cyber Risk Management (Nov. 7, 2024) would codify these measures; not final as of 2026-09-25. SD 02G expires 2027-05-02"
G-042,TSA Security Directive Pipeline-2021-02G (C-ENERGY-R03),SD Pipeline-2021-02G Section III.F.1,Maintain an up-to-date Cybersecurity Incident Response Plan for Critical Cyber Systems with measures to reduce the risk of operational disruption.,Security directive (binding on TSA-designated owner/operators),Yes: TSA notified the company in 2021 that its pipeline system is critical (SD 02G Applicability; Section II.A.1),ID.IM-04; RS.MA-01,IR-8; CP-2,Author mapping,Plan v2024.2 in place. Not updated for the operate-or-shut-down criteria or the 2025 changes,Plan v2024.2; P08,Partially met,Plan does not tie isolation and shutdown decisions to business critical functions,High,Adopt the P08 runbooks and decision criteria into the plan,Security Manager,2026-12-31,"TSA NPRM Enhancing Surface Cyber Risk Management (Nov. 7, 2024) would codify these measures; not final as of 2026-09-25. SD 02G expires 2027-05-02"
G-043,TSA Security Directive Pipeline-2021-02G (C-ENERGY-R03),SD Pipeline-2021-02G Section III.F.1.a,Measures for prompt containment of the infected server or device.,Security directive (binding on TSA-designated owner/operators),Yes: TSA notified the company in 2021 that its pipeline system is critical (SD 02G Applicability; Section II.A.1),RS.MI-01,IR-4,Author mapping,EDR isolation in business IT; OT containment by firewall rule and port shutdown,Plan section F.1.a; EDR test,Met,,,None,Security Manager,,"TSA NPRM Enhancing Surface Cyber Risk Management (Nov. 7, 2024) would codify these measures; not final as of 2026-09-25. SD 02G expires 2027-05-02"
G-044,TSA Security Directive Pipeline-2021-02G (C-ENERGY-R03),SD Pipeline-2021-02G Section III.F.1.b,"Segregation of infected networks or devices: remove infected devices; segregate devices that shared a network; preserve volatile memory before powering off or moving; isolate, secure, and label affected equipment.",Security directive (binding on TSA-designated owner/operators),Yes: TSA notified the company in 2021 that its pipeline system is critical (SD 02G Applicability; Section II.A.1),RS.MI-01; RS.AN-03,IR-4; IR-4(1),Author mapping,"Procedures for business IT, including memory capture by the IR retainer. No tested memory capture procedure for HMIs and SCADA servers",Plan section F.1.b; retainer contract,Partially met,"OT memory capture not prepared (tools, vendor approval)",Moderate,Vendor-approved memory capture kit for HMIs and SCADA servers; practice in the next exercise,OT Security Engineer,2027-03-31,"TSA NPRM Enhancing Surface Cyber Risk Management (Nov. 7, 2024) would codify these measures; not final as of 2026-09-25. SD 02G expires 2027-05-02"
G-045,TSA Security Directive Pipeline-2021-02G (C-ENERGY-R03),SD Pipeline-2021-02G Section III.F.1.c,"Security and integrity of backed-up data: secure backups, store them separately, and ensure they are free of known malicious code when made and when tested for restoral.",Security directive (binding on TSA-designated owner/operators),Yes: TSA notified the company in 2021 that its pipeline system is critical (SD 02G Applicability; Section II.A.1),PR.DS-11; RC.RP-03,CP-9; CP-9(1); SI-7,Author mapping,"Offline SCADA backups at the BCC, hash-checked and scanned. PLC logic backups missing at 3 stations; full rebuild not tested in 12 months",Backup logs; PLC backup register,Partially met,Gaps in coverage and restoral testing,High,Collect PLC logic at all stations; annual bare-metal rebuild test,SCADA and OT Engineering Manager,2026-12-31,"TSA NPRM Enhancing Surface Cyber Risk Management (Nov. 7, 2024) would codify these measures; not final as of 2026-09-25. SD 02G expires 2027-05-02"
G-046,TSA Security Directive Pipeline-2021-02G (C-ENERGY-R03),SD Pipeline-2021-02G Section III.F.1.d,Established capability and governance for isolating IT and OT in a cybersecurity incident that results or could result in operational disruption.,Security directive (binding on TSA-designated owner/operators),Yes: TSA notified the company in 2021 that its pipeline system is critical (SD 02G Applicability; Section II.A.1),RS.MI-01; GV.RR-02,SC-7; IR-4; CP-2,Author mapping,"Capability (DMZ firewall isolation) exists; governance names the Director of Gas Control. Criteria for when to isolate, operate manually, or shut down are not written",Plan section F.1.d; 2025 tabletop report,Partially met,Governance without decision criteria; executives defaulted to shutdown in 2025,High,P08 decision tree adopted into the plan; executive tabletop,Security Manager,2026-12-31,"TSA NPRM Enhancing Surface Cyber Risk Management (Nov. 7, 2024) would codify these measures; not final as of 2026-09-25. SD 02G expires 2027-05-02"
G-047,TSA Security Directive Pipeline-2021-02G (C-ENERGY-R03),SD Pipeline-2021-02G Section III.F.1.e,"Exercise the plan at least annually, testing at least two objectives in F.1.a to F.1.d, with the positions named in F.2 as active participants.",Security directive (binding on TSA-designated owner/operators),Yes: TSA notified the company in 2021 that its pipeline system is critical (SD 02G Applicability; Section II.A.1),ID.IM-02,IR-3; CP-4,Author mapping,2025 exercise (2025-11-18) tested containment and isolation with the named positions,Exercise report 2025,Met,,,"Run the 2026 exercise by 2026-11-17 on backup integrity and isolation, with a live isolation step",Security Manager,,"TSA NPRM Enhancing Surface Cyber Risk Management (Nov. 7, 2024) would codify these measures; not final as of 2026-09-25. SD 02G expires 2027-05-02"
G-048,TSA Security Directive Pipeline-2021-02G (C-ENERGY-R03),SD Pipeline-2021-02G Section III.F.2,Identify by position who implements each measure in the plan and the resources needed.,Security directive (binding on TSA-designated owner/operators),Yes: TSA notified the company in 2021 that its pipeline system is critical (SD 02G Applicability; Section II.A.1),GV.RR-02,IR-8,Author mapping,Positions and resources listed for each measure,Plan section F.2,Met,,,Add OSA lateral owner notices (P08),Security Manager,,"TSA NPRM Enhancing Surface Cyber Risk Management (Nov. 7, 2024) would codify these measures; not final as of 2026-09-25. SD 02G expires 2027-05-02"
G-049,TSA Security Directive Pipeline-2021-02G (C-ENERGY-R03),SD Pipeline-2021-02G Section III.G.1,Develop a Cybersecurity Assessment Plan to assess Critical Cyber Systems and identify and resolve vulnerabilities.,Security directive (binding on TSA-designated owner/operators),Yes: TSA notified the company in 2021 that its pipeline system is critical (SD 02G Applicability; Section II.A.1),ID.IM-01; ID.IM-02,CA-2; CA-7,Author mapping,Plan approved by TSA 2025-11-20,TSA approval,Met,,,None,Security Manager,,"TSA NPRM Enhancing Surface Cyber Risk Management (Nov. 7, 2024) would codify these measures; not final as of 2026-09-25. SD 02G expires 2027-05-02"
G-050,TSA Security Directive Pipeline-2021-02G (C-ENERGY-R03),SD Pipeline-2021-02G Section III.G.2.a,The assessment plan assesses the effectiveness of the TSA-approved Cybersecurity Implementation Plan.,Security directive (binding on TSA-designated owner/operators),Yes: TSA notified the company in 2021 that its pipeline system is critical (SD 02G Applicability; Section II.A.1),ID.IM-01,CA-2; CA-2(1),Author mapping,Co-sourced internal audit assesses plan measures; P07 is this year main assessment,P07 plan,Met,,,None,Security Manager,,"TSA NPRM Enhancing Surface Cyber Risk Management (Nov. 7, 2024) would codify these measures; not final as of 2026-09-25. SD 02G expires 2027-05-02"
G-051,TSA Security Directive Pipeline-2021-02G (C-ENERGY-R03),SD Pipeline-2021-02G Section III.G.2.b,"A cybersecurity architecture design review at least once every two years, including verification and validation of network traffic and system log review.",Security directive (binding on TSA-designated owner/operators),Yes: TSA notified the company in 2021 that its pipeline system is critical (SD 02G Applicability; Section II.A.1),ID.IM-02; ID.AM-03,CA-2; PL-8; CA-8,Author mapping,Third-party architecture design review in 2025 with traffic captures at the GCC and BCC and log review; next due 2027,Architecture review report 2025,Met,,,Include the 3 unmonitored stations in the 2027 review,Security Manager,2027-09-30,"TSA NPRM Enhancing Surface Cyber Risk Management (Nov. 7, 2024) would codify these measures; not final as of 2026-09-25. SD 02G expires 2027-05-02"
G-052,TSA Security Directive Pipeline-2021-02G (C-ENERGY-R03),SD Pipeline-2021-02G Section III.G.2.c,"Other assessment capabilities, such as penetration testing of IT and red and purple team testing.",Security directive (binding on TSA-designated owner/operators),Yes: TSA notified the company in 2021 that its pipeline system is critical (SD 02G Applicability; Section II.A.1),ID.IM-02; ID.RA-01,CA-8,Author mapping,Annual IT penetration test (2026-03). Purple team exercise on the remote access path planned for 2027 Q1,Penetration test report,Partially met,No adversarial-perspective testing of the IT/OT path yet,Low,Purple team exercise on the gateway path,Security Manager,2027-03-31,"TSA NPRM Enhancing Surface Cyber Risk Management (Nov. 7, 2024) would codify these measures; not final as of 2026-09-25. SD 02G expires 2027-05-02"
G-053,TSA Security Directive Pipeline-2021-02G (C-ENERGY-R03),SD Pipeline-2021-02G Section III.G.2.d,A schedule that assesses at least one-third of the plan measures each year and 100 percent over three years.,Security directive (binding on TSA-designated owner/operators),Yes: TSA notified the company in 2021 that its pipeline system is critical (SD 02G Applicability; Section II.A.1),ID.IM-01,CA-2; CA-7,Author mapping,28% of measures assessed in the plan year before P07; P07 adds measures that bring the year to about 36% if counted in the 2026 report,Assessment schedule tracker,Partially met,Year-one minimum depends on completing and reporting P07 on time,Moderate,Map P07 results to plan measures and include them in the 2026 report,Security Manager,2026-11-20,"TSA NPRM Enhancing Surface Cyber Risk Management (Nov. 7, 2024) would codify these measures; not final as of 2026-09-25. SD 02G expires 2027-05-02"
G-054,TSA Security Directive Pipeline-2021-02G (C-ENERGY-R03),SD Pipeline-2021-02G Section III.G.2.e,An annual report of assessment results: methods used in the previous 12 months and results of each assessment.,Security directive (binding on TSA-designated owner/operators),Yes: TSA notified the company in 2021 that its pipeline system is critical (SD 02G Applicability; Section II.A.1),ID.IM-01,CA-2; CA-5,Author mapping,2025 report submitted with methods and results; 2026 report in preparation,2025 report submission record,Met,,,Submit the 2026 report by 2026-11-20,Security Manager,2026-11-20,"TSA NPRM Enhancing Surface Cyber Risk Management (Nov. 7, 2024) would codify these measures; not final as of 2026-09-25. SD 02G expires 2027-05-02"
G-055,TSA Security Directive Pipeline-2021-02G (C-ENERGY-R03),SD Pipeline-2021-02G Section III.G.3,"Submit the Cybersecurity Assessment Plan annually for TSA approval, no later than 12 months after the previous approval.",Security directive (binding on TSA-designated owner/operators),Yes: TSA notified the company in 2021 that its pipeline system is critical (SD 02G Applicability; Section II.A.1),GV.OC-03,CA-2,Author mapping,Last approved 2025-11-20; update in preparation,Approval letter,Met,,,Submit the update by 2026-11-20,Security Manager,2026-11-20,"TSA NPRM Enhancing Surface Cyber Risk Management (Nov. 7, 2024) would codify these measures; not final as of 2026-09-25. SD 02G expires 2027-05-02"
G-056,TSA Security Directive Pipeline-2021-02G (C-ENERGY-R03),SD Pipeline-2021-02G Section III.G.4,Submit the annual report no later than 12 months after TSA approval of the most recent assessment plan.,Security directive (binding on TSA-designated owner/operators),Yes: TSA notified the company in 2021 that its pipeline system is critical (SD 02G Applicability; Section II.A.1),GV.OC-03,CA-2,Author mapping,2025 report submitted on time,Submission record,Met,,,Same as III.G.2.e,Security Manager,2026-11-20,"TSA NPRM Enhancing Surface Cyber Risk Management (Nov. 7, 2024) would codify these measures; not final as of 2026-09-25. SD 02G expires 2027-05-02"
G-057,TSA Security Directive Pipeline-2021-02G (C-ENERGY-R03),SD Pipeline-2021-02G Section IV.A,"When relying on previous plans, assessments, tests, and evaluations, keep an index of the records and their location in the SD sequence, incorporate them by reference in the plan, and make them available on request.",Security directive (binding on TSA-designated owner/operators),Yes: TSA notified the company in 2021 that its pipeline system is critical (SD 02G Applicability; Section II.A.1),GV.PO-01,SI-12; PL-2,Author mapping,Index exists (2024) but does not list the 2025 architecture review or the 2025 exercise,Records index,Partially met,Index out of date,Low,Update the index with every new record,Security Manager,2026-11-30,"TSA NPRM Enhancing Surface Cyber Risk Management (Nov. 7, 2024) would codify these measures; not final as of 2026-09-25. SD 02G expires 2027-05-02"
G-058,TSA Security Directive Pipeline-2021-02G (C-ENERGY-R03),SD Pipeline-2021-02G Section IV.B.1-2,"Store and transmit plans and reports, and audit, testing, or assessment results, consistent with 49 CFR Part 1520.",Security directive (binding on TSA-designated owner/operators),Yes: TSA notified the company in 2021 that its pipeline system is critical (SD 02G Applicability; Section II.A.1),PR.DS-01,MP-3; MP-4; AC-3,Author mapping,SSI repository with access control. 11 unmarked copies of plans and the 2025 assessment report found on a general file share,File share scan 2026-07-20,Partially met,SSI stored outside the repository without markings,Moderate,See the Part 1520 rows (G-117 to G-123),Security Manager,2026-11-30,"TSA NPRM Enhancing Surface Cyber Risk Management (Nov. 7, 2024) would codify these measures; not final as of 2026-09-25. SD 02G expires 2027-05-02"
G-059,TSA Security Directive Pipeline-2021-02G (C-ENERGY-R03),SD Pipeline-2021-02G Section IV.C.1,Make records necessary to establish compliance available to TSA on request for inspection or copying.,Security directive (binding on TSA-designated owner/operators),Yes: TSA notified the company in 2021 that its pipeline system is critical (SD 02G Applicability; Section II.A.1),GV.OC-03,SI-12; AU-11,Author mapping,Records produced for the 2025 TSA inspection within requested timeframes,2025 inspection correspondence,Met,,,None,Security Manager,,"TSA NPRM Enhancing Surface Cyber Risk Management (Nov. 7, 2024) would codify these measures; not final as of 2026-09-25. SD 02G expires 2027-05-02"
G-060,TSA Security Directive Pipeline-2021-02G (C-ENERGY-R03),SD Pipeline-2021-02G Section IV.C.2.a,"Hardware and software asset inventory, including SCADA, available for inspection.",Security directive (binding on TSA-designated owner/operators),Yes: TSA notified the company in 2021 that its pipeline system is critical (SD 02G Applicability; Section II.A.1),ID.AM-01; ID.AM-02,CM-8,Author mapping,Inventory about 85% complete for field devices; firmware unknown for about 20%,OT inventory export; field audit sample (3 sites),Partially met,Incomplete inventory,Moderate,Complete field inventory with crews and sensor discovery,SCADA and OT Engineering Manager,2027-03-31,"TSA NPRM Enhancing Surface Cyber Risk Management (Nov. 7, 2024) would codify these measures; not final as of 2026-09-25. SD 02G expires 2027-05-02"
G-061,TSA Security Directive Pipeline-2021-02G (C-ENERGY-R03),SD Pipeline-2021-02G Section IV.C.2.b,Firewall rules available for inspection.,Security directive (binding on TSA-designated owner/operators),Yes: TSA notified the company in 2021 that its pipeline system is critical (SD 02G Applicability; Section II.A.1),PR.IR-01,SC-7,Author mapping,Rule exports kept quarterly,Rule exports,Met,,,None,OT Security Engineer,,"TSA NPRM Enhancing Surface Cyber Risk Management (Nov. 7, 2024) would codify these measures; not final as of 2026-09-25. SD 02G expires 2027-05-02"
G-062,TSA Security Directive Pipeline-2021-02G (C-ENERGY-R03),SD Pipeline-2021-02G Section IV.C.2.c,"Network diagrams, switch and router configurations, architecture diagrams, public IP addresses, and VLANs available for inspection.",Security directive (binding on TSA-designated owner/operators),Yes: TSA notified the company in 2021 that its pipeline system is critical (SD 02G Applicability; Section II.A.1),ID.AM-03,CM-2; PL-8,Author mapping,Diagrams and configurations current for control centers and 2 stations; 3 stations out of date; OEM paths missing,Diagram set,Partially met,Diagrams incomplete for 3 stations,Moderate,Update station diagrams after the OEM survey,SCADA and OT Engineering Manager,2026-12-31,"TSA NPRM Enhancing Surface Cyber Risk Management (Nov. 7, 2024) would codify these measures; not final as of 2026-09-25. SD 02G expires 2027-05-02"
G-063,TSA Security Directive Pipeline-2021-02G (C-ENERGY-R03),SD Pipeline-2021-02G Section IV.C.2.d,"Policy, procedural, and other documents that informed the plans and assessments, and documented implementation.",Security directive (binding on TSA-designated owner/operators),Yes: TSA notified the company in 2021 that its pipeline system is critical (SD 02G Applicability; Section II.A.1),GV.PO-01,PL-2; SI-12,Author mapping,"POL-01 to POL-05, procedures, and plans in the SSI repository",Repository listing,Met,,,None,Security Manager,,"TSA NPRM Enhancing Surface Cyber Risk Management (Nov. 7, 2024) would codify these measures; not final as of 2026-09-25. SD 02G expires 2027-05-02"
G-064,TSA Security Directive Pipeline-2021-02G (C-ENERGY-R03),SD Pipeline-2021-02G Section IV.C.2.e,"Snapshot data of activity on and between IT and OT, such as log files, packet captures of up to 24 hours as directed by TSA, East-West OT traffic, and North-South IT/OT traffic.",Security directive (binding on TSA-designated owner/operators),Yes: TSA notified the company in 2021 that its pipeline system is critical (SD 02G Applicability; Section II.A.1),DE.CM-01; PR.PS-04,AU-11; SI-4,Author mapping,Sensors can capture 24 hours of traffic at 4 sites; no capture capability at 3 stations or field sites,Sensor capability statement,Partially met,Cannot produce snapshots for most stations,Moderate,Same as III.D.2.b,Security Manager,2027-03-31,"TSA NPRM Enhancing Surface Cyber Risk Management (Nov. 7, 2024) would codify these measures; not final as of 2026-09-25. SD 02G expires 2027-05-02"
G-065,TSA Security Directive Pipeline-2021-02G (C-ENERGY-R03),SD Pipeline-2021-02G Section V.C,Submit documents in the manner prescribed by TSA.,Security directive (binding on TSA-designated owner/operators),Yes: TSA notified the company in 2021 that its pipeline system is critical (SD 02G Applicability; Section II.A.1),GV.OC-03,PM-1,Author mapping,Submissions follow TSA instructions through the Coordinator,Submission records,Met,,,None,Security Manager,,"TSA NPRM Enhancing Surface Cyber Risk Management (Nov. 7, 2024) would codify these measures; not final as of 2026-09-25. SD 02G expires 2027-05-02"
G-066,TSA Security Directive Pipeline-2021-02G (C-ENERGY-R03),SD Pipeline-2021-02G Section VI.A,Request a plan amendment after any change to ownership or control of the operation.,Security directive (binding on TSA-designated owner/operators),Yes: TSA notified the company in 2021 that its pipeline system is critical (SD 02G Applicability; Section II.A.1),GV.OC-03,PL-2,Author mapping,No change in ownership or control since the 2024 amendment,Corporate records,Not applicable,,,Watch for sponsor transactions; amendment needed on any sale,General Counsel,,"TSA NPRM Enhancing Surface Cyber Risk Management (Nov. 7, 2024) would codify these measures; not final as of 2026-09-25. SD 02G expires 2027-05-02"
G-067,TSA Security Directive Pipeline-2021-02G (C-ENERGY-R03),SD Pipeline-2021-02G Section VI.B,"Request a plan amendment for permanent changes to approved policies, procedures, or measures, including measures found ineffective by III.G assessments and new capabilities not previously approved.",Security directive (binding on TSA-designated owner/operators),Yes: TSA notified the company in 2021 that its pipeline system is critical (SD 02G Applicability; Section II.A.1),GV.OC-03; ID.IM-04,CM-4; PL-2; CM-3,Author mapping,"Two permanent changes in 2025 (OT analytics account, 2025-05; replacement of the remote access gateway vendor, 2025-09) were not submitted",MOC records; plan v2024,Not met,Approved plan no longer matches the operation,High,File both amendment requests; add a TSA amendment check to the MOC form,Security Manager,2026-10-31,"TSA NPRM Enhancing Surface Cyber Risk Management (Nov. 7, 2024) would codify these measures; not final as of 2026-09-25. SD 02G expires 2027-05-02"
G-068,TSA Security Directive Pipeline-2021-02G (C-ENERGY-R03),SD Pipeline-2021-02G Section VI.D,"File an amendment request no later than 50 calendar days after the permanent change takes effect, unless TSA allows longer.",Security directive (binding on TSA-designated owner/operators),Yes: TSA notified the company in 2021 that its pipeline system is critical (SD 02G Applicability; Section II.A.1),GV.OC-03,CM-4,Author mapping,Both changes are well past 50 days,MOC records,Not met,Late filing,High,Same as VI.B; Coordinator to explain the delay to TSA,Security Manager,2026-10-31,"TSA NPRM Enhancing Surface Cyber Risk Management (Nov. 7, 2024) would codify these measures; not final as of 2026-09-25. SD 02G expires 2027-05-02"
G-069,TSA Security Directive Pipeline-2021-01G (C-ENERGY-R02),SD Pipeline-2021-01G Section III.A.1,Immediately confirm receipt of the SD to TSA by email.,Security directive (binding on TSA-designated owner/operators),Yes: TSA-designated owner/operator (SD 01G Section II.A.1),GV.OC-03,PM-1,Author mapping,Receipt of 01G confirmed,Email to TSA 2026-01-16,Met,,,None,Security Manager,,"SD 01G expires 2027-01-15; renewal expected. TSA NPRM (Nov. 7, 2024) not final as of 2026-09-25"
G-070,TSA Security Directive Pipeline-2021-01G (C-ENERGY-R02),SD Pipeline-2021-01G Section III.A.2-3,"Immediately disseminate the SD to senior management, security management, and implementing personnel, and brief all individuals responsible for implementing it.",Security directive (binding on TSA-designated owner/operators),Yes: TSA-designated owner/operator (SD 01G Section II.A.1),GV.RR-02; PR.AT-02,AT-2; PM-1,Author mapping,Distributed and briefed; briefing roster includes shift supervisors who make CISA reports after hours,Distribution and briefing roster 2026-01,Met,,,None,Security Manager,,"SD 01G expires 2027-01-15; renewal expected. TSA NPRM (Nov. 7, 2024) not final as of 2026-09-25"
G-071,TSA Security Directive Pipeline-2021-01G (C-ENERGY-R02),SD Pipeline-2021-01G Section II.B.1.a,Designate and use a primary and at least one alternate Cybersecurity Coordinator at the corporate level.,Security directive (binding on TSA-designated owner/operators),Yes: TSA-designated owner/operator (SD 01G Section II.A.1),GV.RR-02,PM-2,Author mapping,Primary: Security Manager. Alternates: an OT Security Engineer and the IT Director,Designation letter,Met,,,None,Chief Operating Officer,,"SD 01G expires 2027-01-15; renewal expected. TSA NPRM (Nov. 7, 2024) not final as of 2026-09-25"
G-072,TSA Security Directive Pipeline-2021-01G (C-ENERGY-R02),SD Pipeline-2021-01G Section II.B.1.b,Ensure the Coordinator or at least one alternate is a U.S. citizen eligible for a security clearance.,Security directive (binding on TSA-designated owner/operators),Yes: TSA-designated owner/operator (SD 01G Section II.A.1),GV.RR-02,PM-2; PS-3,Author mapping,All three coordinators are U.S. citizens; the primary holds an active clearance,HR attestation,Met,,,None,HR Director,,"SD 01G expires 2027-01-15; renewal expected. TSA NPRM (Nov. 7, 2024) not final as of 2026-09-25"
G-073,TSA Security Directive Pipeline-2021-01G (C-ENERGY-R02),SD Pipeline-2021-01G Section II.B.1.c,Conditions that apply if a non-U.S. citizen is designated as primary or alternate Coordinator.,Security directive (binding on TSA-designated owner/operators),Yes: TSA-designated owner/operator (SD 01G Section II.A.1),GV.RR-02,PM-2,Author mapping,No non-U.S. citizen is designated,Designation letter,Not applicable,,,None,Security Manager,,"SD 01G expires 2027-01-15; renewal expected. TSA NPRM (Nov. 7, 2024) not final as of 2026-09-25"
G-074,TSA Security Directive Pipeline-2021-01G (C-ENERGY-R02),SD Pipeline-2021-01G Section II.B.1.d-e,"Provide Coordinator names, titles, phone numbers, and email addresses to TSA, and keep them current within 7 days of any change.",Security directive (binding on TSA-designated owner/operators),Yes: TSA-designated owner/operator (SD 01G Section II.A.1),GV.RR-02,PM-2,Author mapping,Contacts on file with TSA. The IT Director was designated alternate on 2026-03-02 and submitted on 2026-03-14 (12 days),TSA submission emails,Partially met,One update exceeded 7 days,Low,Add contact updates to the HR change checklist for the 3 positions,Security Manager,2026-10-31,"SD 01G expires 2027-01-15; renewal expected. TSA NPRM (Nov. 7, 2024) not final as of 2026-09-25"
G-075,TSA Security Directive Pipeline-2021-01G (C-ENERGY-R02),"SD Pipeline-2021-01G Section II.B.2.a, c, d","Coordinators serve as the primary contact with TSA and CISA, coordinate cyber practices internally, and work with law enforcement and emergency response agencies.",Security directive (binding on TSA-designated owner/operators),Yes: TSA-designated owner/operator (SD 01G Section II.A.1),GV.RR-02; RS.CO-03,PM-2; IR-7,Author mapping,Coordinator leads TSA and CISA contact and chairs the monthly security operations review; FBI field office contact established,Meeting minutes; contact list,Met,,,None,Security Manager,,"SD 01G expires 2027-01-15; renewal expected. TSA NPRM (Nov. 7, 2024) not final as of 2026-09-25"
G-076,TSA Security Directive Pipeline-2021-01G (C-ENERGY-R02),SD Pipeline-2021-01G Section II.B.2.b,"Coordinators are accessible to TSA and CISA 24 hours a day, 7 days a week, including when the U.S. Government is closed.",Security directive (binding on TSA-designated owner/operators),Yes: TSA-designated owner/operator (SD 01G Section II.A.1),GV.RR-02,PM-2; IR-7,Author mapping,On-call phone rotates among the 3 coordinators; no published rota for holidays; one holiday test call (2025-12-25) answered after 2 hours,On-call log; test call record,Partially met,24x7 reachability depends on informal handoffs,Moderate,Published rota with MSSP escalation; quarterly test calls,Security Manager,2026-12-31,"SD 01G expires 2027-01-15; renewal expected. TSA NPRM (Nov. 7, 2024) not final as of 2026-09-25"
G-077,TSA Security Directive Pipeline-2021-01G (C-ENERGY-R02),SD Pipeline-2021-01G Section II.C.2,"Report cybersecurity incidents involving IT or OT systems the company operates or maintains: unauthorized access, malware, denial of service, physical attacks on network infrastructure, and other incidents with potential operational disruption.",Security directive (binding on TSA-designated owner/operators),Yes: TSA-designated owner/operator (SD 01G Section II.A.1),RS.CO-02; RS.MA-02,IR-6,Author mapping,2 incidents reported in 2025-2026 (account compromise from phishing; malware on a field tablet),CISA report records (2 of 2),Met,,,None,Security Manager,,"CIRCIA final rule not published as of 2026-09-25. As proposed, the company would be covered (226.2(b)(14)(iv) as corrected; also above the SBA size standard) and would report covered incidents to CISA within 72 hours and ransom payments within 24 hours"
G-078,TSA Security Directive Pipeline-2021-01G (C-ENERGY-R02),SD Pipeline-2021-01G Section II.C.3,"Report as soon as practicable, but no later than 72 hours after identifying a cybersecurity incident.",Security directive (binding on TSA-designated owner/operators),Yes: TSA-designated owner/operator (SD 01G Section II.A.1),RS.CO-02,IR-6,Author mapping,Both reports within 24 hours of identification,Incident register timestamps,Met,,,None,Security Manager,,"CIRCIA final rule not published as of 2026-09-25. As proposed, the company would be covered (226.2(b)(14)(iv) as corrected; also above the SBA size standard) and would report covered incidents to CISA within 72 hours and ransom payments within 24 hours"
G-079,TSA Security Directive Pipeline-2021-01G (C-ENERGY-R02),SD Pipeline-2021-01G Section II.C.4,Report to CISA Central using the CISA incident reporting system or by phone.,Security directive (binding on TSA-designated owner/operators),Yes: TSA-designated owner/operator (SD 01G Section II.A.1),RS.CO-02,IR-6,Author mapping,Both reports through cisa.gov/report,Report confirmations,Met,,,None,Security Manager,,"SD 01G expires 2027-01-15; renewal expected. TSA NPRM (Nov. 7, 2024) not final as of 2026-09-25"
G-080,TSA Security Directive Pipeline-2021-01G (C-ENERGY-R02),SD Pipeline-2021-01G Section II.C.5,"Report content (reporter, affected pipeline and location, threat description with dates, impact, planned responses), stating that it is made to satisfy the SD; submit an initial report on time and supplemental information within 24 hours of it becoming available.",Security directive (binding on TSA-designated owner/operators),Yes: TSA-designated owner/operator (SD 01G Section II.A.1),RS.CO-02,IR-6; IR-5,Author mapping,Content complete in both reports. The 2025 report was supplemented 3 days after new information became available; no written supplemental-reporting procedure,Report records,Partially met,Supplemental clock missed once,Low,Add the 24-hour supplemental rule and a report template to the incident plan (P08),Security Manager,2026-11-30,"SD 01G expires 2027-01-15; renewal expected. TSA NPRM (Nov. 7, 2024) not final as of 2026-09-25"
G-081,TSA Security Directive Pipeline-2021-01G (C-ENERGY-R02),SD Pipeline-2021-01G Section II.D.1-3,"Review Section 7 of the 2018 Pipeline Security Guidelines (Change 1, April 2021), assess practices, identify gaps and remediation with a timeline, and submit on TSA Form 1604 (not required again if previously submitted).",Security directive (binding on TSA-designated owner/operators),Yes: TSA-designated owner/operator (SD 01G Section II.A.1),ID.RA-01; ID.IM-01,RA-3; CA-5,Author mapping,Submitted in 2021; remediation items tracked to closure in the POA&M,Submission record 2021; POA&M,Met,,,None,Security Manager,,"SD 01G expires 2027-01-15; renewal expected. TSA NPRM (Nov. 7, 2024) not final as of 2026-09-25"
G-082,TSA Security Directive Pipeline-2021-01G (C-ENERGY-R02),SD Pipeline-2021-01G Section III.C; Section V,Notify TSA immediately if unable to implement any measure in the required timeframe; alternative measures may be proposed.,Security directive (binding on TSA-designated owner/operators),Yes: TSA-designated owner/operator (SD 01G Section II.A.1),GV.OC-03,PM-1,Author mapping,No 01G measure is outside its timeframe,Coordinator attestation,Met,,,Use the same notice path for the 02G milestones (II.B.2 row),Security Manager,,"SD 01G expires 2027-01-15; renewal expected. TSA NPRM (Nov. 7, 2024) not final as of 2026-09-25"
G-083,PHMSA Control Room Management (C-ENERGY-R04),49 CFR 192.631(a)(1),Have and follow written control room management procedures that implement the requirements of this section.,Mandatory (49 CFR 192.631),"Yes: controllers monitor and control the pipeline through SCADA and the system has compressor stations, so the 192.631(a)(1)(ii) reduced-procedure exception does not apply",ID.IM-04; GV.PO-01,PL-2; PL-1; SA-5,Author mapping,"Control room management manual (2010, revised 2025) covers roles, handover, fatigue, alarm management, change management, and training for the GCC and BCC",CRM manual rev. 2025; PHMSA 2024 inspection (no CRM findings),Met,,,None,Director of Gas Control,,None
G-084,PHMSA Control Room Management (C-ENERGY-R04),49 CFR 192.631(a)(2),"Integrate the procedures, as appropriate, with operating and emergency procedures required by 192.605 and 192.615.",Mandatory (49 CFR 192.631),"Yes: controllers monitor and control the pipeline through SCADA and the system has compressor stations, so the 192.631(a)(1)(ii) reduced-procedure exception does not apply",ID.IM-04,CP-2; IR-8,Author mapping,O&M manual and emergency plan reference the CRM manual; cyber annex to the emergency plan in draft,O&M manual; emergency plan section 7,Met,,,Adopt the cyber annex (P08),VP Operations,,None
G-085,PHMSA Control Room Management (C-ENERGY-R04),49 CFR 192.631(b)(1),Define a controller's authority and responsibility to make decisions and take actions during normal operations.,Mandatory (49 CFR 192.631),"Yes: controllers monitor and control the pipeline through SCADA and the system has compressor stations, so the 192.631(a)(1)(ii) reduced-procedure exception does not apply",GV.RR-02,PM-2; PS-9,Author mapping,"CRM manual section 2 defines controller authority, including authority to reduce pressure without approval",CRM manual s.2; controller interviews (3),Met,,,None,Director of Gas Control,,None
G-086,PHMSA Control Room Management (C-ENERGY-R04),49 CFR 192.631(b)(2),"Define a controller's role when an abnormal operating condition is detected, including specific actions and communication with others.",Mandatory (49 CFR 192.631),"Yes: controllers monitor and control the pipeline through SCADA and the system has compressor stations, so the 192.631(a)(1)(ii) reduced-procedure exception does not apply",GV.RR-02; RS.MA-03,IR-4; CP-2,Author mapping,"AOC response table lists loss of communication, pressure excursion, and unintended valve closure with actions and call lists",CRM manual s.3 and AOC table,Met,,,None,Director of Gas Control,,None
G-087,PHMSA Control Room Management (C-ENERGY-R04),49 CFR 192.631(b)(3),"Define a controller's role during an emergency, including specific actions and communication with others.",Mandatory (49 CFR 192.631),"Yes: controllers monitor and control the pipeline through SCADA and the system has compressor stations, so the 192.631(a)(1)(ii) reduced-procedure exception does not apply",GV.RR-02; RS.MA-01,IR-4; IR-8,Author mapping,Emergency role includes loss of SCADA integrity: controllers may move to manual operation or request shut-in without waiting for IT,CRM manual s.4 (rev. 2025),Met,,,None,Director of Gas Control,,None
G-088,PHMSA Control Room Management (C-ENERGY-R04),49 CFR 192.631(b)(4),Provide a method of recording controller shift changes and any hand-over of responsibility between controllers.,Mandatory (49 CFR 192.631),"Yes: controllers monitor and control the pipeline through SCADA and the system has compressor stations, so the 192.631(a)(1)(ii) reduced-procedure exception does not apply",GV.RR-02,AU-12,Author mapping,Electronic shift log with handover checklist,"Shift log sample (10 handovers, all complete)",Met,,,None,Director of Gas Control,,None
G-089,PHMSA Control Room Management (C-ENERGY-R04),49 CFR 192.631(b)(5),"Define the roles, responsibilities, and qualifications of others with authority to direct or supersede the specific technical actions of a controller.",Mandatory (49 CFR 192.631),"Yes: controllers monitor and control the pipeline through SCADA and the system has compressor stations, so the 192.631(a)(1)(ii) reduced-procedure exception does not apply",GV.RR-02; PR.AA-05,AC-5; AC-6; PS-9,Author mapping,Director of Gas Control and VP Operations authority defined. SCADA engineers have defined authority. The compressor OEM can change unit control settings remotely with no defined authority or controller notice,CRM manual s.2; P07 OEM finding,Partially met,Others who can change what the controller sees or controls are not all covered,Moderate,Define OEM and integrator authority and require controller notice before any change affecting control,Director of Gas Control,2026-10-31,None
G-090,PHMSA Control Room Management (C-ENERGY-R04),49 CFR 192.631(c)(1),"Implement sections 1, 4, 8, 9, 11.1, and 11.3 of API RP 1165 whenever a SCADA system is added, expanded, or replaced.",Mandatory (49 CFR 192.631),"Yes: controllers monitor and control the pipeline through SCADA and the system has compressor stations, so the 192.631(a)(1)(ii) reduced-procedure exception does not apply",PR.PS-01,SA-8; CM-2,Author mapping,2019 SCADA replacement documented display standards per API RP 1165,2019 SCADA project file; display standard,Met,,,None,SCADA and OT Engineering Manager,,None
G-091,PHMSA Control Room Management (C-ENERGY-R04),49 CFR 192.631(c)(2),Conduct point-to-point verification between SCADA displays and field equipment when field equipment is added or moved and when other safety-affecting changes are made to field equipment or SCADA displays.,Mandatory (49 CFR 192.631),"Yes: controllers monitor and control the pipeline through SCADA and the system has compressor stations, so the 192.631(a)(1)(ii) reduced-procedure exception does not apply",PR.PS-01,CM-3; CM-4,Author mapping,Point-to-point verification required by procedure; 3 of 25 sampled 2026 SCADA changes have no P2P record,MOC sample (25 of 112); P2P records,Partially met,Missing P2P records for 3 changes,Moderate,Verify the 3 changes; block release in the change tool until the P2P record is attached,Director of Gas Control,2026-11-30,None
G-092,PHMSA Control Room Management (C-ENERGY-R04),49 CFR 192.631(c)(3),"Test and verify an internal communication plan for manual operation of the pipeline at least once each calendar year, at intervals not exceeding 15 months.",Mandatory (49 CFR 192.631),"Yes: controllers monitor and control the pipeline through SCADA and the system has compressor stations, so the 192.631(a)(1)(ii) reduced-procedure exception does not apply",PR.IR-03; ID.IM-02,CP-4; CP-2,Author mapping,Manual operation communication plan tested 2025-10-21; 2026 test scheduled 2026-10-20,Test report 2025-10-21,Met,,,None,Director of Gas Control,,None
G-093,PHMSA Control Room Management (C-ENERGY-R04),49 CFR 192.631(c)(4),"Test any backup SCADA systems at least once each calendar year, at intervals not exceeding 15 months.",Mandatory (49 CFR 192.631),"Yes: controllers monitor and control the pipeline through SCADA and the system has compressor stations, so the 192.631(a)(1)(ii) reduced-procedure exception does not apply",PR.IR-03; RC.RP-01,CP-4; CP-7,Author mapping,BCC failover tested 2025-11-04,Test report,Met,,,Combine the 2026 test with a live DMZ isolation step,SCADA and OT Engineering Manager,,None
G-094,PHMSA Control Room Management (C-ENERGY-R04),49 CFR 192.631(c)(5),"Establish and implement procedures for when a different controller assumes responsibility, including the content of information to be exchanged.",Mandatory (49 CFR 192.631),"Yes: controllers monitor and control the pipeline through SCADA and the system has compressor stations, so the 192.631(a)(1)(ii) reduced-procedure exception does not apply",GV.RR-02,AU-12,Author mapping,"Handover checklist defines content (line pack, open work, alarms, AOCs)",Handover checklist; shift log sample,Met,,,None,Director of Gas Control,,None
G-095,PHMSA Control Room Management (C-ENERGY-R04),49 CFR 192.631(e),Have a written alarm management plan to provide for effective controller response to alarms.,Mandatory (49 CFR 192.631),"Yes: controllers monitor and control the pipeline through SCADA and the system has compressor stations, so the 192.631(a)(1)(ii) reduced-procedure exception does not apply",DE.AE-02,SI-4; CM-6,Author mapping,Alarm management plan (2024),Alarm management plan rev. 2024,Met,,,None,Director of Gas Control,,None
G-096,PHMSA Control Room Management (C-ENERGY-R04),49 CFR 192.631(e)(1),Review SCADA safety-related alarm operations using a process that ensures alarms are accurate and support safe pipeline operations.,Mandatory (49 CFR 192.631),"Yes: controllers monitor and control the pipeline through SCADA and the system has compressor stations, so the 192.631(a)(1)(ii) reduced-procedure exception does not apply",DE.AE-02,SI-4; CA-7,Author mapping,Quarterly alarm performance review,Alarm review minutes (4 quarters),Met,,,None,Director of Gas Control,,None
G-097,PHMSA Control Room Management (C-ENERGY-R04),49 CFR 192.631(e)(2),"Identify at least once each calendar month points affecting safety that have been taken off scan, had alarms inhibited, generated false alarms, or had forced or manual values beyond maintenance needs.",Mandatory (49 CFR 192.631),"Yes: controllers monitor and control the pipeline through SCADA and the system has compressor stations, so the 192.631(a)(1)(ii) reduced-procedure exception does not apply",DE.CM-09,SI-4; CM-6,Author mapping,Monthly off-scan and inhibited-alarm report reviewed by the Director of Gas Control,12 of 12 monthly reports (2025-08 to 2026-07),Met,,,None,Director of Gas Control,,None
G-098,PHMSA Control Room Management (C-ENERGY-R04),49 CFR 192.631(e)(3),"Verify the correct safety-related alarm set-point values and alarm descriptions at least once each calendar year, at intervals not exceeding 15 months.",Mandatory (49 CFR 192.631),"Yes: controllers monitor and control the pipeline through SCADA and the system has compressor stations, so the 192.631(a)(1)(ii) reduced-procedure exception does not apply",PR.PS-01,CM-6; CM-2,Author mapping,Safety-related alarm set-points verified 2026-03; interval tracked in the compliance tracker,Set-point verification record 2026-03-17,Met,,,None,Director of Gas Control,,None
G-099,PHMSA Control Room Management (C-ENERGY-R04),49 CFR 192.631(e)(4),"Review the alarm management plan at least once each calendar year, at intervals not exceeding 15 months, to determine its effectiveness.",Mandatory (49 CFR 192.631),"Yes: controllers monitor and control the pipeline through SCADA and the system has compressor stations, so the 192.631(a)(1)(ii) reduced-procedure exception does not apply",ID.IM-04,CA-7; PL-2,Author mapping,Plan review completed February 2026,Review memo 2026-02-09,Met,,,None,Director of Gas Control,,None
G-100,PHMSA Control Room Management (C-ENERGY-R04),49 CFR 192.631(e)(5),"Monitor the content and volume of general activity directed to each controller at least once each calendar year, at intervals not exceeding 15 months.",Mandatory (49 CFR 192.631),"Yes: controllers monitor and control the pipeline through SCADA and the system has compressor stations, so the 192.631(a)(1)(ii) reduced-procedure exception does not apply",DE.AE-02,SI-4,Author mapping,Workload study completed January 2026,Workload study 2026-01,Met,,,None,Director of Gas Control,,None
G-101,PHMSA Control Room Management (C-ENERGY-R04),49 CFR 192.631(e)(6),Address deficiencies identified through (e)(1) through (e)(5).,Mandatory (49 CFR 192.631),"Yes: controllers monitor and control the pipeline through SCADA and the system has compressor stations, so the 192.631(a)(1)(ii) reduced-procedure exception does not apply",ID.IM-02,CA-5,Author mapping,Deficiencies from (e)(1)-(e)(5) tracked in the compliance tracker and closed,Compliance tracker,Met,,,None,Director of Gas Control,,None
G-102,PHMSA Control Room Management (C-ENERGY-R04),49 CFR 192.631(f)(1),"Establish communications between control room representatives, management, and field personnel when planning and implementing physical changes to pipeline equipment or configuration.",Mandatory (49 CFR 192.631),"Yes: controllers monitor and control the pipeline through SCADA and the system has compressor stations, so the 192.631(a)(1)(ii) reduced-procedure exception does not apply",PR.PS-01,CM-3,Author mapping,Management of change form requires control room sign-off for physical changes,MOC forms (sample of 6),Met,,,None,VP Operations,,None
G-103,PHMSA Control Room Management (C-ENERGY-R04),49 CFR 192.631(f)(2),Require field personnel to contact the control room when emergency conditions exist and when making field changes that affect control room operations.,Mandatory (49 CFR 192.631),"Yes: controllers monitor and control the pipeline through SCADA and the system has compressor stations, so the 192.631(a)(1)(ii) reduced-procedure exception does not apply",RS.CO-02,CP-2,Author mapping,Field procedure requires a call to Gas Control before and after field changes,Field procedure FP-12; call log sample,Met,,,None,VP Operations,,None
G-104,PHMSA Control Room Management (C-ENERGY-R04),49 CFR 192.631(f)(3),Seek control room or control room management participation in planning before significant hydraulic or configuration changes.,Mandatory (49 CFR 192.631),"Yes: controllers monitor and control the pipeline through SCADA and the system has compressor stations, so the 192.631(a)(1)(ii) reduced-procedure exception does not apply",PR.PS-01,CM-3; CM-4,Author mapping,Hydraulic and SCADA configuration changes include Gas Control. Model vendor updates that change controller alerts bypass MOC,MOC records; model deployment history,Partially met,Changes to controller-facing alerts bypass control room planning,Moderate,Route model updates through MOC with Gas Control sign-off (P10),SCADA and OT Engineering Manager,2026-11-30,None
G-105,PHMSA Control Room Management (C-ENERGY-R04),49 CFR 192.631(g)(1),"Review Part 191 reportable incidents to determine whether control room actions contributed, and correct deficiencies including SCADA system configuration and performance.",Mandatory (49 CFR 192.631),"Yes: controllers monitor and control the pipeline through SCADA and the system has compressor stations, so the 192.631(a)(1)(ii) reduced-procedure exception does not apply",ID.IM-02,IR-4; CA-5,Author mapping,Procedure in place; no Part 191 reportable incident since 2019,CRM manual s.8; incident log,Met,,,None,Director of Gas Control,,None
G-106,PHMSA Control Room Management (C-ENERGY-R04),49 CFR 192.631(g)(2),Include lessons learned from operating experience in the controller training program.,Mandatory (49 CFR 192.631),"Yes: controllers monitor and control the pipeline through SCADA and the system has compressor stations, so the 192.631(a)(1)(ii) reduced-procedure exception does not apply",ID.IM-02; PR.AT-02,AT-3,Author mapping,Near-miss reviews added to annual training,Training outline 2026,Met,,,None,Director of Gas Control,,None
G-107,PHMSA Control Room Management (C-ENERGY-R04),49 CFR 192.631(h),"Establish a controller training program and review its content at least once each calendar year, at intervals not exceeding 15 months.",Mandatory (49 CFR 192.631),"Yes: controllers monitor and control the pipeline through SCADA and the system has compressor stations, so the 192.631(a)(1)(ii) reduced-procedure exception does not apply",PR.AT-02,AT-3; AT-1,Author mapping,Training program reviewed January 2026,Training review memo 2026-01-20,Met,,,None,Director of Gas Control,,None
G-108,PHMSA Control Room Management (C-ENERGY-R04),49 CFR 192.631(h)(1),Train controllers to respond to abnormal operating conditions likely to occur simultaneously or in sequence.,Mandatory (49 CFR 192.631),"Yes: controllers monitor and control the pipeline through SCADA and the system has compressor stations, so the 192.631(a)(1)(ii) reduced-procedure exception does not apply",PR.AT-02,AT-3; IR-2,Author mapping,"Scenarios include 3 cyber-caused AOCs (loss of SCADA, false data, forced manual operation)",Training scenarios 2026,Met,,,None,Director of Gas Control,,None
G-109,PHMSA Control Room Management (C-ENERGY-R04),49 CFR 192.631(h)(2),Use a computerized simulator or non-computerized (tabletop) method to train controllers to recognize abnormal operating conditions.,Mandatory (49 CFR 192.631),"Yes: controllers monitor and control the pipeline through SCADA and the system has compressor stations, so the 192.631(a)(1)(ii) reduced-procedure exception does not apply",PR.AT-02,AT-3,Author mapping,Annual tabletop,Tabletop records 2025,Met,,,None,Director of Gas Control,,None
G-110,PHMSA Control Room Management (C-ENERGY-R04),49 CFR 192.631(h)(3),Train controllers on their communication responsibilities under the emergency response procedures.,Mandatory (49 CFR 192.631),"Yes: controllers monitor and control the pipeline through SCADA and the system has compressor stations, so the 192.631(a)(1)(ii) reduced-procedure exception does not apply",PR.AT-02; RS.CO-02,AT-3; IR-2,Author mapping,Covered in annual emergency plan training,Training roster 2025,Met,,,None,Director of Gas Control,,None
G-111,PHMSA Control Room Management (C-ENERGY-R04),49 CFR 192.631(h)(4),"Provide controllers a working knowledge of the pipeline system, especially during abnormal operating conditions.",Mandatory (49 CFR 192.631),"Yes: controllers monitor and control the pipeline through SCADA and the system has compressor stations, so the 192.631(a)(1)(ii) reduced-procedure exception does not apply",PR.AT-02,AT-3,Author mapping,Pipeline familiarization and field visits for new controllers,Training records (sample of 10 of 28 controllers),Met,,,None,Director of Gas Control,,None
G-112,PHMSA Control Room Management (C-ENERGY-R04),49 CFR 192.631(h)(5),"For infrequently used operating setups, give controllers an opportunity to review procedures in advance.",Mandatory (49 CFR 192.631),"Yes: controllers monitor and control the pipeline through SCADA and the system has compressor stations, so the 192.631(a)(1)(ii) reduced-procedure exception does not apply",PR.AT-02,AT-3,Author mapping,Manual operation plan reviewed before each annual test,Review sign-in sheets,Met,,,None,Director of Gas Control,,None
G-113,PHMSA Control Room Management (C-ENERGY-R04),49 CFR 192.631(h)(6),Control room team training and exercises that include controllers and others who would reasonably collaborate with them.,Mandatory (49 CFR 192.631),"Yes: controllers monitor and control the pipeline through SCADA and the system has compressor stations, so the 192.631(a)(1)(ii) reduced-procedure exception does not apply",PR.AT-02; ID.IM-02,AT-3; IR-3,Author mapping,"Team exercises include shift supervisors, field supervisors, SCADA engineers, and the Security Manager. Compressor station technicians are not included",Exercise roster 2025,Partially met,Station staff who would operate locally in a cyber event are not in team exercises,Low,Add station technicians and the MSSP to the next team exercise,Director of Gas Control,2027-03-31,None
G-114,PHMSA Control Room Management (C-ENERGY-R04),49 CFR 192.631(i),"Submit procedures to PHMSA, upon request.",Mandatory (49 CFR 192.631),"Yes: controllers monitor and control the pipeline through SCADA and the system has compressor stations, so the 192.631(a)(1)(ii) reduced-procedure exception does not apply",GV.OC-03,PL-2,Author mapping,Procedures provided to PHMSA during the 2024 inspection,PHMSA 2024 inspection letter,Met,,,None,Director of Pipeline Safety and Compliance,,None
G-115,PHMSA Control Room Management (C-ENERGY-R04),49 CFR 192.631(j)(1),Maintain for review during inspection records that demonstrate compliance with this section.,Mandatory (49 CFR 192.631),"Yes: controllers monitor and control the pipeline through SCADA and the system has compressor stations, so the 192.631(a)(1)(ii) reduced-procedure exception does not apply",GV.OC-03,AU-11; SI-12,Author mapping,"Records kept, except the 3 missing P2P records",Records index,Partially met,Records gap for (c)(2),Moderate,Close the (c)(2) gap; quarterly records self-check,Director of Pipeline Safety and Compliance,2026-12-31,None
G-116,PHMSA Control Room Management (C-ENERGY-R04),49 CFR 192.631(j)(2),Maintain documentation to demonstrate that any deviation from the procedures was necessary for safe operation.,Mandatory (49 CFR 192.631),"Yes: controllers monitor and control the pipeline through SCADA and the system has compressor stations, so the 192.631(a)(1)(ii) reduced-procedure exception does not apply",GV.OC-03,AU-11,Author mapping,Deviation log in place; 2 deviations in 2025 documented,Deviation log,Met,,,None,Director of Gas Control,,None
G-117,49 CFR Part 1520 SSI duties triggered by SD 02G Section IV.B (C-ENERGY-R03),49 CFR 1520.9(a)(1),Take reasonable steps to safeguard SSI from unauthorized disclosure; store it in a secure container or locked room when not in physical possession.,Mandatory (49 CFR Part 1520 for covered persons),"Yes: the company is a covered person (49 CFR 1520.7(j), (k), and (l)) because it holds SSI created under the TSA directives and submitted a vulnerability assessment to TSA",PR.DS-01,MP-4; AC-3,Author mapping,SSI repository with access control; locked cabinets at the GCC. 11 unmarked copies on a general file share open to about 140 staff,File share scan 2026-07-20,Partially met,SSI outside the controlled repository,Moderate,Remove copies; data loss rule that blocks SSI markings outside the repository,Security Manager,2026-10-31,None
G-118,49 CFR Part 1520 SSI duties triggered by SD 02G Section IV.B (C-ENERGY-R03),49 CFR 1520.9(a)(2),"Disclose SSI only to covered persons who have a need to know, unless TSA authorizes otherwise in writing.",Mandatory (49 CFR Part 1520 for covered persons),"Yes: the company is a covered person (49 CFR 1520.7(j), (k), and (l)) because it holds SSI created under the TSA directives and submitted a vulnerability assessment to TSA",PR.DS-01; PR.AA-05,AC-3; AC-21,Author mapping,Repository access limited to 24 named people; the file share copies were reachable by staff without a need to know,Repository access list; share permissions,Partially met,Need-to-know not enforced for the stray copies,Moderate,Same as 1520.9(a)(1); annual review of repository access,Security Manager,2026-10-31,None
G-119,49 CFR Part 1520 SSI duties triggered by SD 02G Section IV.B (C-ENERGY-R03),49 CFR 1520.9(a)(3),Refer requests for SSI by other persons to TSA.,Mandatory (49 CFR Part 1520 for covered persons),"Yes: the company is a covered person (49 CFR 1520.7(j), (k), and (l)) because it holds SSI created under the TSA directives and submitted a vulnerability assessment to TSA",GV.OC-03,AC-21,Author mapping,"Procedure routes requests (for example from lateral owners or auditors) to the Coordinator, who refers them to TSA",SSI procedure; 1 request log entry (2026-02),Met,,,None,Security Manager,,None
G-120,49 CFR Part 1520 SSI duties triggered by SD 02G Section IV.B (C-ENERGY-R03),49 CFR 1520.9(a)(4); 1520.13,"Mark SSI with the protective marking SENSITIVE SECURITY INFORMATION and the distribution limitation statement on covers, title pages, and each page, or conspicuously on electronic records.",Mandatory (49 CFR Part 1520 for covered persons),"Yes: the company is a covered person (49 CFR 1520.7(j), (k), and (l)) because it holds SSI created under the TSA directives and submitted a vulnerability assessment to TSA",PR.DS-01,MP-3,Author mapping,Templates for TSA plans carry both markings. The 11 stray copies were exports without markings,Templates; stray copies,Partially met,Exports lose markings,Moderate,Mark exports automatically; train the 24 covered staff each year,Security Manager,2026-11-30,None
G-121,49 CFR Part 1520 SSI duties triggered by SD 02G Section IV.B (C-ENERGY-R03),49 CFR 1520.9(a)(5); 1520.19(b),Destroy SSI completely when no longer needed to carry out transportation security measures.,Mandatory (49 CFR Part 1520 for covered persons),"Yes: the company is a covered person (49 CFR 1520.7(j), (k), and (l)) because it holds SSI created under the TSA directives and submitted a vulnerability assessment to TSA",PR.DS-01; PR.PS-03,MP-6,Author mapping,Shredding bins at the GCC; secure deletion for retired files,Destruction log,Met,,,None,Security Manager,,None
G-122,49 CFR Part 1520 SSI duties triggered by SD 02G Section IV.B (C-ENERGY-R03),49 CFR 1520.9(b),"When a record containing SSI is received unmarked, mark it and inform the sender.",Mandatory (49 CFR Part 1520 for covered persons),"Yes: the company is a covered person (49 CFR 1520.7(j), (k), and (l)) because it holds SSI created under the TSA directives and submitted a vulnerability assessment to TSA",PR.DS-01,MP-3,Author mapping,Procedure in place; one unmarked TSA attachment marked and sender told in 2025,Procedure; email record,Met,,,None,Security Manager,,None
G-123,49 CFR Part 1520 SSI duties triggered by SD 02G Section IV.B (C-ENERGY-R03),49 CFR 1520.9(c),"When SSI has been released to unauthorized persons, promptly inform TSA.",Mandatory (49 CFR Part 1520 for covered persons),"Yes: the company is a covered person (49 CFR 1520.7(j), (k), and (l)) because it holds SSI created under the TSA directives and submitted a vulnerability assessment to TSA",RS.CO-02,IR-6,Author mapping,"After counsel review, the Coordinator informed TSA of the file share exposure on 2026-07-24 (4 days after discovery)",Email to TSA,Met,,,Set a 1-business-day internal target for SSI exposure reports,General Counsel,,None
