risk_id,threat_event,threat_source,threat_source_type,vulnerability_or_predisposing_condition,affected_asset_or_process,likelihood_initiation,likelihood_adverse_impact,overall_likelihood,impact,risk_level,csf2_category,sp800_53_controls,regulatory_driver,existing_controls,treatment,treatment_plan,owner,due_date,target_residual_risk,status,last_reviewed,division,related_risk_ids
NE-001,A known vulnerability in an SYS-E1 remote access gateway is exploited to reach customer networks and the Carrier management plane,Nation-state actor,Adversarial,Internet-facing gateways; patching outside the 14-day target in 2026; persistent tunnels,SYS-E1 gateways,High,Moderate,Moderate,Very High,High,PR.PS,SI-2; AC-17; SC-7,Customer contracts; C-COMMUNICATIONS-R01 (64.2010(a)),EDR on gateway hosts; vendor advisories,Mitigate,Patch within 72 hours for known exploited flaws; replace persistent tunnels with on-demand brokered sessions,Engineering MNO general manager,2027-03-31,Moderate,In progress,2026-07-31,Network Engineering Services,GR-01
NE-002,Shared gateway administrator accounts are stolen or misused,Any adversary; insider,Adversarial,Six shared administrator accounts,SYS-E1 gateways,Moderate,High,Moderate,High,Moderate,PR.AA,IA-5; AC-2; AC-6(5),Customer contracts,Accounts stored in the PAM vault,Mitigate,Named accounts through PAM with session recording,Engineering MNO general manager,2026-12-31,Low,In progress,2026-07-31,Network Engineering Services,GR-01
NE-003,Gateway intrusion goes undetected,Any adversary,Structural,Gateway and collector logs not in the SIEM,SYS-E1,High,Moderate,Moderate,High,Moderate,DE.CM,SI-4; AU-6,Customer contracts,Local logs 30 days,Mitigate,Onboard to the SIEM,Group SOC director,2026-12-31,Low,In progress,2026-07-31,Network Engineering Services,GR-09
NE-004,Customer outage or incident notices miss contract deadlines (30 minutes; 24 or 72 hours),Process gap,Structural,Notices are manual; not in the group IR plan,BP-E01,Moderate,High,Moderate,High,Moderate,RS.CO,IR-6; IR-8,Customer contracts; Fla. Stat. 501.171(6),MNO shift procedures,Mitigate,Notice register by customer; automated outage notices; include in P08 matrix,Engineering MNO general manager,2026-12-15,Low,In progress,2026-07-31,Network Engineering Services,GR-04
NE-005,Engineering operators misuse Carrier or customer subscriber data in tickets,Insider,Adversarial,Legacy cross-tenant role; customer tickets include subscriber names and addresses,SYS-C1 MNO tenant,Moderate,Moderate,Moderate,High,Moderate,PR.AA,AC-3; AC-6; AT-3,Customer contracts; C-COMMUNICATIONS-R01 (64.2007(b)),Confidentiality agreements,Mitigate,Role removal (GR-02); CPNI and customer data training,Engineering MNO general manager,2026-11-30,Low,In progress,2026-07-31,Network Engineering Services,GR-02
NE-006,Covered equipment is shipped to a federal project or the Carrier and not reported within 1 business day,Supplier,Structural,Manual screening without records,BP-E05,Moderate,Moderate,Moderate,High,Moderate,GV.SC,SR-3; SR-5,N54-R04 (FAR 52.204-25(d)); 47 CFR 1.50007,Authorized distributors,Mitigate,Automated screening; reporting procedure,Engineering supply chain director,2026-12-31,Low,In progress,2026-07-31,Network Engineering Services,GR-07
NE-007,Federal contract information leaves the enclave or media is not sanitized,Insider error,Non-adversarial (accidental),Two project offices lack disposal records and visitor logs,SYS-E2 FCI enclave,Moderate,Low,Low,Moderate,Low,PR.DS,MP-6; PE-8; AC-4,"N54-R04 (52.204-21(b)(1)(vii), (ix))",Enclave with copy controls,Mitigate,Disposal and visitor procedures at all project offices,Engineering federal contracts compliance manager,2026-12-31,Very Low,In progress,2026-07-31,Network Engineering Services,
NE-008,Ransomware halts design and project systems,Cybercriminal ransomware group,Adversarial,Shared identity and hub,SYS-E2,High,Moderate,Moderate,Moderate,Moderate,PR.IR,CP-9; SI-3,Customer contracts,Immutable backups; EDR,Mitigate,Restore test of SYS-E2 each quarter,Engineering security and compliance lead,2027-03-31,Low,In progress,2026-07-31,Network Engineering Services,GR-03
NE-009,An MNO operator's remote change causes a customer outage,Operator error,Non-adversarial (accidental),Change approvals vary by customer,Customer networks,Moderate,Moderate,Moderate,High,Moderate,PR.PS,CM-3; CM-5,Customer contracts,Customer change windows,Mitigate,One change procedure with peer review for all customers,Engineering MNO general manager,2027-01-31,Low,In progress,2026-07-31,Network Engineering Services,
NE-010,Hurricane overloads crews and the MNO center,Hurricane,Environmental,Shared crews across divisions,BP-E01; BP-E04,High,Low,Moderate,Moderate,Moderate,RC.RP,CP-2,Customer contracts,Storm plan,Mitigate,Joint storm plan (GR-11),Engineering construction vice president,2027-05-31,Low,Open,2026-07-31,Network Engineering Services,GR-11
NE-011,Customers leave because no SOC 2 report is available by 2027,Market,Structural,Readiness gaps in P09,BP-E01,Moderate,Moderate,Moderate,Moderate,Moderate,GV.OC,CA-2,Customer contracts,Questionnaire responses,Mitigate,P09 readiness plan; Type 1 by 2027-06-30,Engineering MNO general manager,2027-12-31,Low,In progress,2026-07-31,Network Engineering Services,
NE-012,Generative design assistant produces flawed designs or leaks customer designs,Model error; data leakage,Non-adversarial (accidental),Pilot with 120 designers,AI-005,Moderate,Low,Low,Moderate,Low,GV.RM,SA-9; RA-3,Customer contracts,Professional engineer review of every design,Mitigate,AI standard conditions (P10),Engineering operations vice president,2026-12-31,Very Low,In progress,2026-07-31,Network Engineering Services,GR-05
NE-013,Subcontracted crews misuse customer site access or designs,Third party,Adversarial,About 40 subcontractors,Customer sites; SYS-E2,Moderate,Low,Low,Moderate,Low,GV.SC,PS-7; SA-9,Customer contracts,Background checks; contract terms,Accept,Accepted by the Engineering security and compliance lead,Engineering security and compliance lead,2026-09-17,Low,Closed,2026-07-31,Network Engineering Services,
NE-014,AI alarm triage suppresses a reportable outage alarm,Model error,Non-adversarial (accidental),Triage model auto-closes duplicate alarms,AI-006,Low,Moderate,Low,High,Low,GV.RM,SI-4; CA-7,Customer contracts,Operators see suppressed alarms in a queue,Mitigate,Never auto-close alarms tagged 911 or special facility; weekly sample review,Engineering MNO general manager,2026-11-30,Very Low,In progress,2026-07-31,Network Engineering Services,GR-05
